name,phone,segment,city,rating,reviews,address,website
"MCM IIT-JEE & NEET Academy - Best Neet coaching in Patna,Best IIT-JEE coaching in Patna",917992250244,NEET/JEE,Patna,4.7,367,"AC-P-3, Road no. 5, Kendriya Vidyalaya Rd, Vidyapuri, Sachiwalay Colony, Kankarbagh, Bankman Colony, Patna, Bihar 800020",https://mcmpatna.com/
Base Point - Best NEET Coaching in Patna | Best IIT JEE Coaching in Patna | Best Science Coaching in Patna,917979919133,NEET/JEE,Patna,4.9,326,"A-66, Sachiwalay Colony, Near Dr. Alka Pandey clinic, Doctors Colony, Jogipur, Kankarbagh, Bankman Colony, Patna, Bihar 800020",http://basepoint.in/
"Bansal Classes Patna - Best IIT-JEE / NEET Coaching in Patna , Bihar",919135699903,NEET/JEE,Patna,4.9,33,"Oppt Dayal Dental Care, Bansal Building, West Boring Canal Rd, Baldwin Gali, Anandpuri, Patna, Bihar 800001",https://www.bansalpatna.com/
Delta Success Point,917903454942,NEET/JEE,Patna,4.6,133,"New Kunj Colony, near NMCH Railway Crossing, Saketpuri, Bahadurpur, Patna, Bihar 800006",
"Sri Chaitanya Academy - Best IIT JEE & NEET Coaching in kankarbagh, Patna",919100499885,NEET/JEE,Patna,4.3,124,"2nd Floor, Suraj Trade Centre Between Nandan Tower &, near Krissh Hyundai, Kankarbagh Colony More, Kankarbagh, Mithapur, Patna, Bihar 800020",https://srichaitanyaacademy.net/centres/sri-chaitanya-patna-coaching-centre-kankarbagh
Yashobhoomi Institute – Best IIT-JEE & NEET Coaching in Patna,919661267444,NEET/JEE,Patna,5,16,"Yashobhoomi Institute, behind Sant Nirankari Bhawan, near New Bus Stand, Elahibagh, Paijawa, Patna, Bihar 800007",https://yashobhoomi.net/
"Physics Wallah Vidyapeeth Coaching Center Patna Boring Road | IIT JEE, NEET & Foundation",918047359212,NEET/JEE,Patna,4.8,94,"3rd & 6th Floor, West Boring Canal Rd, Anandpuri, Patna, Bihar 800001",https://www.pw.live/offline-centres/batches/vidyapeeth/patna-br/patna---boring-road-vidyapeeth-496283
"Aakash Institute - Best NEET & IIT-JEE Coaching in Patna, Anisabad",918800013152,NEET/JEE,Patna,4.8,44,"3rd & 4th Flr, Samidha Commercial Cplx, Khagaul Rd, above KFC, New Paharpur, Police Colony, Anisabad, Patna, Bihar 800002",https://centers.aakash.ac.in/aakash-institute-best-neet-iit-jee-coaching-in-patna-anisabad-coaching-center-anisabad-patna-505796/Home?utm_source=locator&utm_medium=googleplaces
"Vedantu Learning Centre Patna - Offline (VLC), Boring Road - JEE / NEET / Foundation",919108076572,NEET/JEE,Patna,4.8,150,"Boring Rd, Sri Krishna Puri, Patna, Bihar 800001",https://www.vedantu.com/offline-centres/patna/boring-road?utm_source=organic&utm_medium=googlemybusiness&utm_campaign=offline
SHRI MANGALAM INSTITUTE |SMI,919798273181,NEET/JEE,Patna,4.8,227,"Road, Kanti Factory Rd, near Khusi Hospital, Bahadurpur Housing Colony, Kankarbagh, Bankman Colony, Patna, Bihar 800020",http://www.smipatna.com/
MAX.WELL INSTITUTE,918540077009,NEET/JEE,Patna,4.8,191,"Langertoli Gali, near Machhuatoli, opp. fakharuddin plaza, Langar Toli, chauraha, Patna, Bihar 800004",
"Sri Chaitanya Academy - IIT JEE & NEET Coaching in Boring Road, Patna Centre",917996668865,NEET/JEE,Patna,4.4,142,"4th floor, Plot no - 134, ABC Tower, Main, Boring Rd, opposite Harihar Chambers, Nageshwar Colony, Buddha Colony, Dhakanpura, Patna, Bihar 800001",https://srichaitanyaacademy.net/centres/sri-chaitanya-patna-coaching-centre-boringroad
Career Point,917209776677,NEET/JEE,Patna,3.7,247,"E9, P C Colony Rd, opposite Sai Lions netralay, Kankarbagh, Patna, Bihar 800020",https://careerpoint.ac.in/center/patna/contact
"ALLEN Career Institute - Kankarbagh Campus, Patna | IIT JEE, NEET & Foundation Coaching",917291970049,NEET/JEE,Patna,4,363,"Second Floor, Deoki commercial complex, Doctors Colony, Kankarbagh, Lohia Nagar, Patna, Bihar 800020",https://www.allen.ac.in/patna/?utm_source=GMB&utm_medium=Organic&utm_campaign=ALLEN_Career_Institute_Kankarbagh_Patna
"Score High Institute - Best Coaching | NEET & IIT-JEE | Class11 | Boring Road, Patna",919264443147,NEET/JEE,Patna,4.9,77,"Chanakya Public School, B-56, opp. Chitragupt Bhawan, Police Colony, Anisabad, Patna, Bihar 800001",https://www.scorehighinstitute.com/
"Resonance Patna - Best IITJEE Coaching In Boring Road,Patna | Best NEET Coaching In Patna | Neet classes patna",919263632243,NEET/JEE,Patna,4.1,54,"4th Floor, Ashoka Tower, E Boring Canal Rd, above i Destiny, Kidwaipuri, Patna, Bihar 800001",https://www.resonanceedupatna.com/
"KC Physics Classes-Best physics coaching in Patna |best physics teacher for IIT JEE & NEET IN Kankarbagh,Patna,Bihar|",916206577310,NEET/JEE,Patna,4.9,241,"44, L-2, Kendriya Vidyalaya Rd, near Dr. Shanti Roy Resident, P.I.T Colony, Jogipur, Kankarbagh, Bankman Colony, Patna, Bihar 800020",
"Sri Chaitanya Academy - Best IIT JEE & NEET Coaching in Saguna More, Patna",919122153808,NEET/JEE,Patna,4.9,46,"Sri Chaitanya Academy – Saguna More, Center, Arya Samaj Mandir Rd, near Union Bank of India, RPS More, S. K. Puram, Patna, Bihar 801503",https://srichaitanyaacademy.net/centres/sri-chaitanya-patna-coaching-centre-sagunamore
SARVOTTAM BIOLOGY By Dr. Prabhat Ranjan | Best Biology teacher for NEET in Patna,919199356307,NEET/JEE,Patna,5,131,"NEWKUNJ COLONY, J53F+9V4, near Bazaar Samiti Road, Saketpuri, Bahadurpur, Patna, Bihar 800006",
MEDJEE CLASSES (IIT-JEE/NEET),918789036568,NEET/JEE,Patna,4.7,62,"Beside Sipara-bridge, Jayprakash Nagar, Sipara, Patna, Bihar 800001",
Rishikulam Pathshala | Best IIT JEE Coaching in Patna | Best NEET Coaching in Patna,919835212304,NEET/JEE,Patna,4.6,89,"H5X5+HR9, Sachiwalay Colony, Kankarbagh, Bankman Colony, Patna, Bihar 800020",
"Royal Classes (A premier coaching institute for IIT-JEE /NEET & +2. Also for VIII, IX, X ( CBSE/ BSEB) & I.A (ARTS)",916207791557,NEET/JEE,Patna,4.8,43,"Bhagat Singh Chouk, West Ramkrishna Nagar, Kankarbagh, Ramkrishan Nagar, Patna, Bihar 800027",https://jsdl.in/RSL-XJQ1743579191
"Vidyamandir classes, Kankarbagh Patna | IIT JEE, NEET & Foundation Classes",919534200600,NEET/JEE,Patna,4.8,315,"NMCH More, Bahadurpur, Patna, Bihar 800026",https://www.vidyamandir.com/patna/iit-jee-coaching.html
Goal Institute- Best NEET & IIT JEE Coaching in Gola Road Patna,917564902125,NEET/JEE,Patna,4.1,223,"Gola Rd, near Gyanodaya Gurukul, Nizamat, Danapur, Patna, Bihar 801503",http://www.goalinstitute.org/
topper guidance academy,916201881331,NEET/JEE,Patna,4.9,186,"L2/2, Rajesh Kumar Path, in front of krishna apartment, Sri Krishna Puri, Patna, Bihar 800001",https://www.topperguidanceacademy.com/
DAMS Patna (Delhi Academy of Medical Sciences Pvt. Ltd.),918071737431,NEET/JEE,Patna,4.8,104,"1st Floor, Vijay Bhavan, Chauraha, RK Ave, near Dinkar, Machhua Toli, Patna, Bihar 800004",
Physics Classes by IITian Santosh Kunal | best IIT JEE & NEET classes in Patna | best physics teacher in Patna,916201797870,NEET/JEE,Patna,4.8,376,"P-3, Kendriya Vidyalaya Rd, Vidyapuri, Jogipur, Kankarbagh, Bankman Colony, Patna, Bihar 800020",https://physicsbyiitiansantoshkunal.com/
ICONIC CLASSES,917903993958,NEET/JEE,Patna,4.8,223,"1st Floor, Heera Panna Complex, Sudama Bhawan, Lane, Boring Rd, opposite to AMS Park, Anandpuri, Patna, Bihar 800001",https://www.iconicclasses.in/
Motion Education Patna,919031017641,NEET/JEE,Patna,4.2,137,"4-B, Opposite Bikaner Sweets, Shri Krishna Puri, Sahdev Mahto Marg, Boring Rd, Sri Krishna Puri, Patna, Bihar 800001",https://patnacenter.motion.ac.in/
CONCEPT WALA IIT JEE NEET CLASS BY M K SINGH SIR,919031732868,NEET/JEE,Patna,5,24,"HANUMAN MARKET, Kanti Factory Rd, opp. Rajendra public school, Kankarbagh, Bankman Colony, Patna, Bihar 800020",http://conceptwala.created.app/
"Perfect Mathematics Classes-Best coaching for class 10th,11th, 12th, IIT-JEE, NDA, CUET IN Boring Road Patna",919155962008,NEET/JEE,Patna,4.9,88,"Birat Complex Between Jamuna and, Krishna apartment, Boring Rd, Anandpuri, Patna, Bihar 800001",https://www.perfectmathematicsclasses.in/
Vidyapeeth Academy(VPA),918448446676,NEET/JEE,Patna,4.1,324,"VPA- Vidyapeeth Academy 2nd Floor ,Grand Plaza Old Jakkanpur, Lodipur, Old Jakkanpur, Fraser Road Area, Patna, Bihar 800001",
Alliant Academy,919709795038,NEET/JEE,Patna,5,134,"Children's Park Rd, beside of motion education, Sri Krishna Puri, Patna, Bihar 800001",https://www.alliantacademy.com/
Global iit/medical academy,918676962551,NEET/JEE,Patna,4.5,127,"Saket Vihar More, H3JQ+P7H, Khagaul Rd, New Paharpur, Saket Vihar, Anisabad, Patna, Bihar 800002",https://www.globaliitmedical.com/
Physics for IIT JEE (Er. M.K. Thakur),917004179675,NEET/JEE,Patna,5,82,"A5, near kendriya vidyalaya, Sachiwalay Colony, Kankarbagh, Patna, Bihar 800020",
Pathshala institute,919386775489,NEET/JEE,Patna,4.7,163,"Rd Number 12, Rajendra Nagar, Patna, Bihar 800016",http://www.cpathshala.com/
Udaan Career Institute,918002888900,NEET/JEE,Patna,4.7,220,"1st Floor, Ashok Tower, E Boring Canal Rd, opposite devrani jethani, Kidwaipuri, Patna, Bihar 800001",https://udaanedu.com/
"Unacademy Coaching Centre - Patna Kankarbagh | IIT JEE, NEET & Foundation Classes",916366527043,NEET/JEE,Patna,4.2,201,"3rd Floor, J43X+C4R N P Tower, Kangkar Bagh Road, opp. Jalan Shop, Kankarbagh Colony More, Kankarbagh, Ghrounda, Patna, Bihar 800001",https://unacademy.com/goal/jee-neet-coaching/JVITK/centre/Patna-Centre/RBDRKX34JZ
Excellence Coaching,916287594791,NEET/JEE,Patna,4.7,29,"Raj Residency, Above Shivam Hotel Behind Ankur Hotel, Near Alankar Palace, Boring Rd, Kidwaipuri, Patna, Bihar 800001",
The Brilliant Classes // 4th to 12th,919334927462,NEET/JEE,Patna,4.8,50,"Ramnagri Rd, Ramnagri, Ashiana Nagar Phase 1, Rukanpura, Patna, Bihar 800025",https://thebrilliant.in/
Sarvoday Classes - Home Tuition,919263392961,NEET/JEE,Patna,5,8,"Baba Chowk, North Patel Nagar, Keshri Nagar, Patna, Bihar 800023",https://sarvodayclasses.figma.site/
Top Tutorial,918434734095,NEET/JEE,Patna,4.8,276,"H. No. - 20, A N Path, Boring Rd, Block - A, North Sri Krishna Puri, Patna, Bihar 800013",
Pragati science classes,918651359636,NEET/JEE,Patna,4.3,111,"Professor Colony Nahar Road, Shahganj Gali, near सरगम उत्सव हॉल, Musallahpur Hat, Muhammadpur, Patna, Bihar 800006",
Focus Home Tuition,916299905280,NEET/JEE,Patna,4.9,279,"ganga utsav hall, near, Janta Rd, Naya Tola, Yarpur, Gardanibagh, Patna, Bihar 800001",https://focushometuition.in/
Truly Mentor Academy,919934703020,NEET/JEE,Patna,5,115,"J29W+9CW Truly Mentor Academy, Mangalam Rd, near Manya Resort RPS, Mangalam Colony, Kaliket Nagar, Danapur, Patna, Bihar 801503",https://www.trulymentoracademy.com/
Tution Time Home Tuition Centre,917783835069,NEET/JEE,Patna,5,256,"2/22, Jagdeo Path, near Pillar no 7, Jyotipuram Colony, SBI colony, Rukanpura, Patna, Bihar 800014",http://tuitiontimeglobal.com/
A. K. Science Tutorial,919431045413,NEET/JEE,Patna,4.8,353,"107, Sukriti Apartment, South P, SP Verma Rd, Old Jakkanpur, Lodipur, Patna, Bihar 800001",https://patna.homestuition.in/
Magadh Science Coaching- Best Coaching for Class 11th & 12th in Patna | Top Coaching for IIT-JEE & NEET in Patna,919006059235,NEET/JEE,Patna,4.1,112,"Rd Number 13A, Bazar Samiti, Rajendra Nagar, Patna, Bihar 800016",https://www.magadhsciencecoaching.com/
Future Scholars Classes,917545863013,NEET/JEE,Patna,4.9,142,"B-9, 2nd Floor, P C Colony Rd, People Cooperative Colony, Kankarbagh, Patna, Bihar 800020",https://www.futurescholars.in/
Mahavir Home Tuition,919546360134,NEET/JEE,Patna,4.9,217,"Near, R.K, Dwarika College Ganga Vishnu Nagar, St Michael School, Gali, Road No. 3, Chiraiyatand, Ashok Nagar, Kankarbagh, Patna, Bihar 800020",https://mahavirhometuition.in/
"Curious Minds - Best Arts Coaching in Patna, Boring road",917563049154,NEET/JEE,Patna,4.9,57,"Ground Floor Dpl House, Dadiji Lane, Boring Rd, opposite Fashion planet, Anandpuri, Patna, Bihar 800001",https://artsforcbseandbiharboard.com/
Universal Home Tuition,918540870106,NEET/JEE,Patna,4.7,347,"1st floor,House no.28 North SK Puri,Kasturbapath, Boring Rd, jamuna gali, Anandpuri, Patna, Bihar 800013",http://www.universalhometuition.com/
Chemistry Educare,918510895639,NEET/JEE,Patna,5,27,"2 Nd Floor, Sheela Sadan, Road. 1 D, Shivaji Colony, Beur, Anisabad, Patna, Bihar 800032",https://chemistryeducare.com/
Gyan - Vidya Mandir,919810454771,NEET/JEE,Patna,4.8,102,"2nd Floor, PNB Building, near Doctor's Colony, Housing Board Colony, Kankarbagh, Patrakar Nagar, Patna, Bihar 800020",http://gyanvidyamandir.in/
Home Tutor | Home Tuition in Patna,919470631925,NEET/JEE,Patna,4.9,16,"Vijay Path, near Mudeswari Trident Ashopur, Mustafapur, Patna, Bihar 801105",http://www.nancyhometuition.in/
Aditya Classes,919123477458,NEET/JEE,Patna,4.8,152,"J38X+5JW North of PTC Colony, NO.02, Anju Villa Marg, near Powergrid Gate, West Patel Nagar, Adarsh Colony, North Shastri Nagar, Patna, Bihar 800023",https://adityaclassespatna.org/
Aman Home Tuition Bureau - Best Home Tutors in Patna,916299286072,NEET/JEE,Patna,5,12,"south of, Panch Mandir Rd, West Patel Nagar, Adarsh Colony, North Shastri Nagar, Patna, Bihar 800024",https://amantuitionpatna.in/
Physics Classes ( By SK JHA Sir ),919709788781,NEET/JEE,Patna,4.8,324,"A 109 houshingColony, near east of panch shiv mandir back of kankarbagh sports complex, Housing Board Colony, Kankarbagh, Patna, Bihar 800020",
Dhruva Academy,919065413935,NEET/JEE,Patna,4.9,107,"2/22, S. B, House no 2, I. colony, Bailey Rd, opposite Pillar no.- 07, Jagdeo Path, Rukanpura, Patna, Bihar 800014",http://www.dhruvaacademy.in/
Practical padhai classes,918877880992,NEET/JEE,Patna,5,82,"Chandra raj complex, east of, Gola Rd, opposite of shubham friends marriage garden, near St Karen's high school, Vivek Vihar Colony, Patna, Bihar 801503",
Innovative Classes,917856949300,NEET/JEE,Patna,4.8,217,"Arrah Garden Rd, opposite Pillar No.-04, above Anand Vastralaya, Jagdeo Path, Dhanaut, Patna, Bihar 800014",
Progress Home Tuition,918709327795,NEET/JEE,Patna,4.9,64,"Gate No.-3, Ahmad Campus, Alinagar Main Rd, Ali Nagar Colony, Anisabad, Patna, Bihar 800002",https://patna.homestuition.in/
GUARANTEE TUTORIAL,916299707250,NEET/JEE,Patna,4.7,238,"Janak Plaza, West Boring Canal Rd, near Udyan Hospital, North Anandpuri, Anandpuri, Patna, Bihar 800001",
Anupama Home Tuition,919431623201,NEET/JEE,Patna,3.5,133,"150-F, Boring Rd, Sri Krishna Puri, Patna, Bihar 800001",https://www.anupamahometuition.co.in/
Rebel Science Tutorial,916202731809,NEET/JEE,Patna,5,15,"E Boring Canal Rd, near Panchmukhi Hanuman Mandir, Sri Krishna Nagar, Kidwaipuri, Patna, Bihar 800001",https://rebelclasses.blogspot.com/?m=1
Yug Tution zone,919234578023,NEET/JEE,Patna,4.9,21,"Danapur Main Rd, near Biscuit Factory Road, Nasriganj, Mithila Colony, More Nizamat, Danapur, Patna, Bihar 800012",
Educare Home Tuition,919570421195,NEET/JEE,Patna,4.7,106,"Al-Hira Public School, 6, Shahganj Gali, beside Tulip Plaza Marriage Hall, Sultanganj, Muhammadpur, Patna, Bihar 800006",https://g.co/kgs/SUtTf4S
QUARKS CLASSES | 6th to 12th all subj | NEET | JEE |,919079809022,NEET/JEE,Patna,4.8,123,"Vijay Yadav Path, Danapur - Khagaul Rd, near The Tribhuvan school, Lekha nagar, Mustafapur, Danapur, Patna, Bihar 801105",https://quarks-classes.com/?utm_source=gmb&utm_medium=referral
Nancy Coaching Classes | Home Tuition,918987385362,NEET/JEE,Patna,5,70,"Road, Vijay Path, near Tribhuwan School, Ashopur, Mustafapur, Patna, Bihar 801105",https://patna.homestuition.in/
Clear Concept Tutorials,919852214186,NEET/JEE,Patna,4.7,51,"2M/105,, 2M/105, Bahadurpur Housing Colony, Mahatma Gandhi Nagar, Chitragupta Nagar, Patna, Bihar 800026",
Ideal Home Tuition,919608922002,NEET/JEE,Patna,4.8,37,"Pili Kothi, Kali Mandir Rd, RPS Nagar, PGS, Kaliket Nagar, Danapur, Patna, Bihar 801503",https://idealhometuition.in/
Expert Home Tuition,916209179724,NEET/JEE,Patna,4.9,10,"PRDA Colony, Shivpuri, Chitkohra, Patna, Bihar 800002",
Achiever's Arts Academy- Top & Best Arts Coaching in Boring Road Patna,917856850200,NEET/JEE,Patna,4.8,247,"Near Yamuna Apartment, 2nd Floor, Check Post, Shiv Laxmi Niwas, Boring Rd, Anandpuri, Patna, Bihar 800013",https://achieversartsacademy.in/
Vardaan Classes -,917321894941,NEET/JEE,Patna,4.9,201,"E Boring Canal Rd, crossing, Kidwaipuri, Patna, Bihar 800001",http://www.vardaanclasses.in/
Maxx Home Tuition,919852304330,NEET/JEE,Patna,4.7,20,"Sk - 9, Malahi Pakari Chowk, near Doctors Colony, East Indira Nagar, Kankarbagh, Patrakar Nagar, Patna, Bihar 800020",https://maxx.homestuition.in/
Success Home Tuition || Home Tutor || Home Tuition In Patna,919296257265,NEET/JEE,Patna,5,9,"H.No. - 243, Park, Shree Krishnapuri, Boring Rd, near S. K. Puri, Anandpuri, Patna, Bihar 800001",https://hometuitioninpatna.com/
Ram Science Centre,919570917737,NEET/JEE,Patna,4.6,99,"North Of Kendriya Vidyalaya, Near Heart Hospital, B-25, Kankarbagh, Patrakar Nagar, Patna, Bihar 800020",
"Catalyzers Institute | Best institute for IIT-JEE ,Neet and Boards",917737976414,NEET/JEE,Kota,4.9,160,"House No MPB39, Main Rd, Mahaveer Nagar-I, Mahaveer Nagar Housing Board Colony, Mahaveer Nagar, Kota, Rajasthan 324008",http://www.catalyzers.live/
Shikhar Institute - Top JET / CUET & Top NEET Coaching in Kota | Best Agriculture Coaching in Kota,919828775695,NEET/JEE,Kota,5,128,"Keshavpura, Talwandi, Kota, Rajasthan 324005",https://shikhar-institute-top.grexa.site/
Best physics and chemistry coaching in kota | Tutorial Point,919509703253,NEET/JEE,Kota,4.8,341,"District Centre, Plot no. 224-225, New Jawahar Nagar, Talwandi, Kota, Rajasthan 324005",https://tutorialpointkota.in/
BeWise Classes | NEET Coaching Kota,919416566619,NEET/JEE,Kota,4.7,198,"H. No A, 01, near Mittal Heart Centre, New Jawahar Nagar, Talwandi, Kota, Rajasthan 324005",http://bewiseclasses.com/
Nissan Classes Private Limited - Best JEE coaching institute in kota I JEE Coaching in mahaveer nagar I JEE classes in kota,918696119111,NEET/JEE,Kota,4.3,201,"2, Y-5, Mahaveer Nagar 3, Mahaveer Nagar Housing Board Colony, Mahaveer Nagar, Kota, Rajasthan 324005",https://www.nissanshkota.com/
KTM Sir Physics | Premium JEE (Main & Advanced) & NEET Mentorship,917357138771,NEET/JEE,Kota,4.9,176,"1 Q, 26, Sector 1, Talwandi, Kota, Rajasthan 324005",https://youtube.com/@ktmsirphysics1?si=jxqVqBuVnX9qwZvX
"Physics Wallah Vidyapeeth Coaching Center Helpline | IIT JEE, NEET Classes",917428890305,NEET/JEE,Kota,4.1,181,"Career Point Tower 2, Plot No.E-8 (l, Rd Number 1, Indraprastha Industrial Area, Kota, Rajasthan 324005",https://www.pw.live/scholarship/nsat/vidyapeeth?utm_source=GMB&utm_medium=organic&utm_campaign=NSAT_24
Margdarshan Career Institute Kota,919466866501,NEET/JEE,Kota,5,250,"Margdarshan Tower, 1, opposite to Landmark City Road, Kunadi, Electricity Board Area, Kota, Rajasthan 324008",
Career Point CP Tower 2,918047250011,NEET/JEE,Kota,4.1,315,"Plot No.E-8 (l, Career Point Tower 2, Plot No.E-8 (l, Rd Number 1, Indraprastha Industrial Area, Kota, Rajasthan 324005",http://careerpoint.ac.in/contact-us/
SRB Physics AK SIR - Best JEE Coaching | NEET UG Coaching Institute | JEE Main Advance Coaching | Best Physics Teacher NEET,918005665370,NEET/JEE,Kota,4.9,123,"12, Supreme residency, JK Rd, near Queen 's Court, Rajeev Gandhi Nagar, Instrumentation Limited Colony, Kota, Rajasthan 324005",http://srbphysicskota.in/
COC By AK Gupta || Best Chemistry Classes in Landmark City For NEET ||,916367235660,NEET/JEE,Kota,4.8,73,"Kunadi, Electricity Board Area, Kota, Rajasthan 324008, India",https://www.youtube.com/%20@conceptofchemistrybyakg
Best Physics Coaching in Kota by RST Sir for NEET | IIT JEE,919001243206,NEET/JEE,Kota,5,4,"RST Sir, Tutorial Point Coaching, behind Mittal Orchid Hotel, Old Jawahar Nagar, New Jawahar Nagar, Talwandi, Kota, Rajasthan 324005",https://tutorialpointkota.in/index.php/physic-by-rst-sir/
Resonance Kota - Station Road Center,917443192223,NEET/JEE,Kota,3.8,135,"1st Floor, C/O 3-4 Vidhya Nagar, Manoj Marg & Station Road, Kota, Rajasthan 324002",https://www.resonance.ac.in/
"Drona Career Institute, Kota| Best Agriculture Coaching in Kota | | Best JEE Coaching Institute in Kota",919950208045,NEET/JEE,Kota,4.9,187,"115, near Khendhelwal Nursing Home, Mahaveer Nagar-II, Mahaveer Nagar Housing Board Colony, Talwandi, Kota, Rajasthan 324005",https://dronainstitute.in/
CAREERWILL KOTA NEET,919211558168,NEET/JEE,Kota,4.3,92,"District Centre, Plot No:- 5, New Jawahar Nagar, Talwandi, Kota, Rajasthan 324005",https://www.cwneetoffline.com/
Rao IIT Academy,917442428595,NEET/JEE,Kota,4,283,"Pacific Hostel, CP-3, Indra Vihar, Talwandi, Kota, Rajasthan 324005",
"ALLEN Career Institute - Saakar-2 Campus, Kota | IIT JEE, NEET & Foundation Coaching",918690660111,NEET/JEE,Kota,4.4,189,"Plot No 353, Rajeev Gandhi Nagar, Mahaveer Nagar, Kota, Rajasthan 324005",https://www.allen.ac.in/kota/?utm_source=GMB&utm_medium=Organic&utm_campaign=ALLEN_Career_Institute_Saakar_Campus_2_Kota
JEEMAC KOTA by KD SIR,919672226187,NEET/JEE,Kota,4.8,143,"79 , Old, Rajeev Gandhi Nagar, Instrumentation Limited Colony, Kota, Rajasthan 324005",http://www.kdsirjeemackota.com/
"ONLY CHEMISTRY. JEE-Mains/Advance,NEET-ug & CBSE Board",918107940987,NEET/JEE,Kota,5,18,"C/F :-20 NEW JAWAHAR NAGAR KOTA, न्यू जवाहर नगर। गली नंबर-07, नियर काका मैस एंड टिफिन सेंटर।, New Jawahar Nagar, Talwandi, Kota, Rajasthan 324005",
Physics by sk singh sir (Pulse Edu Hub) Best physics faculty for NEET and IIT-JEE | Best kota coaching for physics,917737199933,NEET/JEE,Kota,4.9,69,"A, 3, Swami Dayanand Saraswati Rd, opposite Bharat petrol pump, New Jawahar Nagar, Talwandi, Kota, Rajasthan 324005",
ABLES EDUCATION,919982812345,NEET/JEE,Kota,4.5,166,"A-588, Commerce College Rd, New Rajeev Gandhi Nagar, Sector - A, Talwandi, Kota, Rajasthan 324005",https://ableskota.com/
ISAC LEARNING,919953317858,NEET/JEE,Kota,4.4,263,"B 17, Rd Number 2, near Lokhith Residency, Instrumentation Limited Colony, Kota, Rajasthan 324005",https://isacdigital.com/
Drishyam classes,918709048653,NEET/JEE,Kota,4.8,109,"gate no 3, Drishyam classes, front of allen, A 61, Samyak Rd, Kunadi, Electricity Board Area, Kota, Rajasthan 324008",http://www.drishyamclassss.com/
Biology by Dwivedi sir - Best Biology Teacher For Neet In Kota,919461259257,NEET/JEE,Kota,4.9,153,"City Center, New Jawahar Nagar, Talwandi, Kota, Rajasthan 324005",http://www.biologybydwivedisir.com/
acadxl / Best JEE Coaching In kota,917737432098,NEET/JEE,Kota,4.9,208,"38, Rajeev Gandhi Nagar, Instrumentation Limited Colony, Kota, Rajasthan 324005",https://www.acadxl.com/
"ALLEN Career Institute - Sarokar Campus | IIT JEE, NEET & Foundation",918951395299,NEET/JEE,Kota,4.3,36,"No C10, Nursery Road, Kota Airport Area, Talwandi, Kota, Rajasthan 324005",https://www.allen.ac.in/kota/?utm_source=GMB&utm_medium=Organic&utm_campaign=ALLEN_Career_Institute_Sarokar_Campus
KotaMentrs,919257032100,NEET/JEE,Kota,4.9,27,"5 K 3, 2 nd, Infront of Lahani Hospital, Parijat Road, Floor, Mahaveer Nagar, Kota, Rajasthan 324005",https://www.kotamentrs.com/
MGautam Institute of Iit - Jee maths,919829171360,NEET/JEE,Kota,4.9,84,"4-J-32, 3rd, Parijat Road, Mahaveer Nagar Housing Board Colony, Mahaveer Nagar, Kota, Rajasthan 324009",
Dr. Tanwar Sir Maths | Best Maths Teacher in Kota | IIT JEE Maths Coaching Classes | Online Tutor,918118853033,NEET/JEE,Kota,5,32,"Mahaveeer Nagar 1, Mahaveer Nagar-I, Mahaveer Nagar Housing Board Colony, Mahaveer Nagar, Kota, Rajasthan 324005",https://drtanwarsirmaths.com/
JEE Maths by Virash Sir | Best Individual Maths Classes for IIT JEE in Kota,919636912275,NEET/JEE,Kota,5,143,"Suwalka & Suwalka, B-354, Rd Number 1, Indraprastha Industrial Area, Kota, Rajasthan 324005",https://virashsir.com/
Shriji Home Tutions | Private Tutions | Best Home Tution In Kota | IIT-JEE | NEET | I-XII,919694062555,NEET/JEE,Kota,4.8,90,"11 C, 6, Shahid bhagat singh road, near allen safalya, Mahaveer Nagar Extension, Mahaveer Nagar, Kota, Rajasthan 324009",https://shrijihometuitions.com/
Sinha Mathematics Classes-SMC for JEE(Advanced+Mains) l Best Math's Coaching in kota l BY SINHA SIR (IIT-Madras ),917690988267,NEET/JEE,Kota,4.8,289,"74 old, Rajeev Gandhi Nagar, Instrumentation Limited Colony, Kota, Rajasthan 324005",https://www.youtube.com/@SMCKOTAJEE
Physics Centre by DB Singh,919772881234,NEET/JEE,Kota,4.8,110,"IIT PHYSICS CENTRE, by DB SINGH 2-ka-35, Jhalawar Road, Vigyan Nagar, Kota, Rajasthan 324005",https://iitphysicscentre.com/
GURUKUL TUTORS KOTA | NURSERY TO 10th ALL SUBJECTS TUTION | 11TH- 12TH ART/COMMERCE/SCIENCE TUTION| RBSE/CBSE,919983826881,NEET/JEE,Kota,5,10,"1563 -A, Rama Krishna Puram, Kota, Rajasthan 324010",
NK CLASSES - Best Coaching for Physics | NEET | Board Examination | Tuition For School Children,919024547188,NEET/JEE,Kota,4.6,47,"795, First Floor, CBI BANK Building, in front of HDFC BANK, Chitragupt Colony, Shastri Nagar, Dadabari, Kota, Rajasthan 324009",https://nkclass.in/
S.R.C. PHYSICS CLASSES,919931374487,NEET/JEE,Kota,5,95,"Gyanodaya tower, No.1, opp. Landmark gate, Kunadi, Electricity Board Area, Kota, Rajasthan 324008",
Science Classes - Best RPSC Coaching in Kota for 1st/2nd Grade Science,919928569388,NEET/JEE,Kota,4.9,49,"5-A-4, near TT Hospital, Sector - 5, Talwandi, Kota, Rajasthan 324005",
Upgrade classes by AJ sir,919887664533,NEET/JEE,Kota,5,51,"C - 630, behind OPERA hospital, Indra Vihar, Talwandi, Kota, Rajasthan 324005",
"Education Vista, Kota Rajasthan",919664289447,NEET/JEE,Kota,5,56,"Kherli Phatak, Tilak Nagar, Nayapura, Kota, Rajasthan 324001",https://education-vista-213040214247.asia-southeast1.run.app/
EduSmart Academy,919351909731,NEET/JEE,Kota,4.9,52,"House no. 29, Street no. 1, Krishna Nagar, Bajrang Nagar, Kota, Rajasthan 324001",
S M INSTITUTE,919414764595,NEET/JEE,Kota,4.7,65,"3-C-18, Sector - 3, Talwandi, Kota, Rajasthan 324005",https://sminstitute.netlify.app/
Vision classes,916350640535,NEET/JEE,Kota,4.9,18,"3, E-15, Sector - 3, Talwandi, Kota, Rajasthan 324005",
DreamMath Classes & Aim Education Centre,918178488677,NEET/JEE,Kota,5,41,"H.NO. 2, B-16, near Government Dispensary, near Agrasen Park, Mahaveer Nagar 3, Mahaveer Nagar Housing Board Colony, Mahaveer Nagar, Kota, Rajasthan 324005",
ELIITIAN CAREER INSTITUTE Pvt Ltd(SURYA SIR),917985893309,NEET/JEE,Kota,4.3,21,"Parshavnath Homes, Landmark City, A-87, Kunhadi Rd, Kunadi, Electricity Board Area, Kota, Rajasthan 324008",http://www.eliitian.in/
CICA - Career Institute of Commerce & Accounts,916350615573,NEET/JEE,Kota,4.5,191,"SFS Colony Road, Sheela Choudhary Rd, New Rajeev Gandhi Nagar, VIP Colony, Talwandi, Kota, Rajasthan 324005",https://cica.in/
Resonance PCCP,918824078330,NEET/JEE,Kota,5,123,"A-46 & 52, Jhalawar Road, near City Mall, Indraprastha Industrial Area, Kota, Rajasthan 324005",http://www.pccp.resonance.ac.in/
Manan Class,919413186464,NEET/JEE,Kota,5,22,"203, 203, near Modern school, New Rajeev Gandhi Nagar, Sector - A, Talwandi, Kota, Rajasthan 324005",
Aggarwal Coaching,919829083699,NEET/JEE,Kota,4.1,18,"8-A-3, Mahaveer Nagar III Cir, Mahaveer Nagar Housing Board Colony, Mahaveer Nagar, Kota, Rajasthan 324005",
Kota classes,919079022846,NEET/JEE,Kota,4.7,13,"Apposite army residency, Landmark City, Kunadi, Electricity Board Area, Kota, Rajasthan 324008",https://jsdl.in/DT-99AIA226Q6U
Gen'Next Coaching Institute,919530098021,NEET/JEE,Kota,4.9,16,"7/53, Krishna Nagar, Rangbari, Kota, Rajasthan 324005",https://business.google.com/dashboard/l/10859803211090843542?hl=en&service=plus
Sharp Classes,917727048214,NEET/JEE,Kota,5,9,"Bagdi sadan, 3rd St, Prem Nagar, Kota Industrial Area, Kota, Rajasthan 324003",
ADHYATMN INSTITUTE,917014241905,NEET/JEE,Kota,4.7,6,"4-j-25, Mahaveer Nagar III Cir, Housing Board Colony, Mahaveer Nagar Housing Board Colony, Mahaveer Nagar, Kota, Rajasthan 324005",http://www.adhyatmn.com/
Edge Academy - Best NDA Coaching,919461155543,NEET/JEE,Kota,4.1,322,"1-B-24, opposite Agnishaman Kendra, Mahaveer Nagar Extension, Shrinath Puram, Kota, Rajasthan 324005",https://www.edgeacademy.co.in/
Nucleus coaching,918929114604,NEET/JEE,Delhi Mukherjee Nagar,4.8,192,"325,1 floor, Bhai Parmanand Colony, Mukherjee Nagar, Delhi, 110033",https://nucleuscoaching.in/
Tapasya Academy,919999565799,NEET/JEE,Delhi Mukherjee Nagar,4.9,192,"Jaina Buildings, 201, Banda Bahadur Marg, near bhandara chowk, near pink booth, Mukherjee Nagar, Delhi, 110009",http://www.tapasyaacademydelhi.com/
Sigma Institute,919818483491,NEET/JEE,Delhi Mukherjee Nagar,4.8,86,"No.3, METRO STATIONGate, 2252, HUNDSON LANE, behind Khalsa College, G.T.B NAGAR, Delhi, 110033",http://sigmainstitute.co.in/
Mukesh Coaching Classes (MCC),918287870087,NEET/JEE,Delhi Mukherjee Nagar,4.8,237,"Banda Bahadur Marg - 56 And 63, Indra Vihar , Main Road , ICICI ATM , Near - Mukherjee Nagar, Indra Vihar, Mukherjee Nagar, North West Delhi, Delhi, 110033",
SIGMA CLASSES (Best CDS/NDA/AFCAT/CAPF/SSC/BANK/IIT/NEET Coaching),917290009411,NEET/JEE,Delhi Mukherjee Nagar,4.6,191,"09, nagar, Kingsway Camp, Mukherjee Nagar, Delhi, 110033",https://sigmaclasses.classx.co.in/
"Aakash Institute - Best NEET & IIT-JEE Coaching in New Delhi, Model Town",918800522353,NEET/JEE,Delhi Mukherjee Nagar,4,378,"No B/1/1, Gate no 1, Metro Station, near Model Town, Block B, Phase 2, Model Town, New Delhi, Delhi, 110033",https://centers.aakash.ac.in/aakash-institute-best-neet-iit-jee-coaching-in-new-delhi-model-town-coaching-center-model-town-new-delhi-99244/Home?utm_source=locator&utm_medium=googleplaces
Singh Pathshala Parmanand Colony - Coaching For Class 8th To 12th for All Subjects,919582501468,NEET/JEE,Delhi Mukherjee Nagar,4.7,81,"323, Bhai Parmanand Marg, near Honey's Veg, Dhirpur Village, Mukherjee Nagar, Delhi, New Delhi, Delhi 110033",https://www.singhpathshala.com/
MgiEdu | Coaching and Tuition Centre,919643010256,NEET/JEE,Delhi Mukherjee Nagar,4.8,104,"257, Mini Market, Bhai Parmanand Colony, Mukherjee Nagar, Delhi, 110033",https://www.mgiedu.com/
Career Makers Coaching Institute,919999242583,NEET/JEE,Delhi Mukherjee Nagar,4.9,67,"GATE NO. 3 Building 100, Ground floor, GATE NO 3, near METRO STATION, near Pandey Book shop, Kingsway Camp, GTB Nagar, Delhi, 110009",
Mentor Educare – Best NEET & IIT-JEE & CBSE 8 -12 Coaching Institute in Delhi,918920539606,NEET/JEE,Delhi Mukherjee Nagar,4.9,19,"Gate No.3, 100, First Floor, Gate No 3, 9, Mall Rd, near GTB nagar metro station, GTB Nagar, Delhi, 110033",https://mentoreducare.com/neet.php
Crackon Institute | Best CUET Coaching in Delhi - Best NEET Coaching in Delhi | CUET Preparation & Best JEE Coaching in Delhi,919212600232,NEET/JEE,Delhi Mukherjee Nagar,4.9,41,"136, 2nd floor, no 1, opposite metro gate, GTB Nagar, Delhi, 110009",https://www.crackoninstitute.com/
E-Gurukul,919891587777,NEET/JEE,Delhi Mukherjee Nagar,4.2,24,"Ramlal Kapoor Marg, Bhai Parmanand Colony, Mukherjee Nagar, Delhi, 110033",
CDS Coaching in Delhi,919211050549,NEET/JEE,Delhi Mukherjee Nagar,5,168,"1st Floor, Batra Police chowki, near, near Banda Bahadur Marg, beside Satija Building, Mukherjee Nagar, Delhi, 110033",http://www.cadetsacademy.in/
Vidya Kendra,919312102014,NEET/JEE,Delhi Mukherjee Nagar,3.7,153,"Gate No.3, Metro station, 108, Outer Ring Rd, near GTB Nagar, Kingsway Camp, GTB Nagar, Delhi, 110033",http://www.vidyakendra.com/
CGS Coaching,917290027962,NEET/JEE,Delhi Mukherjee Nagar,3.4,74,"Gate No. 3, Metro Station, ( Exit from 136, The Mall Road near GTB Nagar, Kingsway Camp, Mukherjee Nagar, New Delhi, Delhi, 110033",http://www.cgscoaching.com/
Study Station,918700170483,NEET/JEE,Delhi Mukherjee Nagar,4.8,17,"630, Banda Bahadur Marg, near Bansiwala Sweets, Indra Vihar, Mukherjee Nagar, Delhi, 110033",
Samudra IAS-Delhi,918299828932,NEET/JEE,Delhi Mukherjee Nagar,4.4,76,"Office - B-10, 2nd Floor, Commercial Complex, Main Rd, opposite Meerut Wale Sweets, Munshi Ram Colony, Mukherjee Nagar, Delhi, 110033",https://clsias.com/
Raj Dixit Physics Classes,917503692524,NEET/JEE,Delhi Mukherjee Nagar,5,24,"Indra Vihar, Mukherjee Nagar, Delhi, 110009",
Home Tutors Academy,919891665549,NEET/JEE,Delhi Mukherjee Nagar,4.8,114,"Mukherjee nagar, Outram Lines, GTB Nagar, New Delhi, Delhi, 110033",https://hometutoracademy.com/
THE GLOBAL Educational Institute ( TOP / BEST 5 / 10 COACHING / INSTITUTES CLASS Ist -XIIth NEAR ME / MY / YOUR AREA IN DELHI,919958007575,NEET/JEE,Delhi Mukherjee Nagar,5,17,"INDIRA VIKAS COLONY Near nirankari public school MUKHERJEE NAGAR BHAI PARMANAND COLONY, G. T. B. NAGAR, Dhaka Village, Mukherjee Nagar, New Delhi, Delhi, 110033",https://www.facebook.com/share/zfxaHDTLwWU6JGT5/?mibextid=qi2Omg
Forum Learning Center - Mukherjee Nagar by ForumIAS,919311740911,NEET/JEE,Delhi Mukherjee Nagar,4.9,321,"856, Banda Bahadur Marg, near Batra Cinema, Mukherjee Nagar, Delhi, 110033",https://academy.forumias.com/
JAGRAM EDUTECH,917906464724,NEET/JEE,Delhi Mukherjee Nagar,5,6,"G-22, VARDHMAN MALL, Nehru Vihar, Mukherjee Nagar, NEW DELHI, Delhi, 110054",https://www.jagramedutech.com/
Career Endeavour IIT JAM Coaching,919899628311,NEET/JEE,Delhi Mukherjee Nagar,4.5,242,"First Floor, Metro Gate, 56-58, Mall Rd, near GTB Nagar, GTB Nagar, Delhi, 110033",http://www.careerendeavour.com/
SHRI RAM IAS - Best IAS & UPSC Coaching in Delhi,918882939805,NEET/JEE,Delhi Mukherjee Nagar,4.6,317,"629, Banda Bahadur Marg, Indra Vihar, Mukherjee Nagar, Delhi, 110033",https://www.shriramias.in/
ARDAS CLASSES,918285723998,NEET/JEE,Delhi Mukherjee Nagar,4.6,208,"Gate No-3, GTB nagar metro station, Mall Rd, GTB Nagar, DELHI-9, Delhi, 110033",http://www.ardasclasses.com/
"THE MOUNTAIN ACADEMY (TMA),MUKHERJEE NAGAR",917290000341,NEET/JEE,Delhi Mukherjee Nagar,4.8,5,"203, JAINA HOUSE, Mukherjee Nagar, New Delhi, Delhi, 110033",
Guidanceopedia Classes,919773776383,NEET/JEE,Delhi Mukherjee Nagar,4.8,233,"First Floor, Block 3, 3/11, East Patel Nagar Market, Block 3, East Patel Nagar, Patel Nagar, New Delhi, Delhi 110008",https://www.neet-jeemaincoaching.com/
Shashi Karna Classes (SD Educom),919818956036,NEET/JEE,Delhi Mukherjee Nagar,4.4,48,"Banda Bahadur Marg, Mukherjee Nagar, Delhi, 110033",https://shashikarnareasoning.com/
PREP MATRIX - Best SSC coaching in Mukherjee Nagar & Best Delhi Police coaching in Delhi,917340333033,NEET/JEE,Delhi Mukherjee Nagar,5,21,"29A, First, GTB nagar metro station, Exit Gate Number-2, Outram Lines, GTB Nagar, Delhi, 110009",https://prepmatrixlive.akamai.net.in/
Paramount Coaching GTB Nagar,918860333333,NEET/JEE,Delhi Mukherjee Nagar,3.9,53,"Metro Gate No.2, Ground Floor, Building-29, near GTB nagar metro station, Block A, Kingsway Camp, GTB Nagar, New Delhi, Delhi, 110009",https://www.paramount-coaching.in/
Abhinay Sharma Classes,919555202436,NEET/JEE,Delhi Mukherjee Nagar,4.6,233,"1-A, Bhai Parmanand Marg, Dhirpur, Kingsway Camp, Mukherjee Nagar, Delhi, 110033",
"Best Physics Teacher l StudyZone Coaching l Shailendra Sir (M.Tech IIT Roorkee) l 11th l 12th l NEET l AIR 1,3,9,34",918109723250,NEET/JEE,Delhi Mukherjee Nagar,4.9,9,"Derawal Nagar, Gujranwala Town, New Delhi, Delhi, 110033",https://triplingphysics.classx.co.in/
DEFENCE ARENA,919354363277,NEET/JEE,Delhi Mukherjee Nagar,4.9,190,"Building No-49, Mall Rd, Kingsway Camp, GTB Nagar, Delhi, 110033",
RKC Eduhub | Best Science Coaching in Mukherjee Nagar by Dr. Aakriti Raj,917351572127,NEET/JEE,Delhi Mukherjee Nagar,4.8,17,"2nd floor, 630, Banda Bahadur Marg, Mukherjee Nagar, Delhi, 110009",https://www.rkceduhub.in/
Deep Institute,911147511310,NEET/JEE,Delhi Mukherjee Nagar,4.6,134,"2513, Basement, Hudson Ln, beside HDFC Bank, opp. Laxmi Dairy, Hudson Lane, GTB Nagar, New Delhi, Delhi, 110033",http://www.deepinstitute.co.in/
DIPS Academy IIT JAM Mathematics Coaching,918588844789,NEET/JEE,Delhi Mukherjee Nagar,4.1,51,"Gate - 1, 53, Mall Rd, near GTB nagar metro station, Outram Lines, GTB Nagar, Delhi, 110033",https://www.dipsacademy.com/
"Aakash Institute - Best NEET & IIT-JEE Coaching in New Delhi, Punjabi Bagh West",918800901554,NEET/JEE,Delhi Mukherjee Nagar,4.1,224,"Property No 15 Road No 35, near Agrasen Hospital, West Punjabi Bagh, Punjabi Bagh, New Delhi, Delhi, 110026",https://centers.aakash.ac.in/aakash-institute-best-neet-iit-jee-coaching-in-new-delhi-punjabi-bagh-west-coaching-center-punjabi-bagh-west-new-delhi-118849/Home?utm_source=locator&utm_medium=googleplaces
SADHNA STUDY CIRCLE - A Luxurious Space for Success,911142531659,NEET/JEE,Delhi Mukherjee Nagar,4,72,"3rd floor, T-98, LSC, Nehru Vihar, Mukherjee Nagar, Delhi, 110054",
Next IAS - Best IAS/UPSC Coaching in Mukherjee Nagar,919311667076,NEET/JEE,Delhi Mukherjee Nagar,5,20,"RADIO COLONY, 42-B, Ramlal Kapoor Marg, near Parmanand Marg, Bhai Parmanand Colony, Mukherjee Nagar, Delhi, 110009",https://www.nextias.com/delhi/mukherjeenagar
"GyanSootra - The Best Coaching Institute in Wazirabad, Delhi",919971446676,NEET/JEE,Delhi Mukherjee Nagar,4.8,46,"Ground Floor, Adarsh Complex, Main Wazirabad-Sangam Vihar Road Street No. 8, Flyover, near Wazirabad, Sangam Vihar, Wazirabad, New Delhi, Delhi, 110084",
AJAB'S ACADEMY PVT. LTD.,918447557386,NEET/JEE,Delhi Mukherjee Nagar,4,154,"101,A-40/41,1st Floor, Ansal Building, behind PNB, Mukherjee Nagar, Delhi, 110033",http://ajabsacademy.com/
Frontline Coaching centre Pvt. Ltd.,911145720345,NEET/JEE,Delhi Mukherjee Nagar,4.4,258,"BATRA Cinema, Mukherjee Nagar, Delhi, 110033",
PMG Classes,919899312641,NEET/JEE,Delhi Mukherjee Nagar,4.8,273,"2582, Hudson Ln, Hudson Lane, GTB Nagar, New Delhi, Delhi, 110033",http://www.pmgclasses.com/
Engineers Adda (AE/JE Academy),919599112234,NEET/JEE,Delhi Mukherjee Nagar,4.7,272,"72, metro gate no 3, near Gtb nagar, Outram Lines, GTB Nagar, Delhi, 110009",http://engineersadda.co.in/
GS WORLD IAS,911127658013,NEET/JEE,Delhi Mukherjee Nagar,3.7,114,"629, Ground Floor, Main Rd, near Agarwal Sweets, Mukherjee Nagar, New Delhi, Delhi, 110033",http://www.gsworldias.com/
"KD Campus – GTB Nagar | SSC, Banking & Government Exam Coaching",919555108888,NEET/JEE,Delhi Mukherjee Nagar,4.3,170,"33 & 35 1st Floor, Gate No. 2, Mall Rd, above Domino's, near GTB nagar metro station, Outram Lines, GTB Nagar, Delhi, 110009",https://www.kdcampus.org/mukherjeenagar
BRDS GTB Nagar - Best NID NIFT NATA CEED & UCEED Coaching Classes,919913700910,NEET/JEE,Delhi Mukherjee Nagar,4.9,132,"BRDS, Shop no 50, Ground Floor, Metro Gate, 3, Mall Rd, GTB Nagar, Delhi, 110033",https://rathoredesign.com/
SHILKAPMA CLASSES (SKM CLASSES),919968066075,NEET/JEE,Delhi Mukherjee Nagar,4.8,130,"2nd FLOOR, F-14/26, Model Town Phase 2, Model Town Phase I, Model Town, Delhi, 110009",https://shilkapmaclasses.com/
Vikas Tuition Classes/Home Tuition,919610836744,NEET/JEE,Delhi Mukherjee Nagar,5,6,"410, 3rd floor, Indra Vihar, Mukherjee Nagar, Delhi, 110009",https://tutorsparliament.com/
BEST TUTOR NOW,919971012826,NEET/JEE,Delhi Mukherjee Nagar,4.9,232,"M6X5+888 Delhi, BEST TUTOR NOW, 85, Ground Floor, Hakikat Nagar, GTB Nagar, Delhi, 110009",https://www.besttutornow.com/
Sonu Institute,919540008773,NEET/JEE,Delhi Mukherjee Nagar,4.7,68,"Kingsway Camp, 1964/5, Lok Marg, Outram Lines, Mukherjee Nagar, Delhi, 110033",
Careerwill,919311775204,NEET/JEE,Delhi Mukherjee Nagar,3.9,130,"Shop no 633, Mukherjee Nagar, New Delhi, Delhi, 110009",https://www.careerwill.com/
Easy to learn classes,918877079981,NEET/JEE,Delhi Mukherjee Nagar,4.9,9,"near gopal dairy, Bhai Parmanand Colony, Mukherjee Nagar, New Delhi, Delhi, 110033",
Nama Classes,917503420656,NEET/JEE,Delhi Mukherjee Nagar,4.8,89,"A-37,near By post office, aruna nagar, near Post office, Block C, Majnu-ka-tilla, Timarpur, Delhi, 110054",https://namaclasses.com/
JMS Academy,919899797796,NEET/JEE,Delhi Mukherjee Nagar,4.9,82,"Gate no 2, B-191/2, Gobind Kunj, Derawal Nagar, Gujranwala Town, Delhi, 110033",
N Singh Tutors,919811617133,NEET/JEE,Delhi Mukherjee Nagar,5,88,"G-5 Balaji Complex LSC, Part I, Gujranwala Town, Delhi, 110009",
BEST TUTORS in DELHI,919990161440,NEET/JEE,Delhi Mukherjee Nagar,4.9,137,"Model Town Phase 2, Pocket D, Phase 2, Model Town, New Delhi, Delhi, 110033",https://best-tutors-in-delhi.ueniweb.com/?utm_campaign=gmb
STG CLASSES (XI & XII Specialized coaching for Commerce & Science),917065721717,NEET/JEE,Delhi Mukherjee Nagar,4.9,398,"G-1/148, behind HDFC Bank, near Metro.P.No. 675, Uttam Nagar, New Delhi, Delhi, 110059",https://stgclasses.com/
Tuition centre in delhi,919560136517,NEET/JEE,Delhi Mukherjee Nagar,5,7,"Tuition Centre, near me 114 a, GTB Nagar, Delhi, 110033",
Khan Global Studies,918757354880,NEET/JEE,Delhi Mukherjee Nagar,4.6,57,"704 Ground Floor, front of, Satija Building, Main Rd, Mukherjee Nagar, Delhi, 110033",http://www.khanglobalstudies.com/
Krishvi Classes Coaching Centre,918826870461,NEET/JEE,Delhi Mukherjee Nagar,5,18,"First floor, Shivaji lane Shivaji chowk, 135, Street Number 1, Wazirabad, New Delhi, Delhi, 110084",
Science & Maths Zone I Sunil Sir Tuition Classes,917042773899,NEET/JEE,Delhi Mukherjee Nagar,5,8,"Block 10 - 116 Ground Floor, Block 10, Press Colony, Subhash Nagar, Delhi, 110064",
Vikram Monga's Academy,919999866390,NEET/JEE,Delhi Mukherjee Nagar,5,378,"Block A, Gujranwala Town, Delhi, 110033",http://www.vikrammonga.com/
Physics with INDER | Home tutor PHYSICS| Dwarka | Janakpuri | Uttam Nagar | JEE MAIN | NEET | CBSE l SCIENCE,919013305289,NEET/JEE,Delhi Mukherjee Nagar,5,93,"D-248 GALI NO -54, Mahavir Enclave Part 2, Mahavir Enclave Part 3, Madhu Vihar, New Delhi, Delhi, 110059",https://physicswithinder.com/
S.R. Tutors Bureau,919811382915,NEET/JEE,Delhi Mukherjee Nagar,4.4,313,"G 55, Main Vikas Marg, Laxmi Nagar, Block H, Block G, Laxmi Nagar, New Delhi, Delhi, 110092",http://www.srtutorsbureau.com/
RBM Home Tuition & Tutors,919220388165,NEET/JEE,Delhi Mukherjee Nagar,4.6,305,"First Floor House, 11-B/8, Pusa Road, Padam Nagar, Karol Bagh, Delhi, 110005",https://rbm-home-tuitiondelhincr.grexa.site/
Institution of practical science,918588844841,NEET/JEE,Delhi Mukherjee Nagar,4.3,6,"1st floor, G-20/263, Pocket 20, Sector 7, Rohini, Delhi, 110085",https://instituteofpracticalscience.com/
Kumar Home Tutors,919212130305,NEET/JEE,Delhi Mukherjee Nagar,4.7,371,"first floor, 5/10A, Moti Nagar, Block 2, Moti Nagar, New Delhi, Delhi, 110015",https://kumartutor.com/
I K HOME TUTOR,919811689197,NEET/JEE,Delhi Mukherjee Nagar,5,47,"West Patel Nagar, Patel Nagar, New Delhi, Delhi, 110008",https://ikhometutor.com/
The Education,919811274722,NEET/JEE,Delhi Mukherjee Nagar,4.9,26,"2nd floor, Jaina House, 208, Commercial Complex, Munshi Ram Colony, Mukherjee Nagar, New Delhi, Delhi, 110009",https://www.theeducation.in/
Sabby Study Center,919811730694,NEET/JEE,Delhi Mukherjee Nagar,5,58,"93, Priyadarshini Vihar, near New Gupta Colony, Gujranwala Town Part 1, Kalyan Vihar, New Delhi, Delhi, 110009",https://www.sabbystudycentre.in/
IACI - Tally Institute of Learning - Programming Hub - Multimedia & Animation Training,918448449845,NEET/JEE,Delhi Mukherjee Nagar,4.8,320,"2507, 1st Floor, Hudson Ln, Kingsway Camp, GTB Nagar, New Delhi, Delhi, 110033",http://www.iaci.in/
New Horizon Academics,919818704823,NEET/JEE,Delhi Mukherjee Nagar,5,8,"B191, Gobind Kunj, Derawal Nagar, Gujranwala Town, New Delhi, Delhi, 110033",
Simran study circle,919891142182,NEET/JEE,Delhi Mukherjee Nagar,4.9,371,"QU 144C, QU Block, Uttari Pitampura, Pitampura, New Delhi, Delhi, 110034",http://www.simranstudycircle.in/
Tuition India,918130420008,NEET/JEE,Delhi Mukherjee Nagar,4.7,17,"Plot No - 1/361 Opp: SRK Appartment, behind SBI, Sultanpur, New Delhi, Delhi 110030",https://www.tuitionindia.in/
Comzone Commerce Academy,919891830963,NEET/JEE,Delhi Mukherjee Nagar,5,27,"WP-502/3, 2nd Floor, Unit-204, Shiv Market, Wazirpur, Phase 1, Ashok Vihar, New Delhi, Delhi, 110052",https://www.comzonecommerceacademy.in/
physics home tutor | i.i.t home tutor | n.e.e.t home tutor,919811767503,NEET/JEE,Delhi Mukherjee Nagar,5,147,"WZ-326,GROUND FLOOR, POST OFFICE, Basai Darapur Rd, Ratan Park, Basai Dara pur, Ramesh Nagar, New Delhi, Delhi, 110015",https://www.physicshometutor.com/
Home Tuitions Maths,919810557682,NEET/JEE,Delhi Mukherjee Nagar,5,4,"5825, 7, New Chandrawal Rd, Block UA, Jawahar Nagar, Kamla Nagar, Delhi, 110007",
Teaching Zone Coaching Institute,919053843323,NEET/JEE,Delhi Mukherjee Nagar,4.8,87,"House number A, 845, Gali No. 14, Part-2, Block A, Manav Kunj, Mukundpur, Delhi, 110042",
Sunil Classes,919818957447,NEET/JEE,Delhi Mukherjee Nagar,4.9,130,"Block AG 1, Vikaspuri, New Delhi, Delhi, 110018",
Swell Institute,919560519607,NEET/JEE,Delhi Mukherjee Nagar,4.1,9,"SWELL INSTITUTE ( MIRACLE POLYTECHNIC) B 16 DR LOHIYA ROAD, no 2, behind govt boys sr sec school, adarsh nagar, Adarsh Nagar, Delhi, 110033",http://www.swellinstitute.com/
APEX INSTITUTE। Best NEET Coaching Institute & Foundation Classes in Prayagraj,917985271121,NEET/JEE,Prayagraj,3.9,162,"47A, CY Chintamani Rd, near Priti Nursing Home, Darbhanga Colony, George Town, Prayagraj, Uttar Pradesh 211002",
Resonance Prayagraj Study Center,917355156950,NEET/JEE,Prayagraj,3.9,343,"13/11/8G, Tashkent Marg, opp. Rai & Company, Civil Lines, Prayagraj, Uttar Pradesh 211001",
The Science Hub | Best ICSE CBSE coaching in Prayagraj| Best NEET Coaching | Best JEE Mains Coaching in Prayagraj,916392989878,NEET/JEE,Prayagraj,4.9,82,"15B, 1E, Bank Rd, near Jagdish Hospital, Old Katra, Prayagraj, Uttar Pradesh 211002",https://thesciencehub.co.in/
APEX INSTITUTE (Civil Lines Branch) | Best Coaching Institute for NEET & Foundation Classes in Prayagraj,919918422223,NEET/JEE,Prayagraj,5,31,"11B/9, Tashkent Marg, opposite Patrika House Press, Civil Lines, Prayagraj, Uttar Pradesh 211001",https://apexinstitute.net.in/
"ALLEN Career Institute - Prayagraj Campus | IIT JEE, NEET & Foundation Coaching",919899088283,NEET/JEE,Prayagraj,4,42,"Thornhill Rd, nearby Saint Anthony Convent Girls Inter College, Colnel Ganj, George Town, Prayagraj, Uttar Pradesh 211002",https://www.allen.ac.in/
𝐋𝐞𝐚𝐫𝐧𝐢𝐧𝐠 𝐅𝐨𝐫𝐮𝐦,918887180019,NEET/JEE,Prayagraj,4.9,195,"Kalyani Devi, Prayagraj, Uttar Pradesh 211003",http://www.learningforum.in/
Amit Tripathi Classes,919305124332,NEET/JEE,Prayagraj,4.5,73,"Tashkent Marg, Civil Lines, Prayagraj, Uttar Pradesh 211001",
"Aakash Institute - Best NEET & IIT-Jee Coaching in Prayagraj, Naini",918800898684,NEET/JEE,Prayagraj,4.1,96,"No 369, Naini Mirzapur, Main Rd, Shankar Dhal Road, opposite Naini, Subji Mandi, Naini, Prayagraj, Uttar Pradesh 211008",https://centers.aakash.ac.in/aakash-institute-best-neet-iit-jee-coaching-in-prayagraj-naini-coaching-center-naini-prayagraj-130723/Home?utm_source=locator&utm_medium=googleplaces
Apex Coaching Centre,916388606039,NEET/JEE,Prayagraj,4.9,109,"dr.pandey chauraha, Kalyani Devi, Prayagraj, Uttar Pradesh 211003",
NEET Gurukul,916388718784,NEET/JEE,Prayagraj,5,9,"Gayatri Dham Milan Tower, Mahatma Gandhi Marg, opp. Tandoor, behind Max Mall, Civil Lines, Prayagraj, Uttar Pradesh 211001",
"Physics Wallah Vidyapeeth Coaching Center Prayagraj Naini | IIT JEE, NEET & Foundation",918037309038,NEET/JEE,Prayagraj,4.9,344,"Mauja - Chak Gulam Mohammad Pargana - Arail Tehsil, Mirzapur Rd, Naini Gaon, Naini, Karchana, Prayagraj, Uttar Pradesh 211008",https://www.pw.live/offline-centres/batches/vidyapeeth/prayagraj-up/prayagraj-naini-vidyapeeth-177418
Unacademy Centre - Prayagraj,916366527204,NEET/JEE,Prayagraj,3.8,65,"29-A/27, J.K Palace, Tashkent Marg, Civil Lines, Prayagraj, Uttar Pradesh 211002",https://unacademy.com/goal/jee-neet-coaching/JVITK/centre/Prayagraj-Centre/Z03RFMF7DG
Career Coaching -Best SSC Bank Coaching |Best NEET LIT Coaching |Best TGT PGT Coaching in Prayagraj,919415252965,NEET/JEE,Prayagraj,4.1,379,"13, Kamla Nehru Rd, Civil Lines, Prayagraj, Uttar Pradesh 211001",https://careercoaching.in/
Eduzen Institute,918299292155,NEET/JEE,Prayagraj,4.9,119,"behind Power House, Kalindipuram, Prayagraj, Uttar Pradesh 211015",https://eduzen-institute.grexa.site/
Krishna Coaching Institute | Best NEET | 11th & 12th Foundation | UP Board & CBSE | B.Sc. Nursing & CUET-UG | NIOS,919170910700,NEET/JEE,Prayagraj,4.3,239,"Library, 30, Moti Lal Nehru Rd, opposite A.U, The Adelphi, Allen Ganj, Prayagraj, Uttar Pradesh 211002",
Amulya Institute,919839770999,NEET/JEE,Prayagraj,4.7,91,"Dhoomanganj Rd, MIG Preetam Nagar Cohttps:, www.google.com, local/place/rap, edit/locationlony, Dhoomanganj, Prayagraj, Uttar Pradesh 211011",http://www.amulyainstitute.in/
Vision IITJEE,919794272220,NEET/JEE,Prayagraj,4.4,94,"Near Asha Hospital, T.V. Tower Crossing, 21, Muir Rd, Civil Lines, Alka Puri Colony, Prayagraj, Uttar Pradesh 211001",
"Ganga Institute, Prayagraj",919517105293,NEET/JEE,Prayagraj,4.9,53,"LIG-198, near Police Chauki, Govindpur Colony, Govindpur, Teliarganj, Prayagraj, Uttar Pradesh 211004",
Excellence Point,917905149121,NEET/JEE,Prayagraj,4.9,148,"Grand Trunk Rd, Canton, Lukarganj, Prayagraj, Uttar Pradesh 211016",http://www.excellencepointalld.com/
Gurukul Classes,919140590366,NEET/JEE,Prayagraj,4.1,135,"Infront of Mohak Hospital , above Union Bank , Meorabad Teeraha, Stanley Rd, Mumfordganj, Prayagraj, Uttar Pradesh 211002",https://www.egurukulclasses.com/
Pushpendra Yadav Classes | Best JEE & NEET Coaching in Prayagraj,919511406924,NEET/JEE,Prayagraj,4.3,263,"Lal Bahadur Shastri Marg, in front of T P furnitures, near Heart line Hospital, Civil Lines, Prayagraj, Uttar Pradesh 211001",
TUDENT POINT COACHING INSTITUTE,918081711147,NEET/JEE,Prayagraj,4.9,101,"H.O - 19B/5, 1A, Preetam Nagar, Ghumanganj, Kanhayipur, Dhoomanganj, Prayagraj, Uttar Pradesh 211011",
R.T.Institute (The Coaching Express),917607771555,NEET/JEE,Prayagraj,4.9,124,"17/2, Naini, Chak Daud Nagar, Prayagraj, Uttar Pradesh 211008",
GRADREX EDUCATION | 0 LEVEL/COMPTER/NEET/IIT/JEE/NTSE/NCERT/CBSE Class coaching institute in Jhunshi Prayagraj | Allahabad.,917881124848,NEET/JEE,Prayagraj,4.7,46,"Maurya Complex, 8C/13, near bank of baroda, Awas Vikas Colony, Yojna-2, Jhusi, Prayagraj, Uttar Pradesh 211019",http://www.gradrexeducation.com/
Ved Vigyan Academy,917651859462,NEET/JEE,Prayagraj,5,56,"15/1, Prayagraj, Uttar Pradesh 211019",https://vedvigyanacademy.com/
Young Minds Academy | Best ICSE Classes in Prayagraj | Best CBSE Classes in Prayagraj | ICSE & CBSE Maths Science Classes,919129604415,NEET/JEE,Prayagraj,4.8,198,"10A/8 chauraha, Tashkent Marg, near Patrika Marg, opposite Saket colony, Civil Lines, Prayagraj, Uttar Pradesh 211001",https://youngminds.taplink.in/
SK Shukla Coaching,919305025126,NEET/JEE,Prayagraj,4.2,144,"760B, Baghambari Rd, Mohillay Nagar, Allahpur, Prayagraj, Uttar Pradesh 211006",
"Sachan Classes – Best Coaching in Prayagraj for 10th, 11th, 12th, IIT-JEE & NEET (UP Board & CBSE)",919889243905,NEET/JEE,Prayagraj,4.3,57,"Jawaharlal Nehru Road Rauza, Old Sohbatiya Bagh, Tagore Town, Prayagraj, Uttar Pradesh 211002",
Tuition Wala.in - Best home tuition provider Allahabad | ICSE ISC CBSE | NEET / IIT JEE & Commerce | Experienced Home Tutors,918182837919,NEET/JEE,Prayagraj,5,132,"FV67+M57 Church Lane Tagore Town Holly Trinity School road Front, Side of, Sai Vihar Apartment, near K K nursery School, The Adelphi, Allen Ganj, Prayagraj, Uttar Pradesh 211002",https://www.tuitionwala.in/
"Bharat Jyoti Tutorial - Best Home Tutor for CBSE, ICSE, ISC, UP Board, IIT, NEET & CLAT",919455231708,NEET/JEE,Prayagraj,4.9,148,"3/3R, opposite Rambagh Station, Rambagh, Prayagraj, Uttar Pradesh 211003",http://bharatjyotitutorial.com/
Adiguru Academy,918896428652,NEET/JEE,Prayagraj,5,38,"Kalindipuram, Prayagraj, Uttar Pradesh 211015",
"MAYANK CLASSES | BEST COACHING FOR MATHS, PHYSICS, CHEMISTRY, BIO, ENGLISH FOR CLASSES 9TH-12TH, JEE MAINS & NEET",919889034667,NEET/JEE,Prayagraj,4.8,74,"18/5, Elgin Road, behind Heartline Hospital, Civil Lines, Prayagraj, Uttar Pradesh 211001",
TSS ACHARYA,919005642857,NEET/JEE,Prayagraj,4.9,254,"23 14, Jagram Chauraha, 2A, Beli Rd, New Katra, Old Katra, Prayagraj, Uttar Pradesh 211008",
Evergreen Academy,917678900452,NEET/JEE,Prayagraj,4.6,22,"basant police chowki, Near, Annie Besant Rd, Chota Baghada, New Rest House Railway Colony, Prayagraj, Uttar Pradesh 211002",https://youtube.com/@googlechemistry-someshsing5820?si=1BfTzriNOjnronps
Astra Xcel Classes IIT/JEE |NEET,919277257155,NEET/JEE,Prayagraj,5,26,"janta petrol pump, near tanu dairy, Gangotri Nagar, Prayagraj, Madauka Kachhar, Uttar Pradesh 211007",
SUPER 40 CLASSES,919580785392,NEET/JEE,Prayagraj,5,35,"Traffic Chauraha, Juhi Colony, Vivek Vihar Colony, Civil Lines, Prayagraj, Uttar Pradesh 211002",
K2 Science Academy-Best ICSE & CBSE coaching Civil Lines prayagraj| ISC & CBSE Coaching| Prayagraj,917607799133,NEET/JEE,Prayagraj,4.8,61,"RAO IAS GATE NO 2, 14/1B, INFRONT OF LOK SEVA AYOG, Stanley Rd, Agnipath Colony, Civil Lines, Prayagraj, Uttar Pradesh 211001",https://qr.me-qr.com/l/KKumarclasses
"G.C STUDY POINT-Er.Manish Panday (B.Tech,M.Tech-MNNIT)",919935018954,NEET/JEE,Prayagraj,4.8,68,"Old Bairhana, Bairhana, Prayagraj, Uttar Pradesh 211006",
Trishakti NEET/MNS/JEE Classes,919450135989,NEET/JEE,Prayagraj,4.9,13,"police station, opposite George Town, Darbhanga Colony, George Town, Prayagraj, Uttar Pradesh 211002",
THE RAYS INSTITUTE,917081027480,NEET/JEE,Prayagraj,4.5,166,"pranami mandir, Meerapur, Prayagraj, Uttar Pradesh 211003",http://www.theraysinstitute.in/
Exampur Classes (First Building),919838018600,NEET/JEE,Prayagraj,4.5,111,"27/37, 27, Hashimpur Rd, near Yashlok Hospital, Tagore Town, Prayagraj, Uttar Pradesh 211002",https://exampur.com/
PRS The Future Academy,919648100044,NEET/JEE,Prayagraj,4.8,313,"Sundaram Tower, near Gangotri Hotel, Rambagh, Prayagraj, Uttar Pradesh 211001",
Diya Academy,919335155109,NEET/JEE,Prayagraj,4.6,202,"Opposite Attarsuiya Power House, CRHJ+VM8, Attarsuiya, Katehra Dariyabad, Prayagraj, Uttar Pradesh 211003",http://diyaacademy.in/
M.K. Gupta Classes,919628658273,NEET/JEE,Prayagraj,4.9,27,"Tashkent Marg, opposite to Patrika House, Civil Lines, Prayagraj, Uttar Pradesh 211001",https://youtube.com/channel/UCXGJlG0Eu00begXWbmileqw
Shivam Classes,918545087506,NEET/JEE,Prayagraj,5,87,"Narayan Das Ka Pura, Jhusi, Prayagraj, Uttar Pradesh 211019",
Physics Wallah Tuition Center Prayagraj Jhusi | Class 8th - 10th | 11th - 12th | IIT-JEE | NEET,918045682320,NEET/JEE,Prayagraj,4.4,63,"1-9, Jhunsi Rd, Trivenipuram, Poore Suradas, Prayagraj, Uttar Pradesh 211019",https://www.pw.live/
Math Campus | Best Coaching for class 12th maths in Prayagraj | Best Math Classes for 11th | Best Maths Coaching in Prayagraj,919415759757,NEET/JEE,Prayagraj,5,34,"189b, 6, Bharadwaj Ashram Rd, beside Keswani Hospital, Alopibagh, George Town, Prayagraj, Uttar Pradesh 211006",
Qalp Educare - Best Tuition Bureau in Allahabad / Prayagraj,917392919070,NEET/JEE,Prayagraj,4.8,237,"171/10 AB, above Jain Tuition Wala, Rajrooppur, Prayagraj, Uttar Pradesh 211015",https://www.qalpedu.com/
GRABit Classes | Best CBSE Coaching in Allahabad | Best Coaching in Prayagraj | Best Physics/Maths Coaching,919169916971,NEET/JEE,Prayagraj,4.4,70,"Kydganj, Prayagraj, Uttar Pradesh 211003",
BrainBeats Education|Best Coaching For NEET & JEE,919120964841,NEET/JEE,Prayagraj,4.5,18,"130, LIC Rd, Tagore Town, Prayagraj, Uttar Pradesh 211002",
Medica Point,919451415355,NEET/JEE,Prayagraj,4.5,91,"Maurya Complex, 8C/13, Awas Vikas Colony, Yojna-2, Jhusi, Prayagraj, Uttar Pradesh 211019",
Omega Institute,916387083436,NEET/JEE,Prayagraj,4.9,17,"Patrika Marg, Chauraha, Civil Lines, Prayagraj, Uttar Pradesh 211001",
Saraswati Academy,919125391531,NEET/JEE,Prayagraj,5,60,"Peepalgaon, Main Road, near Police Booth, in front of Talab, Jhalwa, Prayagraj, Kathula Gospur, Uttar Pradesh 211015",http://saraswatiacademy2019.blogspot.com/
"Yattra Tutorial Home Tuition Provider in Prayagraj | Best Home Tutor Provider for ICSE, CBSE, STATE board in Prayagraj",918069831331,NEET/JEE,Prayagraj,4.8,212,"Sangam chauraha, near Sukla market, Bada Baghada, Om Gayatri Nagar, Teliarganj, Prayagraj, Uttar Pradesh 211004",https://yattratutorials.com/
Sunita Tutorial,917379450187,NEET/JEE,Prayagraj,5,222,"near church, Myorabad, Prayagraj, Uttar Pradesh 211002",
Kashu Tuition Classes,919140168126,NEET/JEE,Prayagraj,4.9,71,"Tambaku Wali Gali, Nai Basti, Kydganj, Prayagraj, Uttar Pradesh 211003",
Vedanta Home Tutorial,919919333489,NEET/JEE,Prayagraj,4.9,221,"34/3h, BK Banerjee Rd, New Katra, Prayagraj, Uttar Pradesh 211002",https://vedantahometutorial.blogspot.com/
Student Tutorial | Best Home Tutor in Prayagraj,916394797072,NEET/JEE,Prayagraj,5,48,"Beniganj, Kala Danda, Prayagraj, Uttar Pradesh 211016",https://tutor.studenttutorial.in/
J.P.Tutorial,919335125003,NEET/JEE,Prayagraj,4.8,247,"201, Chaukhandi, Kydganj, Prayagraj, Uttar Pradesh 211003",http://www.jptutorials.in/
Integral Classes,917355731652,NEET/JEE,Prayagraj,4.9,49,"MIG 202, ADA Colony, Naini, Prayagraj, Uttar Pradesh 211008",
Booster Classes,919506798598,NEET/JEE,Prayagraj,4.9,71,"Behind Kajariya Talab Pure Surdas, Gangotri Rd, near Roadways Workshop, Colony, Jhusi, Prayagraj, Uttar Pradesh 211019",
Study Zone Home Tuition,917348375113,NEET/JEE,Prayagraj,5,24,"Shantipuram Rd, Sector-C, Shantipuram, Phaphamau, Uttar Pradesh 211013",https://studyzonehometuition.com/
Knowledge Infusers Coaching Classes,919341493414,NEET/JEE,Prayagraj,4.9,94,"TCI mahewa gate, near rajpoot dhaba, Yamunotri Nagar, Prayagraj, Uttar Pradesh 211007",https://ubpro.in/UBNPRO/7aPfl4kQ2
Torcia Academy,918318804661,NEET/JEE,Prayagraj,5,19,"Chauraha, Meerapur, Prayagraj, Uttar Pradesh 211003",
Vidya Tutorial,919335516289,NEET/JEE,Prayagraj,4.8,72,"near police chowki, Shiv Nagar, Allahpur, Prayagraj, Uttar Pradesh 211006",
Educator's Tutorial,918853475704,NEET/JEE,Prayagraj,4.7,73,"OPS-D-473, Rajrooppur, Prayagraj, Uttar Pradesh 211015",http://ravisingh1691689652.website3.me/
Sonia Classes | Best ICSE Maths English Science Coaching in Prayagraj,919335152377,NEET/JEE,Prayagraj,4.2,73,"63G/37, Sona Vihar Colony, Maharshi Dayanand Marg, Vivek Vihar Colony, Civil Lines, Prayagraj, Uttar Pradesh 211001",https://soniaclasses.in/
TutorAtHome :Tuition Teacher Provider,919532767696,NEET/JEE,Prayagraj,5,10,"ADA Rd, beside Mahesh Medical Store, Vikas Road, Naini, Prayagraj, Uttar Pradesh 211008",http://www.tutorathome.co.in/
𝗗𝗣𝗠 𝗖𝗹𝗮𝘀𝘀𝗲𝘀 - Best Coaching For U.P Board/ CBSE Board| TGT/ PGT Coaching| Home Tutorial| Home Tuition in Prayagraj,918765428289,NEET/JEE,Prayagraj,4.6,102,"Govindpur texi stand, DPM chauraha, LIG 315/316, Kailash Puri Rd, Govindpur, Teliarganj, Prayagraj, Uttar Pradesh 211004",http://www.dpmclasses.com/
𝐃𝐞𝐞𝐩𝐚𝐤 𝐂𝐨𝐦𝐦𝐞𝐫𝐜𝐞 𝐂𝐥𝐚𝐬𝐬𝐞𝐬,919305771673,NEET/JEE,Prayagraj,4.9,368,"Shilakhana Rd, near Gramin Bank of Baroda, Rasulabad, Teliarganj, Prayagraj, Uttar Pradesh 211004",http://deepakcommerceclasses.com/
Alfa Home Tutorial,919670776079,NEET/JEE,Prayagraj,5,50,"Gangotri Nagar, Prayagraj, Uttar Pradesh 211007",
Srivastava Commerce Coaching Pvt. Ltd.,919450629393,NEET/JEE,Prayagraj,4.8,263,"3rd Floor, Sundaram Tower, Rambagh, Prayagraj, Uttar Pradesh 211001",https://sccpvt.com/
Khan's Concept Classes (KCC),919935993449,NEET/JEE,Prayagraj,4.5,49,"Lawrence Rd, R.A.Bazar, Canton, Dhoomanganj, Prayagraj, Uttar Pradesh 211011",https://khans-concept-classes.grexa.site/
M.K. Tuition Bureau,918707773470,NEET/JEE,Prayagraj,5,16,"Govindpur Rd, near IERT, Salori, Govindpur, Teliarganj, Prayagraj, Uttar Pradesh 211004",http://www.mktuitionbureau.com/
LORENTZ ACADEMY,917268893788,NEET/JEE,Prayagraj,5,33,"police chowki, 267/166/1M, near Lukar Road, above PS LUXURY SALON & ACADEMY, Between, Lukarganj, Prayagraj, Uttar Pradesh 211016",
Tgt pgt math by Shukla sir,917800731619,NEET/JEE,Prayagraj,4.2,241,"203A/170/1, in front of Colonelganj Road, Colnel Ganj, Kotwali, Prayagraj, Uttar Pradesh 211002",
A1 home tution,918052749199,NEET/JEE,Prayagraj,5,9,"New, Shantipuram, Korsand, Uttar Pradesh 211013",
Motion Education Hazratganj - Best IIT-JEE | NEET Coaching in Lucknow,917231912196,NEET/JEE,Lucknow,4.9,367,"Ground floor and 1st floor, Halwasiya Court, Halwasia annexe, Hazratganj, Lucknow, Uttar Pradesh 226001",https://lucknow.motion.ac.in/
"Mishra Study Point | Best Coaching in Aliganj, Jankipuram Lucknow for CBSE, ICSE, ISC, IIT-JEE , NEET & B.Sc Nursing",917275777883,NEET/JEE,Lucknow,4.8,148,"MMS-1/ 81, Shiv Vihar Rd, near Ram ram bank chauraha, Sector A, Jankipuram, Lucknow, Uttar Pradesh 226021",https://mishrastudypoint.com/
"Eklavya institute - Best NEET coaching in Lucknow | NEET & IIT JEE class for 9th, 10th, 11th, 12th in Indiranagar",919918849292,NEET/JEE,Lucknow,4.9,205,"A-1531,Second Floor, Bhawani Plaza, near Meena Market, Liberty Colony Park, Indira Nagar, Lucknow, Uttar Pradesh 226016",https://www.eklavyainstitutes.com/
"Aakash Institute - Best NEET & IIT-JEE Coaching in Lucknow, Gomti Ngr",918800874098,NEET/JEE,Lucknow,4.2,399,"No CP/72, Hahnemann Rd, opp. Max Hospital, Viraj Khand-4, Viraj Khand, Gomti Nagar, Lucknow, Uttar Pradesh 226010",https://centers.aakash.ac.in/aakash-institute-best-neet-iit-jee-coaching-in-lucknow-gomti-ngr-coaching-center-gomti-ngr-lucknow-99233/Home?utm_source=locator&utm_medium=googleplaces
"Physics Wallah Vidyapeeth Coaching Center Alambagh | IIT JEE, NEET & Foundation Classes",918047492782,NEET/JEE,Lucknow,4.7,274,"B-67 Sector B, LDA Colony, B-66, Kanpur - Lucknow Rd, Sector B, Bargawan, Alambagh, Lucknow, Uttar Pradesh 226012",https://www.pw.live/offline-centres/batches/vidyapeeth/lucknow-up/lucknow---alambagh-vidyapeeth-536997
Gravity Classes Aliganj,918400002983,NEET/JEE,Lucknow,4.1,120,"B1/8, 3rd Floor, ved Plaza, Sector- F Rd, above Trends, Kapoorthla, Chandralok, Lucknow, Uttar Pradesh 226024",http://www.gravityclasses.org/
Raghuvanshi Institute,919140303022,NEET/JEE,Lucknow,4.4,259,"3rd Floor Raghuvanshi Campus, Kaysons Lane, Near Canara Bank Main Branch, Nawal Kishore Road, Hazratganj, Lucknow, Hazratganj, Lucknow, Uttar Pradesh 226001",https://raghuvanshiinstitute.com/
Techno Neet Coaching - Balaganj,918931034235,NEET/JEE,Lucknow,4.8,221,"Campbell Rd, opposite Vijaya Bank, Lakshman Vihar Colony, Karim Ganj, Lucknow, Uttar Pradesh 226003",https://technoneet.com/
"SKD New Standard Coaching Institute Hazratganj, Lucknow",917080111595,NEET/JEE,Lucknow,4.4,386,"11, Sapru Marg, Prem Nagar, Hazratganj, Lucknow, Uttar Pradesh 226001",https://www.neetlive.co.in/
"Doctor's Institute - Best NEET Coaching in Lucknow, Pre- Medical/Neet Entrance Coaching Institute in Lucknow",916391000120,NEET/JEE,Lucknow,4.8,76,"Chauraha, VIP Rd, Neher Chauraha, Muslim Nagar, Alambagh, Lucknow, Uttar Pradesh 226005",https://doctorsinstitute.in/
"Prashnottar Institue I Best Coaching in Aliganj Lucknow for NEET, CNET(BSC Nursing), CUET(Bio), JEE, All Boards(11-12)",917007323740,NEET/JEE,Lucknow,4.9,297,"Saraswati Bhawan, ED-351, Sector Q, Sector-A, Sector K, Aliganj, Lucknow, Uttar Pradesh 226024",http://www.prashnottar.in/
iNsight Classes,917905431059,NEET/JEE,Lucknow,4.9,195,"B1-65, sector -P, near shyam swad restaurant, Beligarad, Sector-P, Aliganj, Lucknow, Uttar Pradesh 226024",http://www.insightclasses.com/
N D Sir Chemistry- Chemistry teacher for NEET / Chemistry teacher for JEE/NEET/ Best chemistry teacher in Lucknow/Hazratganj,918881699991,NEET/JEE,Lucknow,5,108,"4th Floor, Pratap Bhawan, behind Leela Cinema Parking, Hazratganj, Lucknow, Uttar Pradesh 226001",
"LTS Vision Academy | Best Coaching in Lucknow | Classes 1st to12th CBSC, ISC UP Bord| For NEET | IIT-JEE | Found.. | Olympiad",917007881976,NEET/JEE,Lucknow,4.9,198,"Shop No- NF1, 11, LTS Vision Academy, near Good Bakery, Karamat Market, Nishat Ganj, Lucknow, Uttar Pradesh 226006",
NARAYANA IIT-JEE/NEET/FOUNDATION - LUCKNOW,118001023344,NEET/JEE,Lucknow,4.2,75,"Second And Third Floor, CP-4, beside Cloudnine Hospital, Viraj Khand, Gomti Nagar, Lucknow, Uttar Pradesh 226010",https://centres.narayanacoachingcenters.in/narayana-coaching-center/centers-in-lucknow/centers-in-Viraj-Khand/narayana-iitjeeneetfoundation-in-Viraj-Khand-lucknow--1eyCLk/home
"Dev Tutorial- Best PCM, PCB, IIT-JEE, NEET Coaching in Indira Nagar Lucknow",918318181262,NEET/JEE,Lucknow,4.9,207,"Faizabad Rd, Near nilgiri petrol pump, Rabindra Palli, Maruti Puram, Indira Nagar, Lucknow, Uttar Pradesh 226016",http://www.devtutorial.in/
Aman Classes : Best Foundation Coaching for JEE/NEET in Aliganj Lucknow,919838475161,NEET/JEE,Lucknow,4.9,322,"C-27, near A.G Colony, Sector N, Aliganj, Lucknow, Uttar Pradesh 226024",http://amanclasses.in/
Dr. Shailendra Singh (Samarpan Kota chemistry),919335181874,NEET/JEE,Lucknow,4.9,196,"1st Floor, Pratap Bhawan, behind Leela Cinema, Hazratganj, Lucknow, Uttar Pradesh 226001",http://samarpankotachemistry.com/
"Sri Chaitanya Academy - Best IIT JEE & NEET Coaching in Gomti Nagar, Lucknow",917075932888,NEET/JEE,Lucknow,4.3,15,"Ground & First Floor, 1, CP 192, Singapore Mall Rd, Viraj Khand, Gomti Nagar, Lucknow, Uttar Pradesh 226010",https://srichaitanyaacademy.net/centres/sri-chaitanya-lucknow-coaching-centre-gomtinagar
"Aakash Institute - Best NEET & IIT-JEE Coaching in Lucknow, Sector 12",918800943601,NEET/JEE,Lucknow,4.1,181,"Kahlon Emporium 2, near Kahlon Garden City, Sector 12, Vrindavan Colony, Lucknow, Baraulikhalilabad, Uttar Pradesh 226029",https://centers.aakash.ac.in/aakash-institute-best-neet-iit-jee-coaching-in-lucknow-sector-12-lucknow-vrindavan-yojna-coaching-center-sector-12-lucknow-252873/Home?utm_source=locator&utm_medium=googleplaces
Gangwar Institute,919648582582,NEET/JEE,Lucknow,4.2,375,"First Floor, Pratap Bhawan, behind Leela Parking, Hazratganj, Lucknow, Uttar Pradesh 226001",https://www.gangwarinstitute.com/
Pathshala Institute,916393716045,NEET/JEE,Lucknow,4.9,116,"Near, lekhraj metro station, Rajya Sampatti Awasiya Colony, above style bazar, Sector 21, Indira Nagar, Lucknow, Uttar Pradesh 226016",https://pathshalainstitute.com/
"Tiwari Tutorials – Best Coaching in Lucknow for CBSE, ICSE, IIT, and NEET Foundation | Indira Nagar",917388102628,NEET/JEE,Lucknow,4.6,220,"C-2382, near Hanuman Mandir Marg, Sector C, Block C, Indira Nagar, Lucknow, Uttar Pradesh 226016",http://www.tiwaritutorials.in/
"Sri Chaitanya Academy - Best IIT JEE & NEET Coaching in Aliganj, Lucknow",919154668279,NEET/JEE,Lucknow,4.5,76,"Besides CNG Petrol Pump, CP-53, above JSV hyundai, near Engineering College Road, Chauraha, Jankipuram, Lucknow, Uttar Pradesh 226021",https://srichaitanyaacademy.net/centres/sri-chaitanya-lucknow-coaching-centre-aliganj
Quantum Coaching Institute,919839753258,NEET/JEE,Lucknow,5,158,"First Floor, Pratap Bhawan, behind Leela Cinema, Hazratganj, Lucknow, Uttar Pradesh 226001",https://quantumcoachinginstitute.in/
Motion Education Lucknow | Alambagh Branch,916393381811,NEET/JEE,Lucknow,5,39,"R K Tower, 70/2, Barabirwa Rd, near Phoenix Mall, Sector B, Bargawan, Alambagh, Lucknow, Uttar Pradesh 226012",https://lucknow.motion.ac.in/
"Amrawati Tutorials | Best Coaching in Aliganj Lucknow for CBSE, ICSE, ISC ( Science & Commerce) I IIT-JEE , NEET",918126679533,NEET/JEE,Lucknow,4.9,170,"C-75, near CMS Campus 1, Sector O, Aliganj, Lucknow, Uttar Pradesh 226021",https://business.google.com/v/_/013186562173203298544/69b8/_?
"Sri Chaitanya Academy - Best IIT JEE & NEET Coaching in Hazratganj, Lucknow",118005706262,NEET/JEE,Lucknow,4,56,"4th Floor, Halwasiya Court, Hazratganj, Lucknow, Uttar Pradesh 226001",https://srichaitanyaacademy.net/centres/sri-chaitanya-lucknow-coaching-centre-hazratganj
"Excellent Classes | Best Coaching in Aliganj Lucknow | Physics, Chemistry, Accounts, IIT NEET Foundation",919838758289,NEET/JEE,Lucknow,4.8,199,"C - 34, near CMS, Sector O, Aliganj, Lucknow, Uttar Pradesh 226022",http://excellentclasses.net/
Utprerak Academy - Best IIT JEE Coaching in Lucknow | NEET Coaching in Lucknow,919889193837,NEET/JEE,Lucknow,4.6,36,"Priti bhawan, Hazratganj, Lucknow, Uttar Pradesh 226002",
Param: Best Coaching Institute in Gomti Nagar | NEET | IIT JEE | Foundation Course | Maths | Chemistry | Physics of All Class,917310334198,NEET/JEE,Lucknow,4.9,73,"4/362, Sector 4, Gomti Nagar, Lucknow, Uttar Pradesh 226010",https://paramedusolutions.com/
SKV IIT-JEE/NEET/Foundation | NEET Coaching in Lucknow | IIT-JEE Coaching in Lucknow,918979233334,NEET/JEE,Lucknow,4.9,44,"SKV Academy, Sector B, Jankipuram, Lucknow, Uttar Pradesh 226021",http://www.skv.academy/
NEET BIOLOGICA,919792492611,NEET/JEE,Lucknow,4.9,93,"4th Floor, Pratap Bhawan, behind Leela Cinema Parking, Left wing, Hazratganj, Lucknow, Uttar Pradesh 226001",
"Unacademy Coaching Centre - Hazratganj | IIT JEE, NEET & Foundation Classes",917525030308,NEET/JEE,Lucknow,4.5,178,"7th floor, Payagpur Tower, Mira Bai Marg, Hazratganj, Lucknow, Uttar Pradesh 226001",https://unacademy.com/goal/jee-neet-foundation-coaching/JVITK/centre/Lucknow-Centre/MMNJKVWT24?source=citesCentreGoalPage
"Aakash Institute - Best NEET & IIT-JEE Coaching in Lucknow, Indira Nagar",919005150792,NEET/JEE,Lucknow,4.4,33,"B/1298, near Sai Mandir, B Block, Indira Nagar, Lucknow, Uttar Pradesh 226016",https://centers.aakash.ac.in/aakash-institute-best-neet-iit-jee-coaching-in-lucknow-indira-nagar-coaching-center-indira-nagar-lucknow-386461/Home?utm_source=locator&utm_medium=googleplaces
Vidya Ashram Career Institute | JEE NEET Boards Coaching in Jankipuram Extension | 8th 9th 10th 11th 12th Coaching,917706031079,NEET/JEE,Lucknow,4.6,67,"2/419, near Bithauli Crossing, Sector 2, Jankipuram Extension, Lucknow, Uttar Pradesh 226031",https://vidyaashram.in/
"Tiwari Tutorials – Best Coaching in Lucknow for CBSE, ICSE, IIT, and NEET Foundation | Aliganj",917388102629,NEET/JEE,Lucknow,4.5,253,"C-50, near Cms school, Sector O, Aliganj, Lucknow, Uttar Pradesh 226021",http://tiwaritutorials.in/
Amit Sir Biology Classes For NEET/AIIMS,919984666222,NEET/JEE,Lucknow,5,126,"First floor, Padmakar Bhawan, Naval Kishore Rd, in front of C B I office, Hazratganj, Lucknow, Uttar Pradesh 226001",
Narain Institute,919415349099,NEET/JEE,Lucknow,4.9,27,"4, New Janpath Complex, Ashok Marg, near Vikas Bhawan, Narhi, Hazratganj, Lucknow, Uttar Pradesh 226001",http://www.naraininstitute.com/
"Physics Wallah Vidyapeeth Coaching Center Lucknow Vrindavan | IIT JEE, NEET & Foundation",918037309033,NEET/JEE,Lucknow,4.9,171,"First Floor, Kahlon Emporium-II, Kahlon Garden City, Sector 12, Phase-I, Vrindavan Colony, Lucknow, Baraulikhalilabad, Uttar Pradesh 226029",https://www.pw.live/offline-centres/batches/vidyapeeth/lucknow-up/lucknow---vrindavan-722017
"MG Gyanpeeth Coaching Center Rajajipuram | Board, Foundation & IIT JEE",919453309383,NEET/JEE,Lucknow,4.9,188,"Taxi Stand, C-6/4242/1, near HP Petrol Pump, Block E, Rajajipuram, Lucknow, Uttar Pradesh 226017",http://www.mggyanpeeth.com/
Sky Coaching,918577000080,NEET/JEE,Lucknow,4.9,365,"House No 3, Radha Palace, Kursi Rd, Gayatri Puram, Adil Nagar, Lucknow, Uttar Pradesh 226022",
MATHOGENIC IITJEE NEET FOUNDATION,917518775552,NEET/JEE,Lucknow,5,23,"4/491 First Floor, near Amity Chowk, Vibhav Khand -4, Vibhav Khand, Gomti Nagar, Lucknow, Uttar Pradesh 226010",
"NEET/IIT-JEE/GATE/Jest/CSIR (Physics, Mathematics), Coaching Institute",919455943142,NEET/JEE,Lucknow,4.9,48,"House No-88, near paragi mandir, Fazullaganj, Lucknow, Uttar Pradesh 226013",
Resonance,917317311843,NEET/JEE,Lucknow,4.2,305,"1st Floor, YMCA Campus, Dainik Jagran Chauraha, 13, Rana Pratap Marg, Hazratganj, Lucknow, Uttar Pradesh 226001",https://www.resonance.ac.in/
"Vidyamandir classes, Gomti Nagar, Lucknow | IIT JEE, NEET & Foundation Classes",919792001796,NEET/JEE,Lucknow,4.8,54,"3rd Floor- CP-08, Viraj Khand, Gomti Nagar, Lucknow, U.P Landmark, Near, Singapore Mall Rd, Viraj Khand-4, Viraj Khand, Gomti Nagar, Lucknow, Uttar Pradesh 226010",https://www.vidyamandir.com/
Vidya Ashram Career Institute- Best Coaching for IIT-JEE/NEET/Foundation,915224334520,NEET/JEE,Lucknow,4.1,37,"C-6/4242/1, adj. Petrol Pump, opp. New Tempo Stand, Block E, Rajajipuram, Lucknow, Uttar Pradesh 226017",https://vidyaashram.in/
S-Orbit Institute,919305287910,NEET/JEE,Lucknow,4.9,80,"2/45, Vibhav Khand, Gomti Nagar, Lucknow, Uttar Pradesh 226010",https://s-orbit.org/our-course/foundation-academic/
Zwitter Institute,918090022212,NEET/JEE,Lucknow,4.6,105,"R.K. Plaza, Naval Kishore Rd, in front of leela cinema, Hazratganj, Lucknow, Uttar Pradesh 226001",
Resilience neet & iit,918887579768,NEET/JEE,Lucknow,5,145,"First Floor, Pratap Bhawan, near Leela cinema, Hazratganj, Lucknow, Uttar Pradesh 226001",https://resilienceneetiit.com/
Ashfaq Sir Chemistry,919935552255,NEET/JEE,Lucknow,4.8,337,"Hall No 4, Naval Kishore Rd, Hazratganj, Lucknow, Uttar Pradesh 226001",https://gravityclasses.org/
P3 physics classes IIT-JEE II NEET,919919222899,NEET/JEE,Lucknow,5,137,"4/641, Vijayant Khand, Gomti Nagar, Lucknow, Uttar Pradesh 226010",http://www.p3physics.com/
"Aakash Institute - Best NEET & IIT-JEE Coaching in Lucknow, Sector 7",919044822296,NEET/JEE,Lucknow,4.7,66,"Narain Bhawan, near Bhawani Bazaar Chauraha, Sector 4, Sector 7, Jankipuram Extension, Lucknow, Uttar Pradesh 226031",https://centers.aakash.ac.in/aakash-institute-best-neet-iit-jee-coaching-in-lucknow-sector-7-coaching-center-sector-7-jankipuram-extension-lucknow-386462/Home?utm_source=locator&utm_medium=googleplaces
Genius Home Tutorial,918528178129,NEET/JEE,Lucknow,4.9,277,"Lucknow uttar pradesh 3/4, Vikas Nagar Rd, Sector 3, Vikas Nagar, Lucknow, Uttar Pradesh 226022",http://www.geniushometutorial.com/
"Tuition teacher -Best Physics Math Tutor for class 11,12 / IIT JEE / NEET level",918455958965,NEET/JEE,Lucknow,4.9,116,"2, 506, Kursi Rd, Sector H, Jankipuram, Lucknow, Uttar Pradesh 226021",http://akhilfisicaclasses.blogspot.com/
HOME TUTOR LUCKNOW,917376484043,NEET/JEE,Lucknow,4.9,71,"near ATS Office, Amausi, Lucknow, Uttar Pradesh 226009",https://hometutorlucknow.com/
Dream Tuition Agency - Home Tutor in Lucknow,918400526815,NEET/JEE,Lucknow,5,281,"LGF-18, near Prem bazar, New Hyderabad, Nishat Ganj, Lucknow, Uttar Pradesh 226007",https://dreamtuitionagency.com/home-tutor-in-lucknow/
Lucknow coaching Institute & Home tuition,917860851747,NEET/JEE,Lucknow,4.9,46,"Near Sadar railway crossing, Durga mandir, Kumhar Wali Gali, Purana Quilla, Sadar Bazaar, Khatkeyana, Lucknow, Uttar Pradesh 226001",
Tiwari Classes Lucknow,919721440616,NEET/JEE,Lucknow,4.9,328,"13/193, opp. RLB sect14, Sector 13, Indira Nagar, Lucknow, Uttar Pradesh 226016",
Tutors Link Lucknow,917800107763,NEET/JEE,Lucknow,4.9,75,"Sadbhavana Vihar Colony, 538/p-1/KH-383, Sitapur Rd, Ahibaranpur, Sector CS, Triveni Nagar, Lucknow, Uttar Pradesh 226020",https://www.tutorslinklucknow.com/
Tripathi Classes,919936563542,NEET/JEE,Lucknow,4.7,214,"Sector9, 9, near Dikshit Pathology Mod, Sector 8, Vikas Nagar, Lucknow, Uttar Pradesh 226022",
MindvsYou Learning - Maths & Science Coaching (Class 8 - 12),918448970354,NEET/JEE,Lucknow,4.9,17,"1st floor, Skyline Plaza 1, near Lulu Mall, Golf City, Sector B Ansal API, Lucknow, Muzaffar Nagar Ghusval, Uttar Pradesh 226030",http://mindvsyou.in/
Dynamic home tuition tutorials,918869994639,NEET/JEE,Lucknow,4.9,206,"Vrindavani apartment, 2/309, Sahara States, Jankipuram, Lucknow, Uttar Pradesh 226021",https://www.instagram.com/shahidkhannn__0786/profilecard/?igsh=M2FtaHRsZHAyY2Jp
New Way Classes,918318345088,NEET/JEE,Lucknow,4.9,378,"Near Unity City Chauraha On Macaulay Road, Kanchana Bihari Marg, Kalyanpur, Lucknow, Uttar Pradesh 226022",
YES HOME TUITION,919336734364,NEET/JEE,Lucknow,4.9,115,"Khasra NO.910,S Shukla Vihar Colony, Para Rd, Devpur, Rajajipuram, Lucknow, Uttar Pradesh 226017",
CHETNA ACADEMY – STEM & FOUNDATION INSTITUTE | 5th–12th | JEE • NEET • NDA | Lucknow,918960628583,NEET/JEE,Lucknow,5,24,"Indian oil petrol pump, Near, Amity University Rd, Nijampur Malhaur, Lucknow, Uttar Pradesh 226028",http://www.xnava.in/
"Qalp Educare - Best Home Tutors in Lucknow, Best Tuition bureau in Lucknow & Best Home tuition in Lucknow",917376966308,NEET/JEE,Lucknow,4.8,129,"1, 56, near to Priyam Crossing Plaza, Rajni Khand, Sharda Nagar, Lucknow, Uttar Pradesh 226002",http://www.qalpedu.com/
AL IQRA Tution Classes,919015414771,NEET/JEE,Lucknow,5,79,"Tedhi Pulia, Adarsh Nagar, Alambagh, Lucknow, Uttar Pradesh 226005",
Excellence Tuition Academy,917200252536,NEET/JEE,Lucknow,5,13,"Jama masjid, 500/143 kha, Kutubpur, Daliganj, Lucknow, Uttar Pradesh 226020",
Galaxy Classes,918318504122,NEET/JEE,Lucknow,4.9,185,"14/1190, near New Power House, Sector 14, Indira Nagar, Lucknow, Uttar Pradesh 226016",
Lucknow home tuitions,919450535389,NEET/JEE,Lucknow,5,46,"Babu banarsidas, Cantonment Rd, Barafkhana, Husainganj, Lucknow, Uttar Pradesh 226001",
Growwings Home tutors and tuition classes,918318585380,NEET/JEE,Lucknow,4.7,198,"Kotwali Rd, Matiyari, Chinhat, Lucknow, Uttar Pradesh 226028",
Success Academic Classes & Tutorial,918090327541,NEET/JEE,Lucknow,4.9,118,"F-Block 355/394 ka/1 Rajajipuram, near CMS School, Thadi Mohalla, Block F, Rajajipuram, Lucknow, Uttar Pradesh 226017",
Maths home tutor,919305326567,NEET/JEE,Lucknow,5,138,"Shahpur saraishekh, Chinhat, Lucknow, Uttar Pradesh 226028",
Spectrum Classes,919452888861,NEET/JEE,Lucknow,4.7,72,"Chauhan tower, 16/414, Sector 16, Indira Nagar, Lucknow, Uttar Pradesh 226016",
"tuitionworlds.com || Find Out The Best Home Tutors in Lucknow India ◆Unique Notes-Study Material,Teachers & Trainers near you",919151114547,NEET/JEE,Lucknow,4.9,115,"Gate No.3, Sahara Shopping Centre, near lekhraj metro station, Shakti Nagar, Indiranagar, Lucknow, Uttar Pradesh 226016",https://www.tuitionworlds.com/
"ESF HOME TUTOR , Best Home Tutors in Lucknow",917905227904,NEET/JEE,Lucknow,4.8,123,"Jeevan Plaza, Vipul Khand 2, Vipul Khand 3, Vipul Khand, Gomti Nagar, Lucknow, Uttar Pradesh 226010",
Zipmerg,919005410003,NEET/JEE,Lucknow,4.8,24,"Aliya Complex, near Amarpali Chauraha, Sector 25, Liberty Colony Park, Sarvodaya Nagar, Indira Nagar, Lucknow, Uttar Pradesh 226016",https://zipmerg.com/
"Krishnapriya Classes|| Coaching for Class 1st - 10th All subjects,11th- 12th - Commerce stream CBSE || || Laulai| Lucknow",919811867820,NEET/JEE,Lucknow,5,21,"Royal Green City, Plot No 31-C, behind Satya Narayan Petrol Pump, Lolai, Uttar Pradesh 226028",
Sunshine classes,919198911466,NEET/JEE,Lucknow,4.9,72,"Nazarbagh, ground floor, Royal Appartment, 106/83, Nazarbagh, Ghasyari Mandi, Aminabad, Lucknow, Uttar Pradesh 226001",
Sir Tutorials,917380955557,NEET/JEE,Lucknow,4.8,56,"C-1023/6, Indira Nagar Rd, B Block, Indira Nagar, Lucknow, Uttar Pradesh 226016",https://sirtutorials.in/
"Sahara Classes -सहारा हमारा, सफलता आपकी !",919918261909,NEET/JEE,Lucknow,4.9,79,"Integral University Boy's hostel, Heera Laal Chauraha, Dashauli, Uttar Pradesh 226026",
The Tuition Teacher - Home Tutors in Lucknow,918573999666,NEET/JEE,Lucknow,4.4,181,"529KA/195, picnic spot road, Khurram Nagar Rd, Matinpurwa, Vikas Nagar, Lucknow, Uttar Pradesh 226022",https://thetuitionteacher.com/
Ashayein - Find Best Home Tuition/Tutors in Lucknow,917991998888,NEET/JEE,Lucknow,4.7,286,"Head office- Ashayein.com, M-26/27 D-1, Kanpur - Lucknow Rd, Sector G, LDA Colony, Lucknow, Uttar Pradesh 226012",http://www.ashayein.com/
The Best Home Tutors in Lucknow India,919807847700,NEET/JEE,Lucknow,4.9,57,"H-6, near rlb, Vaibhav Bazar, Liberty Colony Park, Sarvodaya Nagar, Indira Nagar, Lucknow, Uttar Pradesh 226016",
Gupta tutorial's (MATHEMATICS),919335234903,NEET/JEE,Lucknow,4.8,279,"Cantonment Rd, Nilmatha Bazar, Vijay Nagar, chauraha, Lucknow, Uttar Pradesh 226002",
Gyankosh Tutorial,918573948699,NEET/JEE,Lucknow,5,53,"near L.G Godam, Priyadarshini Colony, Keshav Nagar, Lucknow, Uttar Pradesh 226020",https://gyankoshtutorial.com/
Thinkora Home Tutions,918112927414,NEET/JEE,Lucknow,5,46,"Golf City, Lucknow, Yusufnagar, Uttar Pradesh 226030",https://thinkora-home-tutorials.grexa.site/
Vedantu Learning Center Aliganj - JEE / NEET / Foundation,918953736366,NEET/JEE,Lucknow,5,43,"Plot No CP-3, Sitapur Rd Yojna, sector E, Jankipuram, Lucknow, Uttar Pradesh 226021",https://www.vedantu.com/offline-centres/lucknow/jankipuram?utm_source=organic&utm_medium=googlemybusiness&utm_campaign=offline
Guru Home Tutors Ashiyana,919151115431,NEET/JEE,Lucknow,5,5,"L2/5, Sector D, LDA Colony, Lucknow, Uttar Pradesh 226012",https://www.guruhometutors.com/
"Tiwari Tutorials – Best Coaching in Lucknow for CBSE, ICSE, IIT, and NEET Foundation | Vijayant Khand",917388102630,NEET/JEE,Lucknow,4.6,189,"V2FG+FFV, Virat Khand Rd, Vijayant Khand, Gomti Nagar, Lucknow, Uttar Pradesh 226010",http://www.tiwaritutorials.in/
BEST HOME TUITION IN LUCKNOW online tuition offline tuition IIT JEE / NEET HOME TUITIONS,916392146681,NEET/JEE,Lucknow,4.6,15,"New Rahim Nagar, Lucknow, Uttar Pradesh 226006",
Daksh Tutorials-2,919044895120,NEET/JEE,Lucknow,4.9,85,"near kali temple, Kumhar Mandi, Telibagh, Lucknow, Uttar Pradesh 226025",
Neetwalaz – Best NEET Coaching in Hyderabad | Top Long-Term NEET Institute in Nizampet,916302880992,NEET/JEE,Hyderabad,4.9,106,"ms reddy building, high tension lane, opposite Bank of Maharashtra, above polimeras, Ram Naresh Colony, nizampet, Hyderabad, Telangana 500049",https://www.neetwalaz.com/
RANKRIDGE - Best Junior Colleges with IIT JEE & NEET Coaching in Hyderabad,919959271353,NEET/JEE,Hyderabad,4.9,361,"First Floor, Before Sitara Grand Hotel, Metro Station, H No - MIG 12, Rd Number 1, near KPHB, Kukatpally Housing Board Colony, Phase 1, K P H B Colony, Kukatpally, Hyderabad, Telangana 500072",https://www.rankridge.com/
Akash academy for neet jee and eamcet coaching.,919000428180,NEET/JEE,Hyderabad,5,243,"Vasudeva Reddy Complex, Kishan Bagh Rd, Attapur, Mushk Mahal, Hyderabad, Telangana 500048",
"RANKRISE - Best NEET | IIT-JEE (MAINS & ADVANCED) | EAMCET & BITSAT Coaching Center in SR NAGAR,Hyderabad",918367354254,NEET/JEE,Hyderabad,4.9,124,"1st floor, METRO STATION, opp. Union Bank Royal college building, near SR Nagar, Sanjeeva Reddy Nagar Office Area, Sanjeeva Reddy Nagar, Hyderabad, Telangana 500038",http://www.rankrise.in/
"Spark Academy|Best EAMCET/NEET/JEE Long Term Regular |Long Term in Narayanguda, Hyderabad, Telangana",918977525461,NEET/JEE,Hyderabad,4.3,301,"& Madapati Hanumantha Rao School, 3-5-1094, 4th Floor, 500027, Venkateshwara Colony, King Koti, Narayanguda, Hyderabad, Hyderguda, Telangana 500027",https://www.sparkacademyonline.com/
"INSPIRE INSTITUTE for IIT JEE, EAMCET/ EAPCET, INTERMEDIATE AND SCHOOLING",918121404040,NEET/JEE,Hyderabad,4.9,331,"H.NO-1-8-113, SECOND FLOOR,street, 10, Ambedkar College Rd, Chikkadpally, Hyderabad, Telangana 500044",
JN CHEMISTRY JEE & NEET,919704199992,NEET/JEE,Hyderabad,4.8,337,"Shivam Rd, Vidya Nagar, Adikmet, Hyderabad, Telangana 500044",http://www.jnchemistry.com/
SSR NATIONAL ACADEMY-IIT JEE NEET- EAPCET-POLYCET|BEST COACHING AND TOP ACADEMY IN DILSUKHNAGAR||HYDERABAD,919347096992,NEET/JEE,Hyderabad,5,79,"3rd floor, CL Reddy Complex, above Bajaj electronics, opp. Kamala hospital, Hanumannagar, Indira Nagar, Dilsukhnagar, Hyderabad, Telangana 500060",http://www.ssracademy.tech/
Neet World- NEET | JEE | EAPCET | Foundation | Intermediate | Hyderabad,918977746381,NEET/JEE,Hyderabad,5,64,"Golden Leaf Estates, Chitrapuri Colony Rd, Chitrapuri Colony, Lingampally, Narayanguda, Hyderabad, Telangana 500027",https://neetworld.in/
Dr Bhatia Medical Coaching Institute,918639540965,NEET/JEE,Hyderabad,4.3,242,"6-1-103/103, CRPF Rd, near PULSE HOSPITAL, Bapuji Nagar, Musheerabad, Walker Town, Padmarao Nagar, Hyderabad, Telangana 500020",
"SRINARAYANA Group - Best Intermediate, IIT-JEE & NEET Coaching in Hyderabad",919063067543,NEET/JEE,Hyderabad,5,28,"H No - MIG 12, 1st Floor, North Block, Metro Station, Rd Number 1, near KPHB, beside Devi Jewellers, Kukatpally Housing Board Colony, Phase 1, K P H B Phase 1, Kukatpally, Hyderabad, Telangana 500072",https://www.srinarayanagroup.com/
"Spark Academy Ameerpet, Hyderabad",918790037456,NEET/JEE,Hyderabad,4.7,236,"301, Pancom Business Center, 3rd Floor, METRO PILLAR NO. 1069, 0pp.chennai shopping mall, Nagarjuna Nagar colony, Ameerpet, Hyderabad, Telangana 500073",https://www.sparkacademyhyd.com/
"Sri Chaitanya Academy - IIT JEE & NEET Coaching in Dilsukhnagar, Hyderabad",919177444326,NEET/JEE,Hyderabad,4.5,102,"2nd Floor, 13-18-92/b,c,d, Opp, Metro Pillar No. 1561, Landmark, above Tanishq Jewellery, VR Colony, Kamala Nagar, Dilsukhnagar, Hyderabad, Telangana 500060",https://srichaitanyaacademy.net/centres/sri-chaitanya-hyderabad-coaching-centre-dilsukhnagar
My Dreamz Academy NEET | IIT-JEE | EAPCET,917995918906,NEET/JEE,Hyderabad,4.6,266,"Metro pillar no -A1560, Swapna hospital, beside Khajana jewellery lane, opposite lane, Millenium Residency, Chaitanyapuri, Dilsukhnagar, Hyderabad, Telangana 500060",https://mydreamzacademy.com/
Neet coaching in hyderabad by graviitycloud,919281116151,NEET/JEE,Hyderabad,5,13,"m.s reddy Building, high tension line, above nature trunk shop, above polimeras shop, Hyder Nagar, Brindavan Colony, Nizampet, Hyderabad, Telangana 500085",http://www.neetwalaz.com/
Pentagon Institute of Science - Best NEET Institution in Hyderabad,919494801856,NEET/JEE,Hyderabad,5,84,"10-3-677, Vijaynagar Colony, SBH Colony, Vijaya Nagar Colony, Hyderabad, Telangana 500057",https://www.pentagoninstitute.in/
Doctors Neet Academy-DNA,918885283592,NEET/JEE,Hyderabad,4.9,239,"Kuntloor Rd, near Hayath Nagar Bus Station, Priyadarshini Colony, Subhramanya nagar, Hayathnagar_Khalsa, Hyderabad, Telangana 501505",
"Physics Wallah Kothapet Vidyapeeth Hyderabad | IIT JEE, NEET & Foundation",919513762323,NEET/JEE,Hyderabad,4.7,238,"01st Floor, JMR Jagini's Plaza, H.No. 11-13-728-/B/1, Saroor Nagar Rd, polkampally, Dwarka Nagar, Kothapet, Hyderabad, Telangana 500102",https://www.pw.live/offline-centres/batches/vidyapeeth/hyderabad-tg/hyderabad---kothapet-vidyapeeth--info-center--430428/NEET-coaching
"Vedantu Medical Academy, Vedantu NEET Academy, Vedantu IIT & Medical Academy, Vidyamandir Classes IIT & NEET",916309025980,NEET/JEE,Hyderabad,4.9,284,"Ayyappa Society, 3-510, near YSR statue, opp. Taza Kitchen, Chanda Naik Nagar, Madhapur, Hyderabad, Telangana 500081",https://www.vidyamandir.com/hyderabad/
"CAREER POINT(KOTA, RAJASTHAN) for JEE & NEET, HIMAYATNAGAR, HYDERABAD",917331122845,NEET/JEE,Hyderabad,4.8,187,"Hari OM Apartment, 3rd Floor, Babai Hotel Building, MAIN Road, AP State Housing Board, Himayatnagar, Hyderabad, Telangana 500029",https://careerpointhyderabad.in/
Junaid's Tutorials,919885397893,NEET/JEE,Hyderabad,4.3,336,"10-3-262/A Humayun Nagar, Ex Service Men Colony, Mehdipatnam, Hyderabad, Telangana 500006",http://junaidstutorials.com/
"Sri Chaitanya Academy - Best IIT JEE & NEET Coaching in Tirumalagiri, Hyderabad",919177444837,NEET/JEE,Hyderabad,4.4,32,"2nd Floor, Mahaveer Towers, Rajiv Rahadari, above Adidas Showroom, Lal Bahadur Colony, Tirumalagiri, Hyderabad, Secunderabad, Telangana 500015",https://srichaitanyaacademy.net/centres/sri-chaitanya-hyderabad-coaching-centre-tirumalagiri
Concept Learn: NEET | IIT JEE | LONGTERM | EAPCET | Top IIT JEE Coaching centre in Hyd | Top NEET Coaching centre in Hyd,919032351003,NEET/JEE,Hyderabad,5,85,"First Floor, Ujwala Academy Building, Dilsukh Nagar Main Rd, opp. Metro Pillar No: 1529, Gaddiannaram, Madhura Puri Colony, Dilsukhnagar, Hyderabad, Telangana 500060",https://conceptlearn.in/
"Evans Academy : EAMCET JEE-MAINS NEET INTER COACHING CENTER SR Nagar, Ameerpet Hyderabad",919052155596,NEET/JEE,Hyderabad,4.8,184,"EVANS ACADEMY, 44 SRT, STREET, 6 lane, Street Number 6, near new police station, East Srinivas Nagar Colony, Srinivasa Nagar, Sanjeeva Reddy Nagar, Hyderabad, Telangana 500016",https://evansacademy.in/
GNOSIS Vaidya Vidhya Prabodhini NEET Academy,919966114953,NEET/JEE,Hyderabad,4.9,165,"13-3-101, Hanuman Nagar, Millenium Residency, Chaitanyapuri, Dilsukhnagar, Hyderabad, Telangana 500060",http://www.gnosisvvp.com/
"Sri Chaitanya Academy - Best IIT JEE & NEET Coaching in Himayat Nagar, Hyderabad",919515111065,NEET/JEE,Hyderabad,4.3,92,"1st Floor, Legend Venkatesha, D No. 3-6-784/12&13, beside Taj Mahal Hotel, Narayanguda, Hyderabad, Telangana 500029",https://srichaitanyaacademy.net/centres/sri-chaitanya-hyderabad-coaching-centre-himayatnagar
"Aakash Institute - Best NEET & IIT-JEE Coaching in Hyderabad, Habsiguda",918800950201,NEET/JEE,Hyderabad,4,166,"Bldg C973, Sai Sandeep Infra Developers, 7/101, opposite Metro Pillar No 975, Nagendra Nagar, Habsiguda, Hyderabad, Telangana 500007",https://centers.aakash.ac.in/aakash-institute-best-neet-iit-jee-coaching-in-hyderabad-habsiguda-coaching-center-habsiguda-hyderabad-202107/Home?utm_source=locator&utm_medium=googleplaces
"Aakash Institute - Best NEET & IIT-JEE Coaching in Hyderabad, Kondapur",918800897955,NEET/JEE,Hyderabad,4,81,"1st Floor, Sri Mytri Square, Kothaguda, Gachibowli - Miyapur Rd, above Barbeque Nation Restaurant, Kondapur, Laxmi Cyber City, Whitefields, Gachibowli, Hyderabad, Telangana 500084",https://centers.aakash.ac.in/aakash-institute-best-neet-iit-jee-coaching-in-hyderabad-kondapur-coaching-center-kondapur-hyderabad-131311/Home?utm_source=locator&utm_medium=googleplaces
SRI G NARAYANA IIT - MEDICAL ACADEMY,919000774747,NEET/JEE,Hyderabad,4.6,61,"Pillar Number 143, lane, Attapur, Krishna Nagar, Hyderabad, Telangana 500048",
RB IIT NEET ACADEMY,919030565621,NEET/JEE,Hyderabad,4.5,214,"I FLOOR ,ABR ARCADE, above TELANGANA GRAMEENA BANK, near Fever Hospital Main Road, Sumitra Sapandana Enclave, Padma Colony, New Nallakunta, Hyderabad, Telangana 500044",http://rbiitacademy.com/
Tuitions for Inter Eamcet Neet IIT-JEE | Tuitions in Hyderabad | K.V Educational Academy,919032688828,NEET/JEE,Hyderabad,4.9,54,"Flat. No 202, RTC Cross Road, Royal Colony, Mehdipatnam, Hyderabad, Telangana 500006",
PRISM FORUM FOR IIT-JEE&NEET,919849997735,NEET/JEE,Hyderabad,4,272,"H no:16-11, 1st floor, 477/6/1/A/1, above Andra Bank Atm, Indira Nagar, Dilsukhnagar, Hyderabad, Telangana 500060",http://www.prismacademy.co.in/
"Sri vasishta Junior college Dilsukhnagar,Best junior college near Dilsukhnagar for M.P.C.,Bi.P.Cand IIT-JEE and NEETcoaching.",919154991874,NEET/JEE,Hyderabad,4.8,186,"16-11-511/C/11, Shalivahana Nagar, Shalivahana Nagar Colony, Dilsukhnagar, Hyderabad, Telangana 500036",
"Dr.Rajesh's BIOGENESIS CSIR NET,GATE, IIT JAM,CPGET,JEE, SET , DL, JL,PL, GENCO CHEMISTRY Coaching Center Hyderabad,Telangana",919963697976,NEET/JEE,Hyderabad,4.9,354,"H, Street No. 8, Chitrapuri Colony, Barkatpura, Narayanguda, Hyderabad, Telangana 500029",http://www.drrajeshbiogenesis.com/
SMART MINDS IIT ACADEMY - IIT I JEE I NEET I EAMCET I GRE I SAT I All competetive exams coaching.,919030476369,NEET/JEE,Hyderabad,5,57,"Plot no 22R, St.Michael's Colony, opp. Don Bosco Post Office Road, Abhyudaya Nagar, office, Bandlaguda Jagir, Telangana 500086",http://smartmindsiitacademy.com/
RANKRISE - Best NEET | IIT-JEE (Mains& Advanced)| EAMCET Long Term & Short Term Coaching centres in Hyderabad.,919948962952,NEET/JEE,Hyderabad,5,34,"A.D.R Estate,Flat No.302,3rd Floor,HMT Road,Bhagya Nagar colony, Kukatpally Housing Board Colony, Bhagya Nagar Colony, Kukatpally, Hyderabad, Telangana 500072",https://rankrise.in/hyderabad/neet-iit-jee-eamcet-coaching/
"Score99 Academy – IIT-JEE, NEET, EAMCET Coaching & Tuitions for Class 6–12 & Intermediate",918897859762,NEET/JEE,Hyderabad,4.7,102,"485, Street Number 10, Aswini Colony, West Marredpally, Secunderabad, Telangana 500026",http://www.score99academy.com/
IIT-JEE &NEET ACADEMY ( in MALKAJGIRI),917396242713,NEET/JEE,Hyderabad,4.7,62,"House NO: 20-80/2/1 dayanand nagar, Venkataramana Apartments, Road No. 3, Dayananad Nagar, Malkajgiri, Secunderabad, Telangana 500047",
"ALLEN Career Institute - Narayanguda Campus | IIT JEE, NEET & Foundation",919606045074,NEET/JEE,Hyderabad,4.7,15,"First Floor, No 5/10/173, Fateh Maidan Lane, Band Colony, Basheer Bagh, Hyderabad, Telangana 500004",https://www.allen.ac.in/hyderabad/?utm_source=GMB&utm_medium=Organic&utm_campaign=ALLEN_Career_Institute_Narayanguda_Campus
Sri Abhida College for IIT-JEE & NEET,919912620200,NEET/JEE,Hyderabad,4.7,224,"Sri Abhida Cross Roads,Vijetha Super Market, Main Gate, Janapriya Apartments, Janapriya Utopia Rd, above Janapriya Apartments, Hyderguda, Jana Priya Utopia, Upperpally, Hyderabad, Telangana 500048",http://www.sriabhida.com/
"Sanjay Physics Tuitions for 9th-12th classes, IIT & NEET",918247091095,NEET/JEE,Hyderabad,5,36,"12-10-412/3 Namalagundu, Sri Rayapatnam, Seethaphalmandi, Padmarao Nagar, Secunderabad, Telangana 500061",https://www.sanjaytuitions.com/
Wings Home Tuition,917667837995,NEET/JEE,Hyderabad,5,55,"Road No. 4, Nizam Colony, Toli Chowki, Hyderabad, Telangana 500008",https://wingshometuition.com/
STEMIFY ACADEMY,919441018484,NEET/JEE,Hyderabad,4.9,116,"Shop no 4, first floor, Pillar Number 176, Opp, Hyderabad-48, Khayyam Nagar, Rambagh Colony, Upperpally, Hyderabad, Telangana 500048",https://stemify.in/
s3 chemistry academy,919701660601,NEET/JEE,Hyderabad,5,77,"Suchitra, Godavari Homes, Quthbullapur, Hyderabad, Telangana 500055",
GRADE Home Tuition,917569769084,NEET/JEE,Hyderabad,5,18,"Masthan Nagar, CBI Colony, Jubilee Hills, Hyderabad, Telangana 500033",https://gradehometuition.netlify.app/
SREE ACADEMY TUITIONS,917729056486,NEET/JEE,Hyderabad,4.9,71,"NO.9, FILM NAGAR, Durga Bhawani Nagar, Giani Zail Singh Nagar, Jubilee Hills, Hyderabad, Telangana 500096",
Sri Sai Bhargav Tuitions,919705817666,NEET/JEE,Hyderabad,5,65,"Gokul Plots, Sri Sri Dwarkamai, 13th Phase Rd, opp. Ghanysham Mart, Kukatpally Housing Board Colony, Venkata Ramana Colony, Kukatpally, Hyderabad, Telangana 500085",
Narahari Home Tuition Point,919603552240,NEET/JEE,Hyderabad,4.9,112,"2-63, Satyanarayanapuram Colony, Prabhat Nagar Colony, Kothapet, Hyderabad, Telangana 500060",https://naraharitutions.com/
Mathspark tuition centre,919032965272,NEET/JEE,Hyderabad,4.9,96,"dream vally colony, Street Number 7, Mallampet, Hyderabad, Telangana 500118",
MASTERS TUITIONS & MASTERS IIT ACADEMY,917997813819,NEET/JEE,Hyderabad,4.9,37,"Agriculture Colony, AGRL Colony, Hastinapuram, Hyderabad, Telangana 500079",
Radiance Academy,919885516101,NEET/JEE,Hyderabad,5,150,"302, Lakshmi Residency, Dharam Karan Rd, Divyashakti Appartments, Ameerpet, Hyderabad, Telangana 500016",http://www.radianceacademy.co.in/
TRIVENI ACADEMY/BTECH TUITIONS/EAMCET/ DIPLOMA/INTERMEDIATE TUTORIALS/KPHB,919848581807,NEET/JEE,Hyderabad,4.9,314,"Flat no:201, HOTEL SHANKARA Vilas, Plot no 94/A, HMT Hills Rd, opp. to JNTU, Addagutta Society, Jal Vayu Vihar, Kukatpally, Hyderabad, Telangana 500085",
"Smart Minds Tutorials, Narayanaguda",919000000132,NEET/JEE,Hyderabad,4.9,215,"Mogal Marc Building, flat#304 3rd floor, opp. Deepak theatre, Chitrapuri Colony, Lingampally, Narayanguda, Hyderabad, Telangana 500027",http://www.smartmindstutorials.in/
AMRONAG ACADEMY & TUITION CENTRE,919059079978,NEET/JEE,Hyderabad,4.9,105,"Flat No: 101, Lakshmi Nilayam, Plot No: 665, Peacock circle, opposite United Christ Church, Pragathi Nagar, Hyderabad, Telangana 500090",
Zefinity Tutoring - IBDP Tutoring Centre,919949070074,NEET/JEE,Hyderabad,4.9,123,"Zefinity Road, Flat 401/A, Plot 18/1 & 21/1/P Siri Sampada Arcade III, 4th Floor, Khajaguda Main Road, Madhura Nagar Colony, Gachibowli, Hyderabad, Telangana 500104",https://zefinitytutoring.com/
Spark Educational Academy,918686414615,NEET/JEE,Hyderabad,5,23,"3/B, Rein Bazar Rd, Rein Bazaar, Hyderabad, Telangana 500023",http://sparkeducationalacademy.com/
SRI SAIRAM TUITIONS,918801613387,NEET/JEE,Hyderabad,5,119,"2-2-185/90/E/3,Opp SBI ATM R.K.NAGAR, Mallikarjuna Nagar Rd, Bagh Amberpet, Amberpet, Hyderabad, Telangana 500013",
JN-TUITION POINT,919294450406,NEET/JEE,Hyderabad,4.8,50,"12-2-790/162, Ayadya Nagar Colony Ayodhya Nagar Colony, Dilshad Nagar Colony, Gudimalkapur, Hyderabad, Telangana 500006",
EXAM GUIDE HOME TUITIONS & TUITION CENTRE,917893402795,NEET/JEE,Hyderabad,4.9,38,"Bank Colony, Boudhanagar Colony, Hyderabad, Telangana 500061",https://examguidetutorials.com/
Xpert Tutorials,919014323449,NEET/JEE,Hyderabad,5,19,"8-3-168/E/12A, Road No. 1, Rajeev Nagar, yousufguda, Hyderabad, Telangana 500018",
G S ACADEMY TUITION CENTRE,919949099880,NEET/JEE,Hyderabad,4.8,90,"1st Floor, Income Tax Colony, 12-2-823/B/47, Kanti Nagar Rd, 2nd Lane, Gudimalkapur, Hyderabad, Telangana 500006",http://www.gsacademy.in/
ScienTutor IIT & NEET Foundation Academy,917993313502,NEET/JEE,Hyderabad,5,26,"H.No.6, 3-89, Prasanth Nagar, Miyapur, Hyderabad, Telangana 500049",http://www.scientutor.in/
Elemental Experts - Chemistry for CBSE/NEET,919318497397,NEET/JEE,Hyderabad,5,37,"BLOCK-31, MALAYSIAN TOWNSHIP, Raintree Park Rd, Kukatpally Housing Board Colony, Malaysian Twp, KPHB 5th Phase, Kukatpally, Hyderabad, Telangana 500085",http://elementalexperts.in/
"MASTER'S TUITION POINT FOR 8TH, 9TH AND 10TH CLASS",919010255167,NEET/JEE,Hyderabad,4.9,37,"MIG A-72, behind HANUMAN TEMPLE, Dr. A. S. Rao Nagar, Hyderabad, Secunderabad, Telangana 500062",
Aamer Home Tuitions,919666547241,NEET/JEE,Hyderabad,5,30,"87/4, opposite IBA Hospital, MD Lines, Toli Chowki, Hyderabad, Telangana 500008",https://aamerhometuitions.in/
Vivek's Classes - Tuitions,919908844463,NEET/JEE,Hyderabad,5,71,"Pearl 806, MY HOME JEWEL, Hafeezpet, Madeenaguda, Hyderabad, Telangana 500049",http://www.viveksclass.com/
AB HOME TUTORS (HYDERABAD),919959871881,NEET/JEE,Hyderabad,5,88,"C9VR+CC4, near Deepika Residency, Chanda Naik Nagar, Madhapur, Hyderabad, Telangana 500081",https://www.brighthometutorsite.com/
Success Institution,917207622228,NEET/JEE,Hyderabad,4.5,248,"Flat No 303, City Center Complex, beside South India Shopping mall, polkampally, Margadarshi Colony, Kothapet, Hyderabad, Telangana 500102",https://instagram.com/successinstitution_kothapet?igshid=ZDdkNTZiNTM=
Learning hub TUITION POINT,919948563158,NEET/JEE,Hyderabad,4.9,67,"Shehasagar Nilayam, 5-3-560/4, first floor, Mee seva, building, opposite to union Bank, Vijayapuri Colony Phase II, Phase 2, Vaidehi Nagar, Vanasthalipuram, Hyderabad, Telangana 500070",
"Prayas Concept Classes – IIT JEE, NEET & Foundation Coaching",918777675633,NEET/JEE,Hyderabad,5,33,"Phase 5, 201, Kukatpally Housing Board - Hitech City Rd, above Vijji Jewellers, Kukatpally Housing Board Colony, KPHB 5th Phase, Kukatpally, Hyderabad, Telangana 500085",https://prayasconceptclasses.com/
Sai tutions,918341246621,NEET/JEE,Hyderabad,5,62,"Opp:Medplus, Indian Digital School Lane, 1-223/4, plot 29&20, Balaji Enclave, Kala Nagar, New Vivek Nagar Colony, Jillalguda, Dasari Narayana Rao Kala Nagar, Meerpet, Medbowli, Hyderabad, Telangana 500097",https://saitutions.databutton.app/sai-tutions
Omega Educational Academy,919160474789,NEET/JEE,Hyderabad,5,96,"Sai Baba Nagar Colony, Central Excise Colony, Sukh Vihar, Bagh Amberpet, New Nallakunta, Hyderabad, Telangana 500013",http://www.omegaeducationalacademy.com/
ASK ENGINEERING ACADEMY | B.TECH TUITIONS | DIPLOMA TUITIONS | INTER TUITIONS | B.TECH TUITIONS ONLINE,919063420133,NEET/JEE,Hyderabad,4.8,396,"KONARK LINE, ARK HEALTH CARE HOSPITAL, 7-79, BESIDES, near HDFC ATM, Gaddiannaram, Kalyani Estate, Madhura Puri Colony, Dilsukhnagar, Hyderabad, Telangana 500060",https://askengineeringacademy.com/
VIDYARTHI TUITION ACADEMY,919700999128,NEET/JEE,Hyderabad,4.5,54,"Road No. 2, Sri Nagar Colony, Prashanthinagar, Prashanth Nagar, Uppal, Hyderabad, Telangana 500039",
"FirstLearn Academy for Tuitions - Kondapur - Sudharshan nagar Colony | Home tutors, Online tutors available",918277996623,NEET/JEE,Hyderabad,5,18,"Ground Floor, Plot no 60, Road No. 6A, beside SMR VINAY ICONIA, Kondapur, Sudarshan Nagar Colony, area, Hyderabad, Serilingampalle (M), Telangana 500019",https://firstlearnacademy.com/
Tutoroot Technologies Pvt. Ltd.,917386694999,NEET/JEE,Hyderabad,4.1,194,"Gowra Palladium 2nd Floor, Unit 203, Madhapur, Silpa Gram Craft Village, HITEC City, Hyderabad, Telangana 500032",https://www.tutoroot.com/
Manjula’s EduMantra Tuitions,919963994526,NEET/JEE,Hyderabad,4.9,31,"201, ISOLA, Giridhari Homes, Abhyudaya Nagar, Anand Nagar, Bandlaguda Jagir, Telangana 500086",
BRS ACADEMY (Tuition centre),917893252730,NEET/JEE,Hyderabad,4.8,28,"Gokul nilayam, Plot no.320, Anjaneya Nagar, AGI Colony, Moosapet, Hyderabad, Telangana 500018",
Kalyan Academy,918332887887,NEET/JEE,Hyderabad,5,157,"12-12-993/6, Bharat Nagar, Moosapet, Hyderabad, Telangana 500018",http://www.kalyanacademy.com/
Chanakya Academy,919293923576,NEET/JEE,Hyderabad,4.8,206,"between 7&8, Sri Sai Nagar arch, 500085, JNTU pillars, behind Lucid diagnostic centre, Kukatpally Housing Board Colony, IDPL Staff Cooperative Housing Society, Kukatpally, Hyderabad, Telangana 500085",https://www.chanakyaacademyedu.com/
CHERRY HOME TUITIONS,919000440762,NEET/JEE,Hyderabad,4.5,117,"Sanjeeva Reddy Nagar, Hyderabad, Telangana 500038",https://cherryhometuitions.in/
Erudite Guru Academy,919885200021,NEET/JEE,Hyderabad,4.7,30,"4-452/2/1, New Balaji Nagar Street no 1, Meerpet, to, Balapur Rd, Sri Sai Balaji Town Ship, Meerpet, Hyderabad, Telangana 500097",https://eruditeguru.com/eg-centers/
Online/Offline Tuition for class 1-10,917997179591,NEET/JEE,Hyderabad,4.8,11,"12-2-354, opposite Masjid e Noor, Dattadari Colony, Murad Nagar, Hyderabad, Telangana 500006",
Sruti's Tuition Point,917673903099,NEET/JEE,Hyderabad,5,127,"V, SYMPHONY PARK HOMES, 218, Road No. 5, Beeramguda, Hyderabad, Patancheruvu, Telangana 502319",
"Vedantu Learning Center Hyderabad, Kukatpally Front Office - JEE / NEET.",918065820915,NEET/JEE,Hyderabad,5,17,"Ground Floor, Shop 12, 6-1, Mumbai Hwy, Near, Vedantu Learning Centre Front, Main Rd, Balaji Nagar, Kukatpally, Hyderabad, Telangana 500072",https://www.vedantu.com/
Chanakya Tutorial,919494327030,NEET/JEE,Hyderabad,5,18,"The Mastermind International School, Manohar Nilayam Rd, Hyderabad, Nallagandla, Telangana 500019",https://chanakyaiit.weebly.com/
"Aakash Institute - Best NEET & IIT-JEE Coaching in Mumbai, Andheri West",918800013067,NEET/JEE,Mumbai Andheri,4,291,"1st & 3rd Floor, Best Commercial Complex, opposite Andheri Railway Station, A-Wing, Railway Colony, Andheri West, Mumbai, Maharashtra 400058",https://centers.aakash.ac.in/aakash-institute-best-neet-iit-jee-coaching-in-mumbai-andheri-west-coaching-center-andheri-west-mumbai-124069/Home?utm_source=locator&utm_medium=googleplaces
"ALLEN Career Institute - Andheri East, Campus II, Mumbai | IIT JEE, NEET & Foundation Coaching",919513731440,NEET/JEE,Mumbai Andheri,4,189,"Fourth & Fifth Floor, The Sajay Business Hub, A Wing, No 2, Andheri - Kurla Rd, nearby Andheri Metro Gate, Azad Nagar, Andheri East, Mumbai, Maharashtra 400069",https://www.allen.ac.in/mumbai/?utm_source=GMB&utm_medium=Organic&utm_campaign=ALLEN_Career_Institute_Andheri_Campus
Suresh Danis Science Classes in Andheri West- IIT JEE Mains and Advanced | CET | NEET | Pharmacy | PCM PCB PCMB | Coaching,919892337598,NEET/JEE,Mumbai Andheri,4.8,180,"Office Number-8, 2nd Floor, Vivina Shopping Centre, B/3 Wing, Andheri Station Rd, above JSM Foods, opposite Andheri Station Platform-1, Sai Baba Wadi, Natwar Nagar, Andheri West, Mumbai, Maharashtra 400053",https://sureshdaniclasses.com/
PACE IIT & Medical,917700050303,NEET/JEE,Mumbai Andheri,3.9,297,"1st Floor, Shopper's Point, railway station, 101-105, Swami Vivekanand Rd, opp. Andheri west, Andheri, West, Andheri West, Mumbai, Maharashtra 400058",https://iitianspace.com/
SUCCESS IIT ACADEMY,919004620082,NEET/JEE,Mumbai Andheri,4.7,63,"Success IIT Academy, Shakil Niwas, Mahakali Caves Rd, opposite Saibaba bus stop, Sunder Nagar, Andheri East, Mumbai, Maharashtra 400093",
IITIANS SPECTRUM EDUTECH,912226202021,NEET/JEE,Mumbai Andheri,4.8,233,"7th floor, Pearl Plaza, 718, Swami Vivekanand Rd, near Burger King, Railway Colony, Andheri West, Mumbai, Maharashtra 400058",http://iitianspectrum.com/
Prakash Sir Science Classes,917977732096,NEET/JEE,Mumbai Andheri,5,239,"400059, JB Nagar Rd, near Greater Bombay Bank, Taruvel CHS, Wing-C, J B Nagar, Andheri East, Mumbai, Maharashtra 400059",http://www.prakashsir.in/
Resonance Mumbai - Andheri Center,919769210460,NEET/JEE,Mumbai Andheri,4,46,"A Wing, 2nd floor, Best Commercial Complex, above Best Bus Depot, opp. Railway Station, Railway Colony, Andheri West, Mumbai, Maharashtra 400058",http://resonance.ac.in/sc/mumbai
GLOBAL SCIENCE ACADEMY,919004046902,NEET/JEE,Mumbai Andheri,4.8,244,"409, 4th Floor, near Mc Donald's, opp. Railway Station, Railway Colony, Andheri West, Mumbai, Maharashtra 400058",http://globalscienceacademy.co.in/
IFLUX IIT & MEDICAL ACADEMY,919967090006,NEET/JEE,Mumbai Andheri,4.8,105,"A202, Sunrise Building, Lokhandwala Complex, Andheri West, Mumbai, Maharashtra 400053",https://ifluxeducare.com/
MASTERCLASS BY GAURAV SAVE,919321296859,NEET/JEE,Mumbai Andheri,4.7,301,"Office No. 14 A/B 1st Floor, Nand Prem Complex, E, near Parle Book Depot, Navpada, Vile Parle East, Vile Parle, Mumbai, Maharashtra 400057",http://masterclassedutech.com/
Lakshya Institute,912261486148,NEET/JEE,Mumbai Andheri,3.5,42,"6th Floor, Amboli Naka, Suvidha Square, next to St Blaise Church, Andheri, Madhav Nagar, Amboli, Andheri West, Mumbai, Maharashtra 400058",https://www.lakshyainstitute.com/
"Aakash Institute - Best NEET & IIT-JEE Coaching in Mumbai, Powai",918800854823,NEET/JEE,Mumbai Andheri,4.4,85,"No 401, 4th Floor, Powai Plaza, CHS, behind Powai Plaza, Hiranandani Gardens, Sainath Nagar, Powai, Mumbai, Maharashtra 400076",https://centers.aakash.ac.in/aakash-institute-best-neet-iit-jee-coaching-in-mumbai-powai-powai-coaching-center-powai-mumbai-132901/Home?utm_source=locator&utm_medium=googleplaces
"Edufix Career Academy | IIT-JEE ,IGCSE, IBDP, OLYMPIADS & FOUNDATION",919588261726,NEET/JEE,Mumbai Andheri,5,44,"216,Second floor, Commercial complex, Lake Primrose, Chandivali Farm Rd, MHADA Colony 20, Powai, Mumbai, Maharashtra 400072",https://edufixcareeracademy.com/
Prism Academy - Classes for IGCSE | MYP | IBDP | ICSE | A Levels | HSC in Andheri,919819650048,NEET/JEE,Mumbai Andheri,4.9,227,"Second Floor, Abdulla Manzil 6B, near Metro Station, beside Sports Complex, Azad Nagar, Andheri West, Mumbai, Maharashtra 400058",https://prismacademy.co/
Rao IIT Academy,912262433500,NEET/JEE,Mumbai Andheri,3.2,105,"A-113, 1st Floor, SOUTH-WING, Yadav Nagar, Chandivali, Andheri East, Mumbai, Maharashtra 400072",
Suresh Danis Science Classes in Dahisar East - IIT JEE Mains and Advanced | CET | NEET | Pharmacy | PCM PCB PCMB | Coaching,919892338286,NEET/JEE,Mumbai Andheri,4.8,224,"Ground Floor, Hari Shankar Joshi Rd, opposite Madhuram Hall Royal Plaza, Maratha Colony, Dahisar East, Mumbai, Maharashtra 400068",https://www.sureshdaniclasses.com/
"FIITJEE Smart Centre, Andheri West",918080220888,NEET/JEE,Mumbai Andheri,4,135,"2nd Floor, Lotus Link Square Building, New Link Road Saraswati Bhavan, Gate No. 4, Metro Station, Cosmopolitan Education Society Marg, opp. D.N.Nagar, above Bank of Baroda, Manmandir Co.operative Housing Society, Shitladevi Chawl, D.N.Nagar, Andheri West, Mumbai, Maharashtra 400053",http://myfiitjee.com/
Catch25 Science Academy,918898008898,NEET/JEE,Mumbai Andheri,4.7,253,"3rd Floor, 2/A, Vivena Building, opposite Andheri Railway Station, Railway Colony, Andheri West, Mumbai, Maharashtra 400058",http://www.catch25.com/
IITMINDS,919152012535,NEET/JEE,Mumbai Andheri,4.8,244,"A-wing, 1st floor, Office. 108, Hirachand Desai, Market, Station Road, Bhatwadi, Kapol wadi, Ghatkopar West, Mumbai, Maharashtra 400086",https://www.iitminds.co.in/
Jeeneeus Mindz - Classes for NEET & IIT - JEE in Sakinaka,918652220672,NEET/JEE,Mumbai Andheri,4.7,12,"1st Floor, M.N D'SOUZA COMPOUND KHERANI ROAD,OPP S.J STUDIO, Saki Naka, Nair Wadi, Andheri East, Mumbai, Maharashtra 400072",https://jeeneeusmindz.com/sakinaka/
Golden Gate To IIT | IIT-JEE | Vile Parle,919930198249,NEET/JEE,Mumbai Andheri,4.8,56,"Hemu Arcade, 107/B, Vallabhbhai Patel Road, opposite Railway Station, near Indian Bank, LIC Colony, Suresh Colony, Vile Parle West, Mumbai, Maharashtra 400056",http://goldengatetoiit.website/wp
Wisdom Academy,919324475566,NEET/JEE,Mumbai Andheri,4.8,74,"Pearl Palza, Unit No 611, 6th Floor, Railway Station, near to McDonald Opposite Andheri, Railway Colony, Andheri West, Mumbai, Maharashtra 400058",http://www.engineeringhometuition.com/
Masterclass Edutech,919167318390,NEET/JEE,Mumbai Andheri,4.6,31,"7th floor, Times Chamber, 704, Swami Vivekanand Rd, near Moti Mahal Hotel, Andheri West, Mumbai, Maharashtra 400058",http://masterclassedutech.com/
SCIENCE TUTORIALS,918779265557,NEET/JEE,Mumbai Andheri,4.9,157,"Shop no.1 devadiga, Om Nagar, Marol Pipeline Rd, Kanti Nagar, J B Nagar, Andheri East, Mumbai, Maharashtra 400099",
Science Classes For 11th and 12th,919820632331,NEET/JEE,Mumbai Andheri,5,28,"B/10, Silver Astra, JB Nagar Rd, opposite Amar Juice Centre, Akal Society, J B Nagar, Andheri East, Mumbai, Maharashtra 400059",https://science-classes-for.grexa.site/
Babu Sir's Group Tuitions coaching for Science | Jee mains | Neet | Icse Board | Igcse board in Andheri | Jb Nagar,919820279050,NEET/JEE,Mumbai Andheri,4.7,131,"G/12, Radhika Building, behind Goenka Hall, Bamanpuri, J B Nagar, Andheri East, Mumbai, Maharashtra 400059",http://babusirsgrouptuitions.com/
Firoz Academy Educare|Best Coaching Classes In Marol-Math Classes In Marol-Commerce Coaching Classes-Science Classes In Marol,919768454579,NEET/JEE,Mumbai Andheri,5,120,"Laxmi Sagar Bldg, 1B, Cross Rd C, near Tata Power 003, Shree Krishna Nagar, Sainath Nagar, Marol MIDC Industry Estate, Andheri East, Mumbai, Maharashtra 400093",http://firozacademyedu.co.in/
Science Maths Chemistry Private tuition JEE NEET XI XII (9th 10th),919769547315,NEET/JEE,Mumbai Andheri,5,35,"near BOMBAY GREATER BANK, Taruvel CHS, J.B. Nagar, Tarun Bharat, Andheri East, Mumbai, Maharashtra 400099",
"Sakshar Academy - Best Classes for Maths, Science, Commerce for 8, 9, 10, 11 and 12th in Andheri",919082853552,NEET/JEE,Mumbai Andheri,4.9,28,"3rd Floor, Vertex Vikas Building, B - 304 & 305, Court Ln, above allwyn xerox centre, opp. Andheri Railway Station, Railway Colony, Andheri East, Mumbai, Maharashtra 400069",https://saksharacademy.com/
Unique Tutorials_for school and commerce classes,919322748485,NEET/JEE,Mumbai Andheri,4.9,130,"Royal Accord, 5, near Jain Mandir, opp. Cigarette Factory, Andheri, Chakala, Andheri East, Mumbai, Maharashtra 400099",
Active Learners Academy,918928155218,NEET/JEE,Mumbai Andheri,4.9,169,"New Pump House, Rajmata Jijabai Marg, near Sardar Dairy, Parsi Colony, Andheri East, Mumbai, Maharashtra 400093",http://www.activelearnersacademy.in/
Vidya Tutorials,919820065839,NEET/JEE,Mumbai Andheri,4.9,137,"Amar Jyoti Building, CHS, Ratan Nagar Ln, Gharkul Society, Manish Nagar, Four Bungalows, Andheri West, Mumbai, Maharashtra 400053",
KIRAN TUTORIALS,917506567612,NEET/JEE,Mumbai Andheri,5,60,"Shop no 10, haridham building, Old Nagardas Rd, nr. Balgovind school, Ambewadi, Natwar Nagar, Andheri East, Mumbai, Maharashtra 400069",
Arihant Academy,919819888999,NEET/JEE,Mumbai Andheri,4.7,310,"1st Floor, Pritam Apartments, CHS Ltd, off Mahakali Caves Road, near Tolani College, Sher E Punjab, Sher E Punjab Colony, Andheri (E, Mumbai, Maharashtra 400093",https://www.arihantacademy.com/
Mindcubator - Premium Academic Coaching Institute in Andheri for Class VI to Class XII,919987009191,NEET/JEE,Mumbai Andheri,5,29,"Ground Floor, Bungalow. 5, Mhada, Janakidevi Public School, opp. Union Bank, near MTNL Telephone Exchange, Road, Andheri West, Mumbai, Maharashtra 400053",https://www.mindcubator.in/
EMGC Andheri,919004268834,NEET/JEE,Mumbai Andheri,5,20,"4th Floor, Building No 3, Vivina Shopping Centre, Railway Station, 401, M A Road, near Laram Center, opp. Andheri West, Railway Colony, Andheri East, Mumbai, Maharashtra 400058",https://emgc.in/cat-coaching/
Global Tutorials Best coaching classes in Andheri West,918779730176,NEET/JEE,Mumbai Andheri,4.6,100,"Gala no 213, Astavinayak Chs, Moongipa Arcade, D.N.Nagar, Andheri West, Mumbai, Maharashtra 400053",https://globaltutorials.in/
Alankar Classes,919833224498,NEET/JEE,Mumbai Andheri,4.9,290,"Vitthalbhai Patel Rd, opposite Khoja Jamat Khana, opposite Noor Masjid, Gaondevi Dongari, Gaondevi Dongri, Andheri West, Mumbai, Maharashtra 400058",http://www.alankarclasses.com/
Smart Educare Academy,919768223322,NEET/JEE,Mumbai Andheri,4.6,104,"Gala No 3, MZ Khan Estate, Military Rd, opp. Richard garage, Sankasth Pada Welfare Society, Marol, Andheri East, Mumbai, Maharashtra 400059",
Calibrant Classes,919619947441,NEET/JEE,Mumbai Andheri,4.9,142,"Unit no.3, First Floor, Alankar CHS, NADCO Shopping Centre, S V Road, Station, near Andheri West, Railway Colony, Andheri West, Mumbai, Maharashtra 400058",https://www.calibrantclasses.in/
FFT Classes,919870197866,NEET/JEE,Mumbai Andheri,4.8,17,"Shop No 1, Suchita CHS, opp. Podar Jumbo Kids, Kolivery Village, Kalina, Santacruz East, Mumbai, Maharashtra 400029",https://fftclasses.co.in/
Homes Tutor,917276391935,NEET/JEE,Mumbai Andheri,4.5,207,"501, No.2, Kamdhenu Building, Lokhand Wala Nanda Patkar Rd, KGS Society, Ext Lokhandwala Complex, Natwar Nagar, Andheri West, Mumbai, Maharashtra 400060",https://www.homestutor.com/
RVD Tutors,917718801660,NEET/JEE,Mumbai Andheri,4.8,52,"Mangela Sarvodaya CHS, C 304, Juhu Versova Link Rd, Gharkul Society, Seven Bunglow, Andheri West, Mumbai, Maharashtra 400061",https://rvdtutor.com/?utm_source=google&utm_medium=organic&utm_campaign=gmb_andheri
BIR KHALSA ACADEMY,919819131984,NEET/JEE,Mumbai Andheri,4.9,310,"91, Ground Floor, No. 7, L&T Gate, SV Road, near Shanti Kutir Bldg, Saki Vihar, Raje Shivaji Nagar, Marol, Powai, Mumbai, Maharashtra 400072",http://www.birkhalsaacademy.com/
Agarwal Classes,918104045204,NEET/JEE,Mumbai Andheri,3.3,36,"201, A wing, Second Floor, Vastu Precinct, 1st Cross Rd, opp. Domino's, Swami Samarth Nagar, Lokhandwala Complex, Andheri West, Mumbai, Maharashtra 400053",http://www.agarwalclasses.org.in/
"Alltec Tutorials® – Coaching for Maths , Engineering, Diploma, ICSE, CBSE & HSC (11–12th Sci) and MBA",919594968166,NEET/JEE,Mumbai Andheri,5,232,"Last right then left, 1st Floor, D.K Wadi, Camalane, next to S.N.D.T College, Ghatkopar West, Mumbai, Maharashtra 400086",https://www.instagram.com/alltectutorials
Epicenter Academy (BSC Bcom BMS BBI BAF BFM BMS classes in Charni road),918080772268,NEET/JEE,Mumbai Andheri,4.8,143,"1st Floor, Bhima Bai Rane School, Office no. S-4 & S-7, Raja Ram Mohan Roy Rd, Charni Road, E, Girgaon, Mumbai, Maharashtra 400004",http://www.epicenteracademy.in/
INFINITY SCIENCE CLASSES | BOARD | NEET | IIT JEE FOUNDATION | REPEATER,918115592811,NEET/JEE,Mumbai Andheri,4.9,235,"Bunglow No 5, Sanyukt Nagar, behind Sunshine, near Nalasopara Station Road, Nala Sopara, Moregaon Talao, Nalasopara East, Vasai-Virar, Maharashtra 401209",https://infinityscienceclasses.co.in/
Infomatica Academy,919619377377,NEET/JEE,Mumbai Andheri,4.6,346,"Shop No - 2 Yashashree Cooperative Housing Society Below Bank of Maharashtra and Opp Podar Mill N.M. Joshi Marg, Currey Rd Bridge, West, Lower Parel, Mumbai, Maharashtra 400011",https://infomaticaacademy.com/
Lyceum Tutorials,919320186882,NEET/JEE,Mumbai Andheri,4.9,43,"101, 1st Floor, Nand Prem Complex, Nehru Rd, near HDFC Bank, Navpada, Vile Parle East, Vile Parle, Mumbai, Maharashtra 400057",http://www.lyceumtutorial.com/
Mahesh Tutorials,918655843749,NEET/JEE,Mumbai Andheri,3.8,10,"6th Floor, Suvidha Square, Amboli Naka, next to St. Blaise Church, Kevni Pada, Andheri West, Mumbai, Maharashtra 400058",https://mteducare.com/
"Physics Wallah Vidyapeeth Coaching Center Pune Nal Stop | IIT JEE, NEET & Foundation",918045682960,NEET/JEE,Pune,4.9,368,"S.No.131, Plot No. 32/1, near Hotel Sweekar, opposite to DP Road, Pandurang Colony, Erandwane, Pune, Maharashtra 411004",https://www.pw.live/offline-centres/batches/vidyapeeth/pune-mh/pune---kothrud-388271
KUMAR SCIENCE,917020915231,NEET/JEE,Pune,4.6,85,"2nd floor,S.No.30/1/6, Shri Complex, Balaji Nagar Satara Road, facing overbridge, main, Nityanand Society, New Nurses Town Co Operative Society, Dhankawadi, Pune, Maharashtra 411043",https://www.kumarscienceacademy.in/
NARAYANA IIT-JEE/NEET/FOUNDATION - CHINCHWAD,919522200750,NEET/JEE,Pune,4.4,211,"Second Floor, Old Mumbai - Pune Hwy, opposite Ranka Jewellers, Empire Estate Phase-II, Pimpri Colony, Pimpri-Chinchwad, Maharashtra 411019",https://centres.narayanacoachingcenters.in/narayana-coaching-center/centers-in-pimpri-chinchwad/centers-in-Pimpri-Colony/narayana-iitjeeneetfoundation-in-Pimpri-Colony-pimpri-chinchwad--1E2OoD/home
"ASQUARE Medical & IIT-JEE Academy, Pimpri (PCMC)",919766118877,NEET/JEE,Pune,4.6,275,"Corporate Office : Asquare Medical & IIT-JEE Academy Sai Vrindavan, Nehru Nagar, Pimpri Colony, Pune, Pimpri-Chinchwad, Maharashtra 411018",https://www.asquareclasses.com/
Motion Education - NEET | JEE | MHT CET | Coaching Center in Hadapsar Pune,917391008484,NEET/JEE,Pune,5,27,"3rd Floor, The Capital, Pune - Solapur Rd, above Vijay Sales, near Mega Center, North Hadapsar, Hadapsar, Pune, Maharashtra 411028",https://motionhadapsar.com/
"ACE Science Academy - NEET, IIT-JEE, MHT-CET Classes Hadapsar",917972919015,NEET/JEE,Pune,4.9,301,"Second Floor, Aryan Centre, Pune - Solapur Rd, near Bhosle Garden, Laxmi Vihar, Hadapsar, Pune, Maharashtra 411028",https://acescienceacademy.com/
Rajat Academy,919226300900,NEET/JEE,Pune,4.3,264,"Sai Avenue, E1, Kunal Icon Rd, Opposite Kunal Icon Society, Pimple Saudagar, Pimpri-Chinchwad, Maharashtra 411027",http://www.rajatacademy.com/
"Aakash Institute - Best NEET & IIT-JEE Coaching in Pune, Hadapsar",918800947958,NEET/JEE,Pune,4.3,80,"Hissa No 19 & 20, Lotus Capital, No 147, Magarpatta Rd, above PNG Jeweller, Bhosale Nagar, Hadapsar, Pune, Maharashtra 411028",https://centers.aakash.ac.in/aakash-institute-best-neet-iit-jee-coaching-in-pune-hadapsar-hadapsar-pune-coaching-center-hadapsar-pune-249762/Home?utm_source=locator&utm_medium=googleplaces
ARMS ACADEMY,919090441212,NEET/JEE,Pune,4.8,141,"ARMS ACADEMY. 2nd Floor, Venus Point Apt Above Venus Traders, Off FC Rd, behind Hotel Rupali, Ganeshwadi, Shivajinagar, Pune, Maharashtra 411004",https://armsacademy.org/
NEET Excellence Medical academy,919075120325,NEET/JEE,Pune,4.9,40,"First floor, Deccan Randezvous business centre, Apte Rd, above Rajwadi gauravShivaji nagar, Shivajinagar, Pune, Maharashtra 411004",http://www.neetexcellence.com/
Prime Academy,919372267644,NEET/JEE,Pune,4.7,103,"2nd Floor, 1201-E, main Gate, Shirole Road, above Artstation, opposite FC College Main Gate, Shivajinagar, Pune, Maharashtra 411004",https://www.primeacademypune.com/
"Scholars Hub Academy - Best JEE, NEET, MHT CET Coaching Classes In Narhe, Dhayari, Ambegaon Pune",918975351800,NEET/JEE,Pune,4.7,315,"1st Floor, GV7 Capital, Grande View 7, Katraj Rd, nr. Podar international school, Ambegaon Budruk, Pune, Maharashtra 411046",https://www.scholarshubacademy.com/
"AIMSS Academy | MHT-CET, JEE & NEET Coaching - Kothrud",919890856343,NEET/JEE,Pune,5,311,"AIMSS ACADEMY, SUTAR HOSPITAL AREA..GUJRAT COLONY..KOTHRUD-38, near SIDHIVINAYAK TEMPLE, Vrindavan Colony, Azad Nagar, Kothrud, Pune, Maharashtra 411038",http://aimssacademy.com/
A Plus Academy - CBSE/SSC/ICSE/NEET/JEE Coaching Classes in Viman Nagar,917744907484,NEET/JEE,Pune,5,207,"Flat No-20, Second Floor, Lunkad Dreamland, above Star Network ICC, Clover Park, Viman Nagar, Pune, Maharashtra 411014",http://www.aplusacademy.co.in/
DNYANMUDRA TUTORIALS,917030734040,NEET/JEE,Pune,4.4,271,"2nd Floor, Laxmi Sadan, 1263, Jangali Maharaj Rd, opp. Sai Petrol Pump, Shivajinagar, Pune, Maharashtra 411004",https://www.dnyanmudra.com/
Sri Balaji Educare Centre,919689009838,NEET/JEE,Pune,4.5,26,"3rd floor, Oswal complex, Taboot St, behind Central Bank of India, Camp, Pune, Maharashtra 411001",http://www.sribalajieducarecentre.com/
"Aakash Institute - Best NEET & IIT-JEE Coaching in Pune, Viman Nagar",918800902641,NEET/JEE,Pune,3.9,123,"1st Flr, Giga Space IT Park, Clover Park Vihaan, Pune Nagar Rd, Clover Park, Viman Nagar, Pune, Maharashtra 411014",https://centers.aakash.ac.in/aakash-institute-best-neet-iit-jee-coaching-in-pune-viman-nagar-vimannagar-pune-coaching-center-viman-nagar-pune-132900/Home?utm_source=locator&utm_medium=googleplaces
Arpita Science Academy,919970787007,NEET/JEE,Pune,4.9,99,"Sant, St Shiromani N Maharaja Path, Divya Nagar, Wanwadi, Pune, Maharashtra 411040",http://www.arpitasacademy.com/
"ALLEN Career Institute - Viman Nagar Campus, Pune | IIT JEE, NEET & Foundation Coaching",918951395286,NEET/JEE,Pune,4.7,334,"Orville Business Port, ALLEN Career Institute, near Konark Epitome, Konark Nagar, Mhada Colony, Viman Nagar, Pune, Maharashtra 411014",https://www.allen.ac.in/pune/?utm_source=Organic&utm_medium=GMB
Saptarshi Classes pvt ltd,919850659859,NEET/JEE,Pune,4.8,309,"1st Floor, Aashirvad Building, opp. gayatri bhel, Sahyadri Colony, Pimple Gurav, Pune, Pimpri-Chinchwad, Maharashtra 411061",http://www.saptarshiclasses.com/
"IIB Career Institute - NEET, IIT, JEE Coaching Classes - PCMC Pune",918055730730,NEET/JEE,Pune,4.7,331,"S NO 36/7 OGALE HERITAGE, MIDC ROAD OFFICE NO 02 MORWADI, PIMPRI PUNE, Pune 18, Morewadi, Pimpri Colony, Pimpri-Chinchwad, Maharashtra 411018",http://www.iibedu.com/
Neet /IIT JEE coaching classes in Pune/ Elite Icon academy,917517653975,NEET/JEE,Pune,5,52,"Elight Academy,SN Tower, bus stop, above Jijamata Mahila Sahakari Bank Limited, near Karve nagar, Karvenagar, Pune, Maharashtra 411052",http://www.eliteiconacademy.com/
"Eduexcellence Coaching Classes for 5th to 12th (PCMB) , JEE, NEET & MHT-CET ​",917709164501,NEET/JEE,Pune,5,28,"First floor, Sai Samruddhi Park Building Infront of Aeropolis Society Porwal road, Dhanori-Lohegaon Rd, Kutwal Colony, Lohegaon, Pune, Maharashtra 411047",http://excellencecareeracademy.in/
"Unacademy Coaching Center, Pune | IIT JEE, NEET & Foundation Classes",916366527183,NEET/JEE,Pune,4.6,73,"Gr. Floor, Orville Business Port, KONARK CAMPUS, West Ave, Konark Nagar, Mhada Colony, Viman Nagar, Pune, Maharashtra 411014",https://unacademy.com/goal/jee-neet-coaching/JVITK/centre/VimanNagar-Centre/VHQAEB2VON?source=citesCentreGoalPage
Sri Balaji Educare Centre- NEET 2026 Repeaters Classes,918956016943,NEET/JEE,Pune,4.7,14,"4th Floor, Lotus Court, Pune - Satara Rd, opp. Panchami Hotel, near Swargate, Navmaharshtra Society, Parvati Industrial Estate, Parvati Paytha, Pune, Maharashtra 411009",https://sribalajieducarecentre.com/
"Eklavya Academy | 11th & 12th science | JEE, NEET, MHTCET",918983204777,NEET/JEE,Pune,5,70,"near Universal Kids School, Datta Prasad Housing Society, Dwarka Garden, Wadgaon Sheri, Pune, Maharashtra 411014",http://www.eklavya-academy.com/
"Aakash Institute - Best NEET & IIT-JEE Coaching in Pune, Kothrud",918800879064,NEET/JEE,Pune,4.3,112,"No 12/13/14, 3rd Floor, REVOLUTION MALL, near City Pride Multiplex, Paschimanagri, Kothrud, Pune, Maharashtra 411038",https://centers.aakash.ac.in/aakash-institute-best-neet-iit-jee-coaching-in-pune-kothrud-coaching-center-kothrud-pune-130697/Home?utm_source=locator&utm_medium=googleplaces
CLASS TOPPER | BEST COACHING CLASS IN AMANORA HADAPSAR PUNE | BEST RESULTS FOR 11TH 12TH JEE CET NEET 10TH 9TH SCHOOL EXAMS,919665134076,NEET/JEE,Pune,4.8,50,"58 plaza, Future Towers, AMANORA APARTMENT, Amanora Park Town, Hadapsar, Pune, Maharashtra 411028",https://www.classtopper.org/
"ASQUARE Medical & IIT-JEE Academy, Vishrantwadi, Pune",919766118866,NEET/JEE,Pune,4.7,131,"156, Cwing, Asquare Academy, Shoppers Orbit Mall, Pune - Alandi Rd, near Reliance Smart Bazaar, Vishrantwadi, Pune, Maharashtra 411015",http://www.asquareclasses.com/
"Aakash Institute - Best NEET & IIT-JEE Coaching in Pune, Balewadi",918800902561,NEET/JEE,Pune,3.6,61,"No 101/102, 1st Floor, ELITE PREMIO, Elite Campus, Laxmi Nagar, Balewadi Gaon, Balewadi, Pune, Maharashtra 411045",https://centers.aakash.ac.in/aakash-institute-best-neet-iit-jee-coaching-in-pune-balewadi-coaching-center-balewadi-pune-131301/Home?utm_source=locator&utm_medium=googleplaces
"Markplus Learning Academy - Best 11th, 12th Science, IIT - JEE, NEET , CET Classes in Pune | Wagholi",919075706964,NEET/JEE,Pune,4.9,48,"Awhalwadi Phata, Near Care Hospital, Nagar Road Dhanraj Complex, 3rd Floor, Wagholi, Pune, Maharashtra 412207",http://www.markplus.in/
Integral Academy - 11th&12th PCM\PCB | Entrance (JEE + NEET + CET) | 8th–10th Foundation SSC&CBSE,918180987022,NEET/JEE,Pune,5,11,"Office No.101 & 102, City Centre, Synagogue St, Gawaliwada, Camp, Pune, Maharashtra 411001",https://integralacademy.in/
Sudhir's Classes,918625079554,NEET/JEE,Pune,4.7,207,"2063, Sadashiv Peth, Chaitanya Apartment Opposite NMV Girls High School, near SP College Cycle Stand, Vijayanagar Colony, Sadashiv Peth, Pune, Maharashtra 411030",http://www.sudhirsclasses.com/
SATISH SCIENCE ACADEMY PUNE | NIOS |BEST COACHING| IITJEE NEET NDA MHTCET|12th 11th 10th 9th 8th 7th,918830597066,NEET/JEE,Pune,5,123,"S. No, 52, Dhanori Rd, Bhairav Nagar, Dhanori, Pune, Maharashtra 411015",http://satishscienceacademy.com/
"Unacademy Coaching Center, Swargate, Pune | IIT JEE, NEET & Foundation Classes",916366527181,NEET/JEE,Pune,4.2,79,"3rd Floor, Vega Centre, A-Wing, Shankar Sheth Rd, Swargate, Pune, Maharashtra 411037",https://unacademy.com/goal/jee-neet-coaching/JVITK/centre/Swargate-Centre/P5LXRCLWTU
"Jethe's Academy: Best Classes for IIT-JEE, NEET, NDA, MHT-CET, 11th & 12th Science Board, in Pune Near me Dhankawadi, Katraj.",918530655777,NEET/JEE,Pune,4.9,71,"S No. 31, Post Office, near Dhankawadi, opposite to Rajgad Dnyanpeeth College, Kundan Nagar, New Nurses Town Co Operative Society, Dhankawadi, Pune, Maharashtra 411043",https://jethesacademy.com/
Dnyanjyoti Education - Best Coaching for NEET | JEE | MHT-CET | FOUNDATION (8th to 12th),918956702235,NEET/JEE,Pune,4.9,19,"3rd floor, Dhondumama Sathe Homeopathic Medical College 23, Karve Rd, near Sanjeevan Hospital, Khilarewadi, Erandwane, Pune, Maharashtra 411004",https://www.dnyanjyoti.com/
"SILICA MG Road Camp, Pune - Best Coaching Classes for NID, NIFT, NATA, UCEED",918928022216,NEET/JEE,Pune,4.9,306,"2nd Floor, Shan Hira Building, MG Road, near Canara Bank, above Titan Showroom, Camp, Pune, Maharashtra 411001",https://silica.co.in/
DAMS Pune (Delhi Academy of Medical Sciences Pvt Ltd.),918035214071,NEET/JEE,Pune,4.3,66,"SHANTI KUNJ APARTMENT, F-14, Sadhu Vaswani Rd, opp. GPO GATE, Agarkar Nagar, Pune, Maharashtra 411001",https://www.damsdelhi.com/
M. Prakash Institute (IIT-JEE),919975297297,NEET/JEE,Pune,4.6,238,"328, SIDDHARTH TOWER, 1, Late GA Kulkarni Path, near Joshi Railway Museum, पश्चिमानगरी, कोथरूड, पुणे, महाराष्ट्र 411038",https://www.mprakashinstitute.com/
Adventure IIT,919146399005,NEET/JEE,Pune,5,230,"Office 102, Nyati Eureka, beside Manipal Hospital, Santipur, Thite Nagar, Kharadi, Pune, Maharashtra 411014",http://www.adventureiit.com/
EMC2 NEET/ JEE /MHTCET / 9th and 10th Classes Hadapsar Branch,919763532228,NEET/JEE,Pune,5,113,"EMC2 NEET JEE CLASSES 41, Sixth Floor, City Hub, 609, DP Rd, Shri Swami Samarth Nagar, Malwadi, Hadapsar, Pune, Maharashtra 411028",https://emc2edu.in/
"Unacademy Coaching Center, PCMC Pune | IIT JEE, NEET & Foundation Classes",916366527180,NEET/JEE,Pune,4.4,180,"3rd & 4th floor, Vasant Centre, above Apple Store, Anand Nagar, Chinchwad, Pimpri-Chinchwad, Maharashtra 411019",https://unacademy.com/goal/pune-pcmc-jee-coaching/JVITK/centre/Pune-PCMC-Centre/IL6E8MZ4AD
"AIMS Coaching Institute - IIT-JEE, NEET, MHCET Coaching in Pimple Saudagar, PCMC",918788940143,NEET/JEE,Pune,4.8,275,"Commercial, 3rd floor, Royal Tranquil, 301-302, above Chitale Bandhu Sweets, Prassana Colony, Pimple Saudagar, Pimpri-Chinchwad, Maharashtra 411027",https://www.aimsinstitute.org.in/
"ASQUARE Medical & IIT-JEE Academy, Hadapsar, pune",919156004396,NEET/JEE,Pune,4.9,17,"1st Floor, ASQUARE Academy, above Manik Mobile Shopee, Autadwadi Handewadi, Kanifnath Colony, Sasane Nagar, Hadapsar, Pune, Maharashtra 411028",https://www.asquareclasses.com/
"SIGNUM CLASSES (CBSE/ICSE/HSC) Best classes in Viman Nagar, Pune. IIT JEE/MH CET/8th to 12th std.",919112186243,NEET/JEE,Pune,4.9,97,"Row house, no 13, Hind Vijay, behind PNG jwellers, Abhiman Shree Cooperative Society, Clover Park, Viman Nagar, Pune, Maharashtra 411014",https://signumeducation.in/
Absolute Foundation: IIT-JEE NEET Foundation,918446006688,NEET/JEE,Pune,4.9,111,"Nemisha, 301, 3rd, Near, Saibaba Mandir Marg, Akurdi Gaothan, Dattawadi, Nigdi, Pimpri-Chinchwad, Maharashtra 411044",http://absolutefoundation.co.in/
"1729 Acharya Academy – IIT JEE, NEET, MHT CET Coaching in Rahatani, Pune",917249511729,NEET/JEE,Pune,4.9,111,"Amrutwell Colony, Jyotiba Colony, Somdas Colony, Rahatani, Pimpri-Chinchwad, Maharashtra 411017",https://acharyaacademy.in/
"Vector Academy- Best Coaching for MHT-CET/ IIT-JEE/ NATA/ NDA, Foundation (8th-12th)",917447440107,NEET/JEE,Pune,5,36,"204, Princeton Plaza, Garware Chowk, above Chital Bandhu, Deccan Gymkhana, Pune, Maharashtra 411004",http://www.vector-academy.org/
SSR Academy CBSE/ICSE/JEE/CET- Hadapsar Pune,918149143556,NEET/JEE,Pune,4.9,226,"SSR Academy, Sahyadri Hospital Lane, Aru Nagar, Bhosale Garden Society, Hadapsar, Pune, Maharashtra 411028",http://www.ssracademy.net/
Vidyanand Coaching Classes,919890903240,NEET/JEE,Pune,4.7,127,"Office No. 12, Classroom 410, Ground floor, Landmark Centre, next to Bhapkar Petrol, opp. City Pride Multiplex, Adinath Society, Parvati Industrial Estate, Parvati Paytha, Pune, Maharashtra 411009",https://www.vidyanandcoachingclasses.in/
"Bansal Classes Shukrawar Peth | Best JEE | MHT-CET | 9-10 Classes, Pune",917385090951,NEET/JEE,Pune,5,13,"Office no. 86 2floor, Prestige point, 283, Sathe Colony, Shukrawar Peth, Pune, Maharashtra 411002",https://www.bansalclassespune.in/
Yashashree Academy,919309192116,NEET/JEE,Pune,4.9,292,"2nd floor, Arihant Complex, Katraj - Kondhwa Rd, near Indian Oil Petrol Pump, above Janta Bank, Rajas Society, Katraj, Pune, Maharashtra 411046",https://yashashreeacademy.org/
Singularity Educators - JEE NEET IISER CET Coaching Classes,917905991690,NEET/JEE,Pune,4.9,169,"6th Floor, Sutar Icon, Near Sai Chowk, Pashan - Sus Rd, Sutarwadi, Pashan, Pune, Maharashtra 411021",https://www.singularityeducators.com/
Kumar classes,917030293982,NEET/JEE,Pune,4.9,194,"Rahul complex E wing office No Kothrud.E/11 and 12, near Krishna Hospital, Kothrud, Pune, Maharashtra 411038",
R.S. Academy - MHT CET Classes,918830953511,NEET/JEE,Pune,4.8,215,"Sr No 28, Saudagar Society, Telephone Exchange Road, behind BHARATI VIDYAPEETH DEEMED UNIVERSITY-DHANKAWADI, Akshay Nagar, Dhankawadi, Pune, Maharashtra 411043",
"Sahyadri Classes - 8th, 9th, 10th, Best 11th and 12th science classes (MHT-CET/ JEE/ NEET) shewalewadi, manjari, hadapsar",917972932741,NEET/JEE,Pune,4.9,243,"01, Gajtara Apartment, Pune - Solapur Rd, Shewalewadi, Phata, Pune, Maharashtra 412307",https://sites.google.com/view/sahyadriclasses/home
Prosperity Classes | Commerce and Science,919922015433,NEET/JEE,Pune,5,301,"B-47 12&13, Swami Vivekanand Rd, Upper Indira Nagar, Bibwewadi, Pune, Maharashtra 411037",https://prosperity-classes.grexa.site/
"ACE Science Academy Coaching Center Bhekrai Nagar | NEET, JEE, MHT CET & Class 8-10 (SSC, ICSE, CBSE) & HSC Class 12",919922613737,NEET/JEE,Pune,4.9,110,"Ace Science academy, near IBM Rupi Nagar, Park lnfinia Society, Bhekrai Nagar, Hadapsar, Pune, Maharashtra 412308",https://acescienceacademy.com/
Joshi Science Academy | Best Coaching Classes in Keshavnagar,919881056678,NEET/JEE,Pune,4.9,249,"P259, Rd Number 2, Sasane Colony, Mayureshwar Colony, Mundhwa, Pune, Maharashtra 411036",https://joshiscienceacademy.kesug.com/
Ravi Classes (Ravi Science Academy),918308233195,NEET/JEE,Pune,4.9,191,"SR.No 27, Road, no.12, near Ganapati Chouk, Gokul Nagar, Munjaba Vasti, Dhanori, Pune, Maharashtra 411015",
Dheeraj Academy-Best Coaching classes for 8th to 10th SSC | CBSE & 11th 12th Commerce,919922238539,NEET/JEE,Pune,4.5,218,"FLAT NO 10, ARUNA APPT, Sinhgad Rd, Mohite Twp, Varshanand Society, Anand Nagar, Pune, Maharashtra 411051",https://www.dheerajacademy.com/
"Vidya Education Classes - Best Coaching Classes in Pune, 8th to 10th SSC | CBSE & 11th-12th Com & Sci (CET | JEE | NEET)",919595460293,NEET/JEE,Pune,4.9,268,"Garmal - Dhayari Branch, Lane No. 16B, 3, Datta Apartment, Sinhgad Rd, above Maharashtra Xerox, Garmal, Dhayari Phata, Pune, Maharashtra 411041",http://www.vidyaeducationclasses.com/
OneSlash Classes – Best Coaching Classes for 1st–10th | 11–12 Science | NEET JEE | CBSE ICSE State Board – Undri Pune,919711695240,NEET/JEE,Pune,5,10,"2nd Floor, 202, Wadachi Wadi Rd, near Narayana e-Techno School, Shree Siddhivinayak Meera, Undri, Pune, Maharashtra 411060",
"Learnimo by Behere Classes Best 11th 12th Science Commerce Coaching in Pune NEET JEE CET, CA Foundation",919981984480,NEET/JEE,Pune,4.8,120,"Karve Road Branch, Office 61, 3rd Floor, Patil Arcade Above Kalinga Hotel, Off Karve Road, Erandwane, Erandwana Gaothan, Kothrud, Pune, Maharashtra 411004",http://www.behereclasses.com/
"Omkar's Studypoint Academy, Kothrud, Pune",919405262258,NEET/JEE,Pune,5,74,"Guruganesh Commercial Complex, society, near Guruganesh nagar, Kanifnath Housing Society, Guruganesh Nagar, Kothrud, Pune, Maharashtra 411038",
S M Kulkarni Academy- Top & Best Coaching In Baner For IIT JEE | NEET | MHT-CET,918042755318,NEET/JEE,Pune,4.7,129,"Plot No.51, Sr. No. 32, 1A/45, Pancard Club Rd, near Westport Building, Baner, Pune, Maharashtra 411069",http://www.smkulkarniacademy.com/
Siddh Coaching Classes,919422321350,NEET/JEE,Pune,5,58,"Sr No 60, Kamal Residency, A3/2, Sainagar, Sukhsagarnagar 2, Pune, Maharashtra 411048",https://new.express.adobe.com/webpage/k0vr6LF4inKzm
"Bhagirathi Coaching Classes - 5th, 6th, 7th, 8th, 9th, 10th, 11th and 12th SSC & CBSE Coaching Center In Wakad Pune",919028511717,NEET/JEE,Pune,4.8,198,"Office No 306, 3rd Floor, Sonigara Landmark, Dynasty Society, Kaspate Wasti, Wakad, Pune, Pimpri-Chinchwad, Maharashtra 411057",https://www.bhagirathiclasses.co.in/
Dnyansagar Classes,918459693282,NEET/JEE,Pune,4.9,118,"1st Floor, New Excelsior Complex, Maulodina Marg, opposite Crown Hotel, beside Neeta Appt, Khadki Bazar, Khadki, Pune, Kirkee, Maharashtra 411003",
"Paramount Academy | Coaching Classes for Grades 8-12 | JEE, NEET, MHT-CET",918551084853,NEET/JEE,Pune,5,63,"2nd Floor, Brij Bhavan Apartment, Salunke Vihar Rd, above ABC Farms Pvt Ltd, Kondhwa, Pune, Maharashtra 411048",http://paramountacademy.org/
ELC Classes,918208496839,NEET/JEE,Pune,4.9,222,"56/14, Azadnagar near Ruby Hall clinic, Lane No. 4, Disney Park, Azad Nagar, Wanowrie, Pune, Maharashtra 411022",http://elcclasses.in/
Vedanam Coaching Classes CBSE,918007099039,NEET/JEE,Pune,5,205,"Phoenix Mall Chowk, Gulmohar Center Point, 211, Sopan Nagar Rd, Kargil Vijay Nagar, Wadgaon Sheri, Pune, Maharashtra 411014",http://vedanam.in/
"Velapure Academy | 11 & 12 Science Classes | HSC Board Examination | MHCET, JEE, NEET",917038822240,NEET/JEE,Pune,4.6,77,"Balaji Complex, 1681, Sadashiv Peth Rd, near SIR PARASHURAMBHAU COLLEGE, Madiwale Colony, Sadashiv Peth, Pune, Maharashtra 411030",http://velapureacademy.in/
"Balaji Academy - 1st, 2nd to 8th, 9th & 10th SSC, ICSE, IGCSE, CBSE & Phonics Coaching Center/Classes In Tingre Nagar Pune",919890746643,NEET/JEE,Pune,5,82,"Sr. No. 35, Plot No. 4, Lane-7C, near Himgiri School, Vidyanagar, Tingre Nagar, Pune, Maharashtra 411032",https://www.balajiacademy.co.in/
NK's Tutorials-Kondhwa |Coaching Classes| |8th| |9th|10th|11th|12th|SCIENCE|COMMERCE|NEET|JEE|MH-CET|NEAR ME|,919850557157,NEET/JEE,Pune,5,31,"Office No 309, NIBM Rd, above Jyoti restaurant, Krishnakevalnagar, Shivneri Nagar, Kondhwa, Pune, Maharashtra 411048",http://nkstutorials.in/
Aarambh Classes physics chemistry maths Science 9th 10th 11th 12th tuition Coaching Classes,918668926727,NEET/JEE,Pune,4.8,70,"1st floor, GODREJ HORIZON, 102, Nyati Eternity, above lifeline Hospital, Commercial Between Country Club &, Undri, Pune, Maharashtra 411060",
"Desai Classes Pune | 35+ Years of Trusted Coaching for JEE, NEET, CET, 11th & 12th Science and Commerce",919822598294,NEET/JEE,Pune,4.9,191,"Office No 231, 2nd Floor, Kakade Plaza, NDA road, opposite to Kakade City, Warje Jakat Naka, Karvenagar, Pune, Maharashtra 411052",https://desaiclasses.com/
Arpita classes |Best Coaching classes in Hadapsar|Coaching Institute in Hadapsar|6-12 coaching Class in Hadapsar,919960688780,NEET/JEE,Pune,4.7,344,"Nirmal Bunglow, 2nd floor, Sare Satra Nali, DP Rd, near Sidheshwar Hotel, Chandan Nagar, Amanora Park Town, Hadapsar, Pune, Maharashtra 411028",https://arppitaclasses.in/
ELIGHT ACADEMY,918862016588,NEET/JEE,Pune,4.9,54,"4th floor, Sinhgad Rd, above Pawan Medical, opp. Sanas School, Wadgaon Budruk, Dhayari Phata, Pune, Maharashtra 411041",https://www.theelightacademy.com/
"Nyati's Academy - 5th, 6th, 7th, 8th, 9th, 10th, 11th and 12th ICSE, Maths Tuition, SSC & CBSE Coaching Classes In Baner Pune",918668555157,NEET/JEE,Pune,4.8,58,"408, Speciality Business Center, Balewadi Rd, near Axis Bank, Balewadi, Pune, Maharashtra 411045",https://www.nyatisacademy.com/
Sadguru Classes (1st to 12th State & CBSE Board),918626020570,NEET/JEE,Pune,4.9,73,"Trimurti Gym, Near, Khandve Nagar Rd, Kawade Wasti, Wagholi, Pune, Maharashtra 411047",
Pune Success Academy,917387063460,NEET/JEE,Pune,4.9,37,"3rd Floor, Sumanglam Apartment, NDA Pashan Rd, near SBI Bank, Sagar Co-Operative Housing Society, Bavdhan, Pune, Maharashtra 411021",http://punesuccessacademy.com/
"Eduempire - Best ICSE/CBSE/IGCSE Coaching Classes in Viman Nagar, Pune",918007360043,NEET/JEE,Pune,4.5,140,"UG – 14, 15, Phoenix East Court, Clover Park, Viman Nagar, Pune, Maharashtra 411014",https://www.eduempire.in/
Shraddha Coaching Classes,919822241889,NEET/JEE,Pune,4.9,91,"Third Floor, Shree capital, above Tata showroom, Laxmi Colony, Hadapsar, Pune, Maharashtra 411028",https://shraddhacoachingclasses.com/
OCTAHEDRAL CLASSES,919730616417,NEET/JEE,Pune,4.9,122,"2nd floor, yashwant plaza, near bank of India, kharadi, Yashwant Nagar, Kharadi, Pune, Maharashtra 411014",http://www.octahedralclasses.com/
Vijigeesha Coaching Classes,919561797259,NEET/JEE,Pune,4.9,75,"Sangharsh Chowk, Mundhwa - Kharadi Rd, Chandan Nagar, Pune, Maharashtra 411014",
Finest Concept Academy - Best Commerce and Maths Classes near Magarpatta Amanora Hadapsar Kharadi Keshavnagar Mundhwa Pune,919518586477,NEET/JEE,Pune,5,53,"Hadapsar, 302, 3rd floor, Gandharv Galaxia Mall, Amanora Park Town, Hadapsar, Pune, Maharashtra 411036",https://finestconceptacademy.com/
Bora Classes,917037035703,NEET/JEE,Pune,4.6,330,"Plot No. 9 Manik Niwas, Jagdamba Housing Society Behind Inorbit Mall, HW5C+7M6, Pune Nagar Rd, Somnath Nagar, Wadgaon Sheri, Pune, Maharashtra 411014",https://www.boraclasses.com/
"Srushti Classes 5th to 12th,diploma, engineering, FORM 17 , External students, mechanical civil",919823814097,NEET/JEE,Pune,4.8,59,"Sr.No:3,Shinde Building,Above Momin Chicken Centre,Opp To Reliance Fresh,, Near Brahma Sun City, durga mata temple,, Main road Wadgaon Sheri, Prasad Nagar, Wadgaon Sheri, Pune, Maharashtra 411014",
ABC'Z Coaching Classes Kothrud,919970008910,NEET/JEE,Pune,5,51,"23, 26, Galleria, Above Meshail Salon, Karve Rd, near Karve Statue, Mayur Colony, Kothrud, Pune, Maharashtra 411038",http://abcz.in/
MINDSPARK FOUNDATION | BEST COACHING CLASS IN AMANORA HADAPSAR PUNE | BEST RESULTS FOR 11TH 12TH 10TH 9TH 8th SCHOOL EXAMS,918055619999,NEET/JEE,Pune,4.9,41,"Shop 23, Amanora Urban Plaza, Future Tower, Amanora Park Town, Hadapsar, Pune, Maharashtra 411028",
InteGrator NEET Coaching Bangalore I Best neet coaching centre in Bangalore I TOP NEET Long Term Coaching in Karnataka,917899056609,NEET/JEE,Bengaluru,4.9,267,"3rd floor, No.13, Gangamma Cir Church Rd, above Bank of Baroda, near AFS, East Gate, Jalahalli East, Bengaluru, Karnataka 560013",https://integratorclasses.com/
"Physics Wallah Vidyapeeth Coaching Center Bengaluru- RR Nagar | IIT JEE, NEET & Foundation",918047361197,NEET/JEE,Bengaluru,5,89,"2nd floor, 466/A Ideal Homes Township, 80 feet Road, Remco Bhel Layout, Kenchenhalli, Rajarajeshwari Nagar, Bengaluru, Karnataka 560098",https://www.pw.live/offline-centres/batches/vidyapeeth/bengaluru-ka/bengaluru--jaynagar-vidyapeeth-007268
"Sri Chaitanya Academy - Best IIT JEE & NEET Coaching in Jayanagar, Bengaluru",919177867198,NEET/JEE,Bengaluru,4.7,47,"4th T Block East, 4th Block, Jayanagar, Bengaluru, Karnataka 560011",https://srichaitanyaacademy.net/centres/sri-chaitanya-bengaluru-coaching-centre-jayanagar
BEST PUC / KCET / NEET Coaching in Bangalore.,919663513056,NEET/JEE,Bengaluru,4.9,308,"#230/A, C/o D.R. Janardhan, 1st Main,, 12th 'A' Cross, 2nd Stage, West of Chord Road,, West of Chord Road 2nd Stage, 2nd Stage, Mahalakshmipuram, Bengaluru, Karnataka 560086",http://cbcoachingbangalore.com/
"Physics Wallah Vidyapeeth Coaching Center Bengaluru Rajaji Nagar | IIT JEE, NEET & Foundation",918047492225,NEET/JEE,Bengaluru,4.8,191,"19th Main Rd, 1st Block, 2nd Stage, Rajajinagar, Bengaluru, Karnataka 560010",https://www.pw.live/offline-centres/batches/vidyapeeth/bengaluru-ka/bengaluru-rajaji-nagar-159625
SAM CLASSES BTM-Best KCET & Neet Coaching in Bangalore |IIT JEE | CET | Class IX X XI XII | 1st PU 2nd PU |,918050491740,NEET/JEE,Bengaluru,5,12,"RJS, 2nd Floor, Apporva Building, 127, opp. metro piller, KEB Colony, New Gurappana Palya, 1st Stage, BTM 1st Stage, Bengaluru, Karnataka 560029",http://www.onlinesamclasses.in/
"Aakash Institute - Best NEET & IIT-JEE Coaching in Bengaluru, Rajarajeswari Nagar",917836999994,NEET/JEE,Bengaluru,4.5,316,"No 642, 3rd Floor, Pioneer Plaza Kenchanahalli, 2nd Rd, near Rajarajeshwari Nagar, Arch, Rajarajeshwari Nagar, Bengaluru, Karnataka 560098",https://centers.aakash.ac.in/aakash-institute-best-neet-iit-jee-coaching-in-bengaluru-rajarajeswari-nagar-coaching-center-rajarajeswari-nagar-bengaluru-99200/Home?utm_source=locator&utm_medium=googleplaces
"ALLEN Career Institute - Bannerghata Campus, Bengaluru | IIT JEE, NEET & Foundation Coaching",919513763144,NEET/JEE,Bengaluru,4.1,397,"No 71, Panuranga Nagar, Bannerghatta Rd, nearby Adigas Restaurant, Bilekahalli, Bengaluru, Karnataka 560076",https://www.allen.ac.in/bengaluru/?utm_source=GMB&utm_medium=Organic&utm_campaign=ALLEN_Career_Institute_Bannerghata_Campus_Bengaluru
Centum Academy,919108933332,NEET/JEE,Bengaluru,4.8,182,"Centum Academy, BDA Site, 1514, 19th Main Rd, near MTR, Vanganahalli, 1st Sector, HSR Layout, Bengaluru, Karnataka 560102",https://centumacademy.com/
"Aakash Institute - Best NEET & IIT-JEE Coaching in Bengaluru, Indira Nagar",918800013046,NEET/JEE,Bengaluru,4.2,363,"No 777E, 100 Feet Rd, above Titan Showroom, HAL 2nd Stage, Doopanahalli, Indiranagar, Bengaluru, Karnataka 560008",https://centers.aakash.ac.in/aakash-institute-best-neet-iit-jee-coaching-in-bengaluru-indira-nagar-coaching-center-indira-nagar-bengaluru-99198/Home?utm_source=locator&utm_medium=googleplaces
"Aakash Institute - Best NEET & IIT-JEE Coaching in Bengaluru, HRBR Layout",919311476789,NEET/JEE,Bengaluru,4.3,218,"No M415, Building 7, 2nd Floor Kalyan Nagar Extn, above Little Italy Restaurant, HRBR Layout 2nd Block, HRBR Layout, Banaswadi, Bengaluru, Karnataka 560043",https://centers.aakash.ac.in/aakash-institute-best-neet-iit-jee-coaching-in-bengaluru-hrbr-layout-coaching-center-hrbr-layout-bengaluru-99199/Home?utm_source=locator&utm_medium=googleplaces
"Aakash Institute - Best NEET & IIT-JEE Coaching in Bengaluru, T Dasarahalli",918800878217,NEET/JEE,Bengaluru,4.5,325,"2nd & 3rd Floor, Ranga XI Arcade, Jalahalli Cross Rd, opposite Metro Station, Maheswari Nagar, T. Dasarahalli, Bengaluru, Karnataka 560057",https://centers.aakash.ac.in/aakash-institute-best-neet-iit-jee-coaching-in-bengaluru-t-dasarahalli-coaching-center-t-dasarahalli-bengaluru-127901/Home?utm_source=locator&utm_medium=googleplaces
"ARYA BHAT ACADEMY | Tuition centre for I PU & II PU , K-CET/NEET/JEE/COMMERCE",918660955530,NEET/JEE,Bengaluru,5,226,"170, 10th Main Rd, 1st Block, Dasarhalli, Srinagar, Banashankari, Bengaluru, Karnataka 560050",http://aryabhatacademy.com/
Dr. Bhatia's Medical Coaching Institute,919986008632,NEET/JEE,Bengaluru,4.3,199,"Bright Towers, 7th Cross Rd, Vinayaka Nagar, NGO Colony, Wilson Garden, Bengaluru, Karnataka 560027",https://dbmcibangalore.com/
"Brilliant NEET | JEE | CET Integrated Coaching | Class 8,9,10 Foundation & Tuition(6-12) in SFS Music Academy Electronic City",919986166236,NEET/JEE,Bengaluru,4.8,202,"De Sales Music Academy Building, Bengaluru - Chennai Hwy, opposite to Biocon Metro Station, Kammasandra, Electronic City, Hebbagodi, Karnataka 560100",https://brilliantentrance.com/
"Sri Chaitanya Academy - Best IIT JEE & NEET Coaching in Kalyan Nagar, Bengaluru",919177867027,NEET/JEE,Bengaluru,4.5,54,"17, 7th Main Rd, opposite Tri Life Hospital, PNS Layout, HRBR Layout, Kalyan Nagar, Bengaluru, Karnataka 560043",https://srichaitanyaacademy.net/centres/sri-chaitanya-bengaluru-coaching-centre-kalyannagar
Elite IIT Coaching Malleshwaram,917795400014,NEET/JEE,Bengaluru,3.9,381,"282, Sampige Rd, 18th cross, Ranganathapura, Malleshwaram, Bengaluru, Karnataka 560003",http://www.eliteiit.com/
"NoMoreClass Institute - Hebbal Campus | IIT JEE, NEET & Foundation Coaching",919711057428,NEET/JEE,Bengaluru,4.6,270,"Site No. 66, Ravishankar Residency, Kodigehalli Main Rd, near PNB Bank, Sanjeevini Nagar, Bengaluru, Karnataka 560092",https://nomoreclass.com/
"Sri Chaitanya Academy - Best IIT JEE & NEET Coaching in Yelahanka, Bengaluru",918522907666,NEET/JEE,Bengaluru,4.3,22,"2nd Floor, No. 4/896-4, 1st A Main Rd, near Inox Garuda Mall, Sector A, Yelahanka Satellite Town, Yelahanka New Town, Bengaluru, Karnataka 560064",https://srichaitanyaacademy.net/centres/sri-chaitanya-bengaluru-coaching-centre-yelahanka
"Brilliant Academy – Coaching & tuition Centre for 10th CBSE, ICSE & 2nd PUC | KCET, NEET & IIT-JEE Coaching",918431611648,NEET/JEE,Bengaluru,4.9,207,"58, Puttenahalli Rd, near big bazaar, behind Dakshin Cafe, Nataraja Layout, RBI Layout, JP Nagar 7th Phase, J. P. Nagar, Bengaluru, Karnataka 560078",https://brilliantacademy.online/
Rankers Coaching Classes - PUC / CBSE / ICSE / JEE / KCET / NEET,917829958305,NEET/JEE,Bengaluru,4.9,216,"25/1,Asare, 2nd Main Rd, near Ganesha Temple, Ashta Laxmi Layout, 6th Phase, J. P. Nagar, Bengaluru, Karnataka 560078",http://rccclass.com/
InteGrator Classes,919155995223,NEET/JEE,Bengaluru,4.9,69,"67/21 S M Greens , Muthyalama Layout Kuvempunagar 1st stage, Shriniketh Layout, Jalahalli East, Bengaluru, Karnataka 560013",http://www.integratorcoachingcentre.com/
"Sri Chaitanya Academy - Best IIT JEE & NEET Coaching in HSR Layout, Bengaluru",918008154333,NEET/JEE,Bengaluru,3.2,20,"No. 19, SRS Plaza, 13th Cross, Service Rd, Sector 6, HSR Layout, Bengaluru, Karnataka 560102",https://srichaitanyaacademy.net/centres/sri-chaitanya-bengaluru-coaching-centre-hsrlayout
THE BANGALORE MEDICAL COACHING CENTRE 11 PU & 12 PU | NEET Entrance Coaching | MBBS Counseling,919036235816,NEET/JEE,Bengaluru,4.9,30,"612,80 Feet Road second floor, 6th Block, near Sony World, Signal, Koramangala, Bengaluru, Karnataka 560095",https://bangaloremedicalcoaching.com/
"Takshila Institute | Best IIT JEE, NEET & Foundation Coaching in Bangalore",919810802695,NEET/JEE,Bengaluru,4.9,70,"Second Floor, MNR Arcade, SBI Colony, 1st Phase, J. P. Nagar, Bengaluru, Karnataka 560111",https://www.takshilainstitutekarnataka.in/
"Aakash Institute - Best NEET & IIT-JEE Coaching in Bengaluru, Nagarbhavi",919901499299,NEET/JEE,Bengaluru,4.6,31,"3rd Floor, No 10, Outer Ring Rd, opposite Unity Lifeline Hospital, 1st Block, 2nd Stage, Nagarbhavi, Bengaluru, Karnataka 560072",https://centers.aakash.ac.in/aakash-institute-best-neet-iit-jee-coaching-in-bengaluru-nagarbhavi-coaching-center-nagarbhavi-bengaluru-389114/Home?utm_source=locator&utm_medium=googleplaces
Shri Medhaa Academy,918660252207,NEET/JEE,Bengaluru,5,47,"No.5, TRIPURA, between 6th and 7th cross, Railway Parallel Road, A Block, Milk Colony, Subramanyanagar,2 State, Rajajinagar, Bengaluru, Karnataka 560021",http://www.tripurashri.com/tutorials
"Sri Chaitanya Neet Academy, Vaidyabhavan",917022042412,NEET/JEE,Bengaluru,5,59,"80 Feet Ring Rd, Papajan Garden,Stage 2, KBH Colony, Basaveshwar Nagar, Bengaluru, Karnataka 560079",https://srichaitanyaschool.net/
Sri Chaitanya Academy,918977030521,NEET/JEE,Bengaluru,4.6,58,"44, 80 Feet Ring Rd, A D Halli, 2nd Stage, KHB Colony, Basaveshwar Nagar, Bengaluru, Karnataka 560079",https://srichaitanyaacademy.net/centres/sri-chaitanya-bengaluru-coaching-centre-basweshwarnagar
"VAIDYA MEDICAL ACADEMY, RAJANKUNTE Bangalore, NEET Long Term Coaching with Hostel, Neet, JEE, Integrated Coaching",917779048899,NEET/JEE,Bengaluru,4.9,63,"Addiganahalli, Addhiganahalli, Karnataka 560119",http://www.vaidyaedu.net/
Brilliant Academy - Coaching Centre for 10th Cbse Icse & 2nd Puc Kcet Neet iit padmanabhanagar,916360971708,NEET/JEE,Bengaluru,4.9,28,"17/2 10th A main , subramanyapura main road r k layout , near kadirenahalli petrol bunk , behind nayara petrol bunk uttarahalli, opposite union bank and pnb bank, RK Layout 2nd Stage, Kadarenahalli, Banashankari 2nd Stage, Padmanabhanagar, Bengaluru, Karnataka 560070",https://brilliantacademy.site/
"Physics Wallah Vidyapeeth Bangalore Banaswadi | IIT JEE, NEET & Foundation Classes",918047492208,NEET/JEE,Bengaluru,4.9,267,"Maruthi Mansion, 7M-422, 7th Main Rd, HRBR Layout 1st Block, Kalyan Nagar, Banaswadi, Bengaluru, Karnataka 560043",https://www.pw.live/offline-centres/batches/vidyapeeth/bengaluru-ka/bengaluru---banaswadi-vidyapeeth-629512
"Aakash Institute - Best NEET & IIT-JEE Coaching in Bengaluru, Kadugodi",918800902396,NEET/JEE,Bengaluru,4.6,195,"84, 2nd Flr, Green Field Hub, Blk A, Whitefield - Hoskote Rd, above Rolla Hyper Market, Seegehalli, Kadugodi, Bengaluru, Shigehalli, Karnataka 560115",https://centers.aakash.ac.in/aakash-institute-best-neet-iit-jee-coaching-in-bengaluru-kadugodi-coaching-center-kadugodi-bengaluru-133045/Home?utm_source=locator&utm_medium=googleplaces
Maths Mama Edtech-Best Online/Offline IIT-JEE Coaching in Bangalore,917448550397,NEET/JEE,Bengaluru,4.9,20,"C. No.59, Mr.Suraj Kumar Singh, c/o, near Shri Maramma Devi Devasthana, 1st Stage Kothanur, Kothannur, 8th Phase, J. P. Nagar, Bengaluru, Karnataka 560076",https://mathsmamasurajsir.com/
"Aakash Institute - Best NEET & IIT-JEE Coaching in Bengaluru, Whitefield",918800013049,NEET/JEE,Bengaluru,4.2,306,"2nd Floor, Kundanahalli Gate, No 5/2, Varthur Main Rd, next to Apollo Medical Centre, BEML Layout, Whitefield, Bengaluru, Karnataka 560066",https://centers.aakash.ac.in/aakash-institute-best-neet-iit-jee-coaching-in-bengaluru-whitefield-coaching-center-whitefield-bengaluru-102388/Home?utm_source=locator&utm_medium=googleplaces
Altus Knowledge | IIT JEE Mains and Advance Coaching Centre,917411376798,NEET/JEE,Bengaluru,4.6,102,"Vandana Homes, Brigade Millenium Rd, Panduranga Nagar, Bengaluru, Karnataka 560076",http://altusknowledge.co.in/
Elite iit Koramangala | Classes1-12+NEET+CET+JEE+NAVODAYA+SAINIK+DCET+PGCET+GATE+IITJAM+UGCNET+BANKING+SSC+CS+BE+BTECH+NIOS,917760763337,NEET/JEE,Bengaluru,4.2,71,"3rd Floor, Krishna Nagar, No 5, Hosur Main Road, Venkateshwara Layout, Koramangala, Bengaluru, Karnataka 560029",https://eliteiit.com/
Suvartha Vidyaniketan Coaching Centre,919886949470,NEET/JEE,Bengaluru,4.9,223,"16, 1st Cross, New Police Station Rd, near M. M. Choultry, Kasiviswanatha Extension, Krishnarajapuram, Bengaluru, Karnataka 560036",https://www.suvarthavidyaniketan.com/
"Physics Wallah Vidyapeeth HSR Layout - Haralur Road | IIT JEE, NEET & Foundation - Bengaluru",918047492179,NEET/JEE,Bengaluru,4.8,122,"3rd floor, Haralur Main Rd, beside Buildafina Lumos, Haralur, PWD Quarters, Apartment, Bengaluru, Karnataka 560102",https://www.pw.live/offline-centres/batches/vidyapeeth/bengaluru-ka/bengaluru---hsr-layout-703478
SHRADDHA ACADEMY NEET & IIT JEE INSTITUTE,916362085164,NEET/JEE,Bengaluru,5,7,"3rd Floor, S V Complex, @46, Subramanya Pura Rd, opp. Karnataka Bank, near Aarthi Scans & Labs, RK Layout 1st Stage, Banashankari 2nd Stage, Padmanabhanagar, Bengaluru, Karnataka 560061",https://shraddhaacademy.net/
NV Classes (earlier Neev Classes),919731127585,NEET/JEE,Bengaluru,4.7,230,"2nd Floor, Etternia Commercial Building, Silver County Rd, off Haralur Main Road, Sai Meadows, Parappana Agrahara, Bengaluru, Karnataka 560068",https://nvclasses.com/
"iScholar - IIT JEE, NEET, Foundation Blended Learning Programs (Bangalore)",917624891392,NEET/JEE,Bengaluru,4.2,17,"iScholar Knowledge Services Pvt. Ltd. Address - III Floor Location: Above Royal Oak, Ejipura Signal Door No 25, Ashok Chambers cross, Intermediate Ring Road, Srinivagilu Main Rd, Chandra Reddy Layout, 6th Block, Koramangala, Bengaluru, Karnataka 560047",https://ischolar.live/?utm_source=gmb_clicks&utm_medium=Google_refer&utm_campaign=GMB_Clicks
"Maths and Science tuition : ICSE, CBSE & IGCSE (Grades 9-10), ISC, CBSE (Grades 11-12), and Engineering Mathematics",918921971245,NEET/JEE,Bengaluru,5,14,"5th D Main Rd, HRBR Layout 2nd Block, HRBR Layout, Kalyan Nagar, Bengaluru, Karnataka 560043",https://akademics.co.in/
Rita Academy Coaching Classes CBSE & ICSE | PUC Tuition Center,919686665431,NEET/JEE,Bengaluru,4.8,249,"648, 1st Floor, 17th 'C' Cross, Chinmaya Mission Hospital Rd, 2nd Stage, Stage 2, Eshwara Layout, Indiranagar, Bengaluru, Karnataka 560008",https://ritaacademy.com/
"Vision Classes, Ulsoor | 9 to 12 Coaching, Tuition | PUC, CBSE, ICSE, State",918050347084,NEET/JEE,Bengaluru,4.9,90,"11/2, 2nd Floor, Cambridge Rd, near CANARA Bank/SBI, above Muthoot Finance, Halasuru, Udani Layout, Bengaluru, Karnataka 560008",
Integrator Coaching Classes - NEET JEE KCET & PUC coaching in Bangalore I CBSE & ICSE Tuition & Home Tuition in Bangalore,918197227197,NEET/JEE,Bengaluru,4.9,178,"Shop no. 07 First Floor, Shivana Halli, Jakkur - Yelahanka Rd, opp. to Multimart, Yelahanka, Bengaluru, Karnataka 560064",http://www.integratorcoachingcentre.com/
Manasu Academy - Maths and Science Tuition,919448415252,NEET/JEE,Bengaluru,5,89,"18, 4th Cross Rd, Asheervad Colony, Ashirvad Colony, Horamavu, Bengaluru, Karnataka 560113",
"Cloud Tutors - Offline & Online Tuition for CBSE/ ICSE/ IB/ IGCSE / IIT-JEE, NEET, KCET - Physics, Chemistry, Maths & Biology",918071511135,NEET/JEE,Bengaluru,4.9,115,"3rd Level, Neev Aura, 7/A, 19th Main Rd, Sector 3, HSR Layout, Bengaluru, Karnataka 560102",https://cloud-tutors.com/
"Merit Class | Home tuition & Online Tuition for IB / IGCSE / ICSE / CBSE / State for Maths, Physics, Chemistry, Accounts",918861434444,NEET/JEE,Bengaluru,4.3,48,"5th Main Road, 139, 15th Cross Rd, Sector 6, HSR Layout, Bengaluru, Karnataka 560102",http://www.meritclass.com/
Veda Academy - Best coaching centre & Tuition centre CBSE | PUC JP Nagar tuition centre,919036651828,NEET/JEE,Bengaluru,4.8,119,"539, 17th, Main, Puttenahalli Rd, opp. to Brigade Millennium, RBI Layout, JP Nagar 7th Phase, J. P. Nagar, Bengaluru, Karnataka 560078",https://www.vedatuitions.com/
CAS Classes | Tuition | Coaching Centre | CBSE | JEE | KCET | NEET,918618197603,NEET/JEE,Bengaluru,4.9,134,"1st Floor, CAS Classes, ELV Commercial Center, Whitefield Main Rd, Whitefield, Bengaluru, Karnataka 560066",http://casclasses.com/
"Vision Classes, Koramangala | 9 to 12 Coaching, Tuition | PUC, CBSE, ICSE, State | KCET , NDA , NEET , JEE",919538614461,NEET/JEE,Bengaluru,4.9,92,"36, Yamuna Block, near Krishna Laundry, National Games Village Complex, KHB Games Village, Koramangala, Bengaluru, Karnataka 560047",
"RSR ACADEMY - Indiranagar’s Trusted NIOS ,CBSE, ICSE & PUC Tuition, Maths, Commerce and Science",918106044983,NEET/JEE,Bengaluru,4.9,69,"3080 Double road, Paramahansa Yogananda Rd, opposite ESI Quarters, Indiranagar, Bengaluru, Karnataka 560008",http://rsracademyindiranagar.in/
Career Classes I Math & Science Tuition,916202512859,NEET/JEE,Bengaluru,4.9,143,"SAI Apartment, 1st Main Road, 1st Cross Rd, Vinayak Nagar, Konena Agrahara, Murugeshpalya, Bengaluru, Karnataka 560017",https://career-classes-i-math.grexa.site/
"Vidya Maths and Science Tuition Center (For Class 8, Class 9, Class10, CBSE, ICSE)",919986870636,NEET/JEE,Bengaluru,4.9,33,"16,Sree Nilaya, 3rd Cross Rd, Asheervad Colony, Horamavu Banaswadi, Horamavu, Bengaluru, Karnataka 560113",https://vidyamathsandsciencetuition.blogspot.com/
"Maths Tuition 9th n 10th CBSE, ICSE",919205024414,NEET/JEE,Bengaluru,5,24,"Lakshmi Opel Apartment, Sarjapur - Marathahalli Rd, Kaikondrahalli, Bengaluru, Karnataka 560035",https://sites.google.com/view/medha-classes/home
NYS Tuition CBSE ICSE PU,919148491386,NEET/JEE,Bengaluru,4.9,113,"1280, SANKALPA, 6th Main, 6th Cross, AECS Layout, AECS Layout - D Block, Kundalahalli, Brookefield, Bengaluru, Karnataka 560037",http://www.nysclass.com/
"EDUCATE Tuition centre - 8th, 9th & 10th standard for STATE & CBSE in Rajajinagar",917026335245,NEET/JEE,Bengaluru,5,103,"60/A 1 st, N block, Dr Rajkumar Rd, 1st Block, 2nd Stage, Rajajinagar, Bengaluru, Karnataka 560010",
Singh Tutorials,918904613288,NEET/JEE,Bengaluru,4.8,239,"Singh Tutorials, 74/2, Lakshmaiah block, Bellary Rd, opposite to Veterinary college, Lakshmayya Layout, Vishveshvaraiah Nagar, Ganganagar, Bengaluru, Karnataka 560024",
"Sri Gururaja Academy - Best Tuition Center for Class 8th, 9th, and 10th in Vajarahalli, Bengaluru",919980654732,NEET/JEE,Bengaluru,5,86,"11,11th Main Road ,Ganapathi Temple Road, Kanakapura Main Rd, Vajarahalli, Balaji Layout, Bangalore City Municipal Corporation Layout, Bengaluru, Karnataka 560109",https://srigururajacademy.com/
Tution 10th (maths and science) 5-9th all -CBSE&state,917019245304,NEET/JEE,Bengaluru,4.8,46,"484, 10th Cross Rd, Sector 2, PWD Quarters, 1st Sector, HSR Layout, Bengaluru, Karnataka 560102",http://www.cuemath.com/
Tuition Classes ICSE CBSE,919845634471,NEET/JEE,Bengaluru,5,91,"318, 18G main, police station, 1 lane, behind Koramangala, behind Bengaluru, 6th Block, just, Bengaluru, Karnataka 560095",
"VYOMA 5TH-10TH TUTORIALS FOR ICSE,CBSE,STATE 1ST&2ND PUC FOR SCIENCE, COMMERCE,ARTS",919632617441,NEET/JEE,Bengaluru,4.7,24,"No 175, 1st floor above prashanth dental clinic,15th main road, 18th Cross Rd, Marenahalli, MC Layout, Vijayanagar, Bengaluru, Karnataka 560040",
SRI GURU SAI INSTITUTION,918884447748,NEET/JEE,Bengaluru,4.9,336,"10 9th Cross, 2nd Floor, indiragandhi Circle, Sarakki Main Rd, opposite life care medical, ITI Layout, 1st Phase, J. P. Nagar, Bengaluru, Karnataka 560078",https://sgsinstitution.com/
H&S Institute,919449903736,NEET/JEE,Bengaluru,4.9,86,"124, 2nd floor, 3rd Main Road, 9th Main Rd, Mysore Bank Colony, Nagendra Block, Banashankari 1st Stage, Banashankari, Bengaluru, Karnataka 560050",https://www.plugintoscience.com/
DHRUVA ACADEMY,918618629427,NEET/JEE,Bengaluru,5,270,"Seetha Circle, 50 & 51/1, 2nd Main Rd, near Manjunatha Swamy Temple, 1st phase Girinagar, SBM Colony, Banashankari 1st Stage, Banashankari, Bengaluru, Karnataka 560011",https://www.dhruvaacademy.com/tuition-classes-in-jayanagar.html
TEJAS TUITIONS,917795703686,NEET/JEE,Bengaluru,4.9,289,"Maariyamma temple, 218, 4th Cross Rd, Vijayanagara, Whitefield, Bengaluru, Karnataka 560066",
Z Classes,917892345569,NEET/JEE,Bengaluru,5,73,"House no 321, First floor, 23rd Cross road,near vasaviyogashraya park Bayasandra main road, jayanagar, 4th T Block East, 4th Block, jaynagar, Bengaluru, Karnataka 560011",http://www.zclasses.co/
Kamal Classes Btm layout,918884441849,NEET/JEE,Bengaluru,4.7,162,"Munivenkatppa Layout, BTM Layout 2nd Stage, Bilekahalli, Bengaluru, Karnataka 560076",https://www.kamal-classes.com/
SAI CBSE TUITION GOLD MEDALIST COACHING,918618133746,NEET/JEE,Bengaluru,5,160,"Stage I, Kengeri, Bengaluru, Karnataka 560060",
VK TUITION CLASSES AND CENTER FOR ACADEMICS,919060683555,NEET/JEE,Bengaluru,4.8,236,"15, Janet Building, 3rd Main, 47, 4th Cross Rd, Vivek Nagar, Bengaluru, Karnataka 560047",http://www.vktuitioncenter.com/
PrepIIT Home Tuition,919663965124,NEET/JEE,Bengaluru,4.9,101,"107, 2nd Cross Rd, JP Nagar 6th Phase, Ramakrishna Nagar, Ilyas Nagar, Kumaraswamy Layout, Bengaluru, Karnataka 560111",https://prepiittutors.com/
VISE STEM Academy (formerly Super10 Tuitions),919483590254,NEET/JEE,Bengaluru,4.8,48,"1365, 1st floor, Service road, Kanakapura Main Rd, near to JPNagar metro station, SBI Colony, 1st Phase, J. P. Nagar, Bengaluru, Karnataka 560111",
R R Tuitions,919110265080,NEET/JEE,Bengaluru,4.9,87,"185/1, 2nd floor,4th cross, Bannerghatta Rd, Royal Residency Layout - BTM 4th stg, Royal Residency Layout, Arekere, Bengaluru, Karnataka 560076",https://rrtuitions.com/
Urban Tutors,918147400195,NEET/JEE,Bengaluru,4.9,62,"Door no 203,A , second floor Salimar avenue, 1st main, 2nd Cross Rd, Dinnur, RT Nagar, Bengaluru, Karnataka 560032",https://www.urbantutors.org/
Tuition Math class,919535270663,NEET/JEE,Bengaluru,4.9,25,"Malaprabha Block, NATIONAL GAMES VILLAGE, KHB Games Village, Koramangala, Bengaluru, Karnataka 560049",
Z Classes Home Tuition,918711958479,NEET/JEE,Bengaluru,4.8,152,"8A, 3rd Cross Rd, Hongasandra, Bengaluru, Karnataka 560068",http://www.zclasses.co/
Z Classes Tutors,917676817876,NEET/JEE,Bengaluru,4.8,26,"1189/B, MANGAL GRIHYA, 13th Main 100ft Road, HAL 2nd Stage, Indiranagar, BLR-38, Bengaluru, Karnataka 560008",http://www.zclasses.co/
Maths & Science Tuitions - Basics Tutorials,919740084460,NEET/JEE,Bengaluru,5,70,"C-Block, 935, 3rd Main Rd, AECS Layout - D Block, AECS Layout, Brookefield, Bengaluru, Karnataka 560037",https://www.sulekha.com/vamsi-basics-engineering-tutions-kundalahalli-bangalore-contact-address
Math Science Tutorials,919550638475,NEET/JEE,Bengaluru,5,57,"1st floor, 70/82, 13th Main Rd, Raghavendra Block, Harishta Nagar, Srinagar, Banashankari, Bengaluru, Karnataka 560050",
"Samruddhi Tutorials - 9th&10th - State, CBSE & ICSE Coaching in Vijayanagar, Bangalore",919066944666,NEET/JEE,Bengaluru,4.9,350,"18th Cross Rd, CHBS Layout, Stage 2, Vijayanagar, Bengaluru, Karnataka 560040",https://www.instagram.com/reel/ChZzYwDOUik/?igshid=YmMyMTA2M2Y=
Vidya Saadak,919845186424,NEET/JEE,Bengaluru,4.9,291,"#1409, Near Sarakki Gate, Kanakapura Main Road J.P Nagar 1st Phase, SBI Colony, 1st Phase, J. P. Nagar, Bengaluru, Karnataka 560078",https://vidyasaadak.com/
"SPECTRUM CLASSES- Best coaching/tuition center for SSLC/PUC science,commerce with KCET NEET IIT-JEE exams",918123088798,NEET/JEE,Bengaluru,4.5,148,"GMN SQUARE, sarvodaya law college building, 867, Modi Hospital Rd, West of Chord Road 2nd Stage, Indiranagar, Rajajinagar, Bengaluru, Karnataka 560086",https://www.spectrumtutorials.in/
"Sanjeev Classes | Engineering Tuition | 9 - 12 Tuitions (PUC,CBSE,ICSE,IGCSE) , JEE/KCET/COMEDK/NEET Entrance Coaching",918123844690,NEET/JEE,Bengaluru,4.7,112,"Ramaiah Reddy Layout, Krishna Reddy Layout, Ramamurthy Nagar, Bengaluru, Karnataka 560016",http://www.ssedutek.com/
ADY CLASSES,917760805212,NEET/JEE,Bengaluru,4.8,222,"10/3 , Appurao road, 6th Main Road, near By2coffee, Raghavendra Colony, Chamrajpet, Bengaluru, Karnataka 560018",
"GRIP ACADEMY KALYAN NAGAR (5th to 12th std, All Subjects)",919880600378,NEET/JEE,Bengaluru,5,223,"Near Sony Center, Ring Road, Hennur Rd, HRBR Layout, Kalyan Nagar, Bengaluru, Karnataka 560043",https://gripacademy.in/
B.J.P.M. Coaching​ Centre.,919902284890,NEET/JEE,Bengaluru,4.9,221,"12, UM Ln, Basettypet, Huriopet, Chickpet, Bengaluru, Karnataka 560053",
Saraswati Tutorials - Home Tuition in Bengaluru,918904457689,NEET/JEE,Bengaluru,4.9,80,"House no. 23, Aswath Nagar, Marathahalli, Bengaluru, Karnataka 560037",https://saraswatitutorial.com/
JM's Classes,919008720077,NEET/JEE,Bengaluru,5,24,"1064, 6th Cross Road, 14th Main Rd, Tavarekere, Aicobo Nagar, 1st Stage, BTM 1st Stage, Bengaluru, Karnataka 560029",
"Tuition // Coaching: Maths, Hindi, English , Kannada - Tuition, Amita Jayanti Tutorials (1st to 10th Std)",917022506063,NEET/JEE,Bengaluru,4.9,29,"16/1, Baby Sathya Bld., 1st Floor, 28th Cross 16/1, Baby Sathya B28th Cross, Kondappa Layout, C.V. Raman Nagar, Kaggadasapura, Bengaluru, Karnataka 560093",
PCP Jaipur,919610572222,NEET/JEE,Jaipur,4.8,224,"Gopalpura Bypass Rd, Triveni Nagar, Arjun Nagar, Jaipur, Rajasthan 303006",https://pcpsikar.com/Jaipur/
NEET JEE COACHING CLASSES Physics Online Offline by Abhishek Agarwal Sir Er IIT DELHI 18 yrs Exp,919636702747,NEET/JEE,Jaipur,4.9,74,"Mansarovar, Kaveri Path, Sector II, Nirman Nagar, Gopalpura, Jaipur, Rajasthan 302020",
Resonance Jaipur,917728890113,NEET/JEE,Jaipur,4.3,365,"BL Tower 1, 1st, Tonk Rd, near Jaipur Hospital, Mahaveer Nagar, Gopal Pura Mode, Jaipur, Rajasthan 302018",https://www.resonance.ac.in/sc/jaipur.aspx
"Physics Wallah Vidyapeeth Coaching Center Jaipur Vaishali Nagar | IIT JEE, NEET & Foundation Classes",919513369664,NEET/JEE,Jaipur,4.9,206,"B3, B4, Vinayak Kripa,Hanuman Nagar, Sirsi Road, mod, near Khatipura, Jai Bhawani Colony, Vaishali Nagar, Jaipur, Rajasthan 302021",https://www.pw.live/offline-centres/batches/vidyapeeth/jaipur-rj/jaipur-vaishali-nagar-vidyapeeth-366813
B2E Learning,919079797145,NEET/JEE,Jaipur,4.6,313,"B-41- A, Gopalpura Rd, 10-B Scheme, Triveni Nagar, Arjun Nagar, Jaipur, Rajasthan 302018",https://b2elearning.com/
Impulse Career Institu. NDA JEE NEET,919414648114,NEET/JEE,Jaipur,4.9,346,"214, Jeen Mata Marg, Shivpuri Extention, Sindhi Colony, Jhotwara, Jaipur, Rajasthan 302012",
"Unacademy Coaching Center - Jaipur, Rajasthan | IIT JEE, NEET & Foundation Classes",916366526977,NEET/JEE,Jaipur,4.7,216,"VQCH+V7M, Plot no.35, Gopalpura Bypass Rd, near Ridhi Sidhi Chauraha, opposite Bharat Petroleum Pump, 10-B Scheme, Triveni Nagar, Arjun Nagar, Jaipur, Rajasthan 302018",https://unacademy.com/goal/jee-neet-foundation-coaching/JVITK/centre/jaipur-gopalpura-Centre/B01CEXH3RD
"Aakash Institute - Best NEET & IIT-JEE Coaching in Jaipur, Tilak Nagar",918800896372,NEET/JEE,Jaipur,4.5,152,"1st & 3rd Floor, No A34, Prabhu Marg, opposite LBS College Marg, Tilak Nagar, Jaipur, Rajasthan 302006",https://centers.aakash.ac.in/aakash-institute-best-neet-iit-jee-coaching-in-jaipur-tilak-nagar-raja-park-jaipur-coaching-center-tilak-nagar-jaipur-132885/Home?utm_source=locator&utm_medium=googleplaces
"NARAYANA INSTITUTE - Campus 1, (Gopalpura) Jaipur | IIT JEE, NEET & Foundation Coaching",911414848000,NEET/JEE,Jaipur,4.5,123,"Circle, B-28, Gopalpura Bypass Rd, near Riddhi siddhi, 10-B Scheme, Triveni Nagar, Arjun Nagar, Jaipur, Rajasthan 302018",https://www.narayanajaipur.com/
"Gurukripa Career Institute, Gopalpura Bypass, Jaipur",919587224365,NEET/JEE,Jaipur,4.2,201,"Gopalpura Bypass Rd, opposite Sodhani Sweets, near Narayan Niwas, Krishna Vihar, Agrasen Nagar, Gopal Pura Mode, Jaipur, Rajasthan 302015",https://gurukripa.ac.in/branch/jaipur
"ALLEN Career Institute - Sarvatra Campus 6, Jaipur | IIT JEE, NEET & Foundation Coaching",919513683998,NEET/JEE,Jaipur,4.2,152,"Plot No B-13-17, Sirsi Rd, Hanuman Nagar, Jaipur, Rajasthan 302021",https://www.allen.ac.in/jaipur/?utm_source=GMB&utm_medium=Organic&utm_campaign=ALLEN_Career_Institute_Sarvatra_Campus_6_Jaipur_Hanuman_Nagar_Campus
"Aakash Institute - Best NEET & IIT-JEE Coaching in Jaipur, Suncity",919116999649,NEET/JEE,Jaipur,4.9,56,"1st Floor, Bohara Complex Grand, Sikar Rd, above SBI Bank, Suncity, Jaipur, Rajasthan 302013",https://centers.aakash.ac.in/aakash-institute-best-neet-iit-jee-coaching-in-jaipur-suncity-coaching-center-suncity-jaipur-376654/Home?utm_source=locator&utm_medium=googleplaces
Whizdom Institute,919785333367,NEET/JEE,Jaipur,4.9,203,"3/65, Akash Marg, near Ravna Rajpoot, Sector-3, Jagdamba Colony, Vidyadhar Nagar, Jaipur, Rajasthan 302039",https://www.whizdominstitute.co.in/
"CHITRA STUDY POINT - Best CBSE Coaching class for 8th,9th,10th,11th,12th, JEE-NEET in Jaipur",919928273041,NEET/JEE,Jaipur,4.9,363,"84/257, Madhyam Marg, Ward 27, Mansarovar Sector 8, Mansarovar, Jaipur, Rajasthan 302020",https://chitra-study-point-best.grexa.site/
Samarpan Career Institute patna,911412294488,NEET/JEE,Jaipur,4.6,129,"Gujar ki Thadi, 121 Sultan Nagar, Gopalpura Bypass Rd, 10 B Scheme, Triveni Nagar, Arjun Nagar, Jaipur, Rajasthan 302015",
sigma classes - Best Coaching In Vaishali Nagar | JEE & NEET Coaching | Top Science & Maths Coaching in Vaishali Nagar,919928637952,NEET/JEE,Jaipur,5,17,"Plot no. 10/125 Chitrakoot, Akruti Apartments, Sector 10, Vaishali Nagar, Jaipur, Rajasthan 302021",
BASE INSTITUTE,919571292929,NEET/JEE,Jaipur,4.9,291,"Cross Road Mall, F 17, near Modi Furniture, Sector 2, Central Spine, Vidyadhar Nagar, Jaipur, Rajasthan 302039",
CLC Jaipur NEET-JEE,919983784888,NEET/JEE,Jaipur,3.9,172,"3rd Floor, Shriram Tower, उदयस्थली, Gopalpura Bypass Rd, 10 B Scheme, Triveni Nagar, Arjun Nagar, Jaipur, Rajasthan 302015",https://jaipur.clcsikar.com/
NEET kaka JEE - Jaipur,917230023155,NEET/JEE,Jaipur,4.7,79,"Saraswati dham, Gopalpura Bypass Rd, near Triveni puliya, Vidhut Nagar, Vasundhara Colony, Gopal Pura Mode, Jaipur, Rajasthan 303006",http://www.neetkakajee.com/
Resonance Pratap Nagar Centre - A Premier Coaching Centre for IIT JEE & NEET,918306233305,NEET/JEE,Jaipur,4.8,29,"1st Floor, Capital Ridge, Tonk Rd, near D Mart, Sanganer, Sector 6, Pratap Nagar, Jaipur, Rajasthan 302033",http://www.resonance.ac.in/
The Miracle Academy,917300004398,NEET/JEE,Jaipur,4.9,157,"Miracle academy, Landmark-AGRASEN HOSPITAL, 7/154, Sector 2, Sector 7, Vidyadhar Nagar, Jaipur, Rajasthan 302039",http://themiracleacademy.in/
Gravity Foundation - Best Coaching Classes in Jagatpura for IIT-JEE / NEET / BOARDS / 6th to 12th,918850076346,NEET/JEE,Jaipur,4.9,110,"Plot-13 , first floor , hare krishna marg, Mahal Rd, near Jagatpura Flyover, Jagan Vihar, Jagatpura, Jaipur, Rajasthan 302017",
Pro NEET Classes,919214314348,NEET/JEE,Jaipur,5,20,"Shop no 12-13, L C Tower, Gopalpura Bypass Rd, Gopal Nagar-A, Agrasen Nagar, LC, Jaipur, Rajasthan 302018",https://proneetphysics.com/
VIDHYAY INSTITUTE FOR NEET | JEE | FOUNDATION,917737780011,NEET/JEE,Jaipur,5,32,"B-32, Gopalpura Bypass Rd, opposite Bharat Petroleum, near Ridhi Sidhi Choraha, 10-B Scheme, Triveni Nagar, Arjun Nagar, Jaipur, Rajasthan 302018",
Aakash institute (jee),118001022727,NEET/JEE,Jaipur,4.7,362,"XQ7J+5C4, Sector 2, Central Spine, Vidyadhar Nagar, Jaipur, Rajasthan 302039",https://www.aakash.ac.in/
"Convex Classes Jaipur | NEET, IIT-JEE & NDA",917597252693,NEET/JEE,Jaipur,4.7,197,"Plot No 7, Street No. 23, Telephone Colony, Barkat Nagar, Tonk Phatak, Jaipur, Rajasthan 302015",https://convexclasses.in/
Vivekanand coaching classes jaipur,918209746456,NEET/JEE,Jaipur,4.9,178,"first floor, 62, Gandhi Path Rd, near nymph academy, Lalarpura, Jaipur, Rajasthan 302034",http://vivekanandcoachingclasses.com/
Uttam/Jagrawal Classes,918619126941,NEET/JEE,Jaipur,4.8,134,"7, Jagatpura Rd, Railway Colony, Keshar Vihar, Jaipur, Rajasthan 302017",https://www.uttamclassesjaipur.com/
Arun's Classes of Chemistry | Chemistry Coaching for NEET JEE IIT,919829011284,NEET/JEE,Jaipur,4.9,117,"Pooja Towers, 262, Mahaveer Nagar, Muktanand Nagar, Gopal Pura Mode, Jaipur, Rajasthan 302018",http://www.arunsclasses.com/
"Aakash Institute - Best NEET & IIT-JEE Coaching in Jaipur, Mahesh Nagar",918800013083,NEET/JEE,Jaipur,3.9,11,"Shri Gopal Nagar, Gopalpura Bypass Rd, opposite 60 Feet Road, Mahesh Nagar, Arjun Nagar, Jaipur, Rajasthan 302019",https://centers.aakash.ac.in/aakash-institute-best-neet-iit-jee-coaching-in-jaipur-mahesh-nagar-jaipur-surya-nagar-coaching-center-mahesh-nagar-jaipur-334822/Home?utm_source=locator&utm_medium=googleplaces
Axiom Defence Academy nda coaching In Jaipur,919314533083,NEET/JEE,Jaipur,4.8,312,"Opposite time square, lalgarh palace, sec-2, Near patak pachad balajitemple, Sector 2, Vijay Bari, Vidyadhar Nagar, Jaipur, Rajasthan 302039",http://www.axiomdefence.com/
"Reliable point physics (JEE, NEET,CBSE,RBSE,ISC))",919785843902,NEET/JEE,Jaipur,5,25,"126 ram nagar,shopping centre, Sector 1, Ram Nagar, Shastri Nagar, Jaipur, Rajasthan 302016",
Bodhisatva Academy - NEET Coaching Classes | Foundation & Pre Foundation,919119163644,NEET/JEE,Jaipur,5,5,"11, Gopalpura Bypass Rd, near Narayan Niwas, Krishna Vihar, Agrasen Nagar, Gopal Pura Mode, Jaipur, Rajasthan 302018",https://bodhisatvaacademy.in/
Base Plus Career Institute | Best Coaching for NEET IIT-JEE In jaipur | Neet coaching in jaipur,919864806632,NEET/JEE,Jaipur,4.7,15,"111, B - 110, near Airport Terminal- I, opp. SUBODH PUBLIC SCHOOL, Shivpuri, Sanganer, Maruti Nagar, Jaipur, Rajasthan 302029",https://www.baseplus.in/
CNM System Labs: IIT-JEE | NEET | Boards,918949454771,NEET/JEE,Jaipur,5,26,"Triveni Chauraha, 3-4, Gopalpura Bypass Rd, Ashok Vihar, Gopal Pura Mode, Jaipur, Rajasthan 302015",
Motion Education Gopalpura,918905015689,NEET/JEE,Jaipur,4.5,32,"4thFloor, Gopal Tower, Plot no.33B, Gopalpura Bypass Rd, Triveni Nagar, Arjun Nagar, Jaipur, Rajasthan 303006",https://jaipur.motion.ac.in/
Resonance Gopalpura Branch,918306233301,NEET/JEE,Jaipur,4.9,11,"Ground Floor, Plot 33, Gopalpura Bypass Rd, near Ridhi Sidhi Circle, 10-B Scheme, Triveni Nagar, Arjun Nagar, Jaipur, Rajasthan 302018",https://www.resonance.ac.in/sc/jaipur.aspx
"Physics Classes by Er. Rohit Jain (for JEE/NEET/BITSAT/CBSE/IB/IGCSE) -Physics Coaching Institute in Vaishali Nagar, Jaipur",919414932527,NEET/JEE,Jaipur,4.9,55,"4/219 chitrakoot, 4/219, Chitrakoot Marg, near chitrakoot stadium, Vaishali Nagar, Jaipur, Rajasthan 302021",
"Gurukripa IIT-JEE/NEET/Foundation Coaching Classes in Subhash Nagar, Jaipur",918875124365,NEET/JEE,Jaipur,4,41,"D-199, Subhash Nagar, Jaipur, Rajasthan 302012",https://gurukripa.ac.in/branch/jaipur
"Elite Tutorial 12th,11th,10th,9th NEET & JEE-",918003386999,NEET/JEE,Jaipur,4.8,122,"16, Shri Hans Marg, Keshav Vihar, Arjun Nagar, Jaipur, Rajasthan 302015",https://66e3e195cd5ad.site123.me/
VINAYAK COACHING CLASSES JAIPUR,919782149626,NEET/JEE,Jaipur,4.9,29,"RAJESH TOYOTA, Agra Rd, near TILAK HOSPITAL, PURANI CHUNGI, Amratpuri, Transport Nagar, Jaipur, Rajasthan 302031",
"DIVYANKA STUDY POINT( CBSE Coaching -Tuition classes for class ,8,9,10th,11,12th,Physics,Chemistry,Maths,Bio.IIT,NEET, Nursin",917976599807,NEET/JEE,Jaipur,5,50,"Easy score, 669, Laxman Path, Katewa Nagar, Vivek Vihar, Sodala, Jaipur, Rajasthan 302019",
"Unacademy Coaching Centre Vaishali Nagar, Jaipur | IIT JEE, NEET & Foundation Classes",916366527128,NEET/JEE,Jaipur,3.9,93,"Plot 79, 81 3rd & 4th Floor, Harshit Mansion, Shivraj Niketan Colony, Vaishali Nagar, Jaipur, Rajasthan 302021",https://unacademy.com/goal/jee-neet-foundation-coaching/JVITK/centre/jaipur-vaishali-nagar-Centre/H6DV7O1Z6V
Divine JEE,919521580979,NEET/JEE,Jaipur,4.8,18,"2nd floor, C, 10, Mahant Swami Marg, nr. Pratap Stadium, Chitrakoot, Jaipur, Rajasthan 302021",https://divinejee.com/
Zenith Pathshala | Best IIT JEE & NEET Coaching In Jagatpura Jaipur,916367889002,NEET/JEE,Jaipur,5,26,"Zenith Pathshala, Laxmi Plaza, INDIRA GANDHI NAGAR SECTOR-8, Sector 8, Jagatpura, Jaipur, Rajasthan 302017",https://zenithpathshala.co.in/
"Toppers Factory - Class 9th, 10th, 11th, 12th, Physics Chemistry Maths NEET & IIT JEE Coaching in Jagatpura Jaipur",918561841505,NEET/JEE,Jaipur,4.8,209,"A-12 Dhakad heights, Mahaveer Marg Ram Nagariya, Ext, Jagatpura, Jaipur, Rajasthan 302017",
Didactic Institute - Jaipur,919571262802,NEET/JEE,Jaipur,4.9,155,"Opposite Jain Mandir ,Near Saket Hospital,Meera marg, Meera Marg, Madhyam Marg, Ward Number 43, Sector 101, Mansarovar, Jaipur, Rajasthan 302020",http://www.didacticinstitute.com/
"V SHINE ACADEMY - Best IIT JEE Coaching in Gurjar Ki Thadi, Best JEE Coaching Classes in Gurjar Ki Thadi",916378900521,NEET/JEE,Jaipur,4.8,30,"237, Shanthi Nagar B, Shanthi Nagar, Gurjar Ki Thadi, Jaipur, Rajasthan 302019",
"The Mission 21 : Best Coaching for 6th to 12th and Boards, IIT JEE, NEET & JET | Training Institute in Pratap Nagar, Jaipur",917667343606,NEET/JEE,Jaipur,4.8,109,"First Floor, 175 / 77, Sector 17 Rd, Sanganer, Pratap Nagar, Jaipur, Rajasthan 302033",https://themission21.com/
Alley Institute,919057554737,NEET/JEE,Jaipur,4.9,175,"The Ramprasad', B-62(3rd Floor), Bank Officer's Campus Main 80ft. Road Near Petrol Pump Ramnagariya, Jagatpura, Jaipur, Rajasthan 302017",http://www.alleyinstitute.in/
"MUSE ACADEMY -The Best Coaching Classes/ Tuition classes for CBSE ,RBSE & IB Board IX,X Maths& science XI,XII PCM & Accounts",919784068743,NEET/JEE,Jaipur,4.9,35,"Arogya Path, B-118, Parshav Nath Colony Rd, Gyan Vihar, Nirman Nagar, Brijlalpura, Jaipur, Rajasthan 302019",
"Focus Classes of Science (X, XII BOARD COACHING CLASSES)",917725994948,NEET/JEE,Jaipur,5,88,"57A DurgaMarg, West, Akshardham Mandir Rd, Moti Nagar, Shiv Colony, Vaishali Nagar, Jaipur, Rajasthan 302021",https://youtube.com/@focusclassesofsciencemukeshsir?si=lAEd59-h4AYI0cZ4
"Easy Score-Best CBSE Coaching-Tuition Classes in Jaipur for Maths, Physics, Chemistry, Bio, Science, SST for class 9,10,11,12",917976782921,NEET/JEE,Jaipur,4.9,90,"669, Laxman Path, near Metro Station, Katewa Nagar, Vivek Vihar, Shyam Nagar, Jaipur, Rajasthan 302019",
sharma classes,917793036728,NEET/JEE,Jaipur,5,118,"near Krishna circle, Mansarovar, Narayan Vihar, Jaipur, Rajasthan 302026",
"Navya Home Tuition For class 7th,8th,9th, 10th,11th,12th, Physics, Chemistry, Biology,Math,NEET,IIT,CBSE,RBSE,NIOS,Science",919694569603,NEET/JEE,Jaipur,4.9,25,"Plot no.53, Moti Doongri Rd, Bardia Colony, Kailash Puri, Adarsh Nagar, Jaipur, Rajasthan 302002",https://business.google.com/website_shared/launch_bw.html?f=navya-home-tuition.business.site&hl=en-gb
"Hodu Academy (For JEE/NEET/BITSAT/CUET/CBSE/IB/Cambridge/IGCSE/Classes 5 to 12) - Coaching/Tuition in Vaishali Nagar, Jaipur",919257879555,NEET/JEE,Jaipur,5,87,"C-28, Vaishali Estate, Arcadia Greens Road, Gandhi Path Rd, Vaishali Nagar, Jaipur, Rajasthan 302041",https://www.hoduacademy.com/
SharpVE Gurukull Jaipur Tuition Classes | 6th to 12th,917851062121,NEET/JEE,Jaipur,5,61,"34, near Shree Agrasen Bhawan, Bank Colony, Krishna Vihar, Mahesh Nagar, Gopal Pura Mode, Jaipur, Rajasthan 302015",https://sharpve-gurukull-jaipur.b12sites.com/index
GOYAL TUITION CLASSES,919829885555,NEET/JEE,Jaipur,4.9,58,"D 32, D - Block, Vaishali Nagar, Jaipur, Rajasthan 302021",https://sites.google.com/view/goyaltuitionclasses
DeePra Coaching Classes,918823922203,NEET/JEE,Jaipur,4.9,218,"65, Gandhi Path Rd, near ICICI BANK, Aditya Vihar, Scheme Number 8, Girnar Colony South, Vaishali Nagar, Jaipur, Rajasthan 302021",http://www.deepracoachingclasses.com/
RG Classes,918561005504,NEET/JEE,Jaipur,4.9,130,"D 55, Shanti Path, Patrakar Colony, Raja Park, Jawahar Nagar, Jaipur, Rajasthan 302004",https://mastercbse.in/
Maths Success Point- MSP Science Group,919829285545,NEET/JEE,Jaipur,4.9,344,"45, MSP-Campus, Chitrakoot Colony, Shivpuri, Sindhi Colony, Jhotwara, Jaipur, Rajasthan 302012",https://mathssuccesspoint.com/
Study Stars Tuition Classes /On-line Classes (Dr.Meenakshi Ma'am),919829347830,NEET/JEE,Jaipur,5,128,"B-153 Ramnagaria Extension near D mart jagatpura, Karolan Ka Barh, Jaipur, Rajasthan 302017",
Aster tuition classes,919782880002,NEET/JEE,Jaipur,4.9,41,"F143, Chaitanya Marg, C Scheme, Ashok Nagar, Jaipur, Rajasthan 302001",
Jasika Garg Classes,919828112434,NEET/JEE,Jaipur,5,177,"flat 119, UNIQUE SANGHI, apartments, Ekta Block, Mahaveer Nagar, Durgapura, Jaipur, Rajasthan 302018",https://www.instagram.com/jasikagargclasses
Acharya Dronacharya Classes,917976730226,NEET/JEE,Jaipur,4.9,177,"P.no 13,14 Kardhani Yojana, near Govindam Tower, Govindpura, Jhotwara, Jaipur, Rajasthan 302044",https://acharyadronacharyaclasses.com/
Potential Tutorial,917742270531,NEET/JEE,Jaipur,4.9,57,"372, Vishvkarma Nagar I, Maharani Farm, Gayatri Nagar A, Durgapura, Jaipur, Rajasthan 302018",https://potentialtutorial.co.in/
SK Home Tuitions,917976457370,NEET/JEE,Jaipur,5,190,"Mansarovar Sector 7, Mansarovar Sector 5, Mansarovar, Jaipur, Rajasthan 302020",https://seoinjaipur.in/
HIGHMARKS ACADEMY,919351905456,NEET/JEE,Jaipur,4.9,73,"A 6, Anand Vihar, Railway Colony, Jagatpura, Jaipur, Rajasthan 302017",http://www.highmarksacademy.com/
AS CLASSES,918239276617,NEET/JEE,Jaipur,5,381,"8, near hanuman dhaba, near Bank of India, Vivek Vihar, Nandpuri Colony, Jagatpura, Jaipur, Rajasthan 302017",https://www.asclasses.in/
iota home tuition best home tuition in jaipur,919351847925,NEET/JEE,Jaipur,5,148,"95 north, A, 94B, Gokul Vihar C, Budhsinghpura, Sanganer, Jaipur, Rajasthan 302033",https://rj.homestuition.in/
ABC CLASSES,919887705861,NEET/JEE,Jaipur,5,125,"NORTH PART, D-20, Uma Path, Ramnagar, Sodala, Jaipur, Rajasthan 302019",
S.Sadaf Tuition Classes | Maths Coaching | Science Coaching | Best Coaching,919784071995,NEET/JEE,Jaipur,4.9,72,"B-11, Amratpuri, Transport Nagar, Jaipur, Rajasthan 302003",
Maximal Classes,918740903810,NEET/JEE,Jaipur,4.9,239,"10, Ved-Vatika, Ramnagar Extension, Ramnagar, Jaipur, Rajasthan 302019",
Mr.Tutor HOME TUITION JAIPUR,917665036850,NEET/JEE,Jaipur,4.9,331,"Satya Vihar, Indra Puri, Vidhayak Nagar, Lalkothi, Jaipur, Rajasthan 302015",http://www.mrtutorindia.com/
S. S. Classes (By A.P. Tripathi Sir),919829170598,NEET/JEE,Jaipur,4.9,90,"Shop number 8, B-282, Block B, Vidyut Abhiyanta Colony, Malviya Nagar, Jaipur, Rajasthan 302017",
Vinit Sir Classes,919829793157,NEET/JEE,Jaipur,4.9,104,"219, Arjun Nagar, Vasundhara Colony, Durgapura, Jaipur, Rajasthan 302018",
K K Classes,919414322997,NEET/JEE,Jaipur,4.8,194,"210 shivaji Block, Mahaveer Nagar-1, Mahaveer Nagar, Durgapura, Jaipur, Rajasthan 302018",https://www.kkclasses.in/
"VP Sharma sir and Seema vidhani ma'am classes(physics, chemistry maths and JEE mains)",919166699009,NEET/JEE,Jaipur,5,98,"Nagpal medical store, Parnami Block, Gurunanakpura, Tilak Nagar, Jaipur, Rajasthan 302004",
Maths By Vikas Rastogi,919828898080,NEET/JEE,Jaipur,5,126,"B-282 Sector-4 Malviya nagar, Shop number 8, Rajasthan, near Soni Bakery, near Maruti Suzuki Driving School, Block B, Vidyut Abhiyanta Colony, center, Jaipur, Rajasthan 302017",
TUTORING SERVICE,919530146601,NEET/JEE,Jaipur,4.9,37,"metro station, D22, Mohan Marg, near vivek vihar, Ramnagar Extension, Goverdhan Colony, Jaipur, Rajasthan 302019",
"Prime Study Point | Science Coaching Classes | 3th to 12th (All Subjects) Coaching Classes In Niwaru Road, Jhotwara, Jaipur",918290939955,NEET/JEE,Jaipur,5,50,"Ganesh Nagar, 17, Niwaru Rd, opp. of HDFC Bank, near Shri Ambe Hospital, Jhotwara, Jaipur, Rajasthan 302012",
Free Education help,916375714340,NEET/JEE,Jaipur,5,58,"Sudamapuri-2, Ninder Mod Rd, Harmada, Jaipur, Rajasthan 302013",
"Bionics Vision coaching (10th science maths,11th &12th PCB &PCM foundation /Neet /IIT)",919829809998,NEET/JEE,Jaipur,5,37,"Plot no 115 , laxminagar 2,near unique kids academy school, niwaru road, puliya, ke pass, Laxmi Nagar III, nangal, Jhotwara, Jaipur, Rajasthan 302016",
Shree Radha Classes,918209093756,NEET/JEE,Jaipur,5,63,"D-5, Anand Vihar, Railway Colony , Jagatpura,, Railway Colony, Jagatpura, Jaipur, Rajasthan 302017",
"MnS Classes (Maths, Science and Coding)",919241229184,NEET/JEE,Jaipur,5,93,"74, Pushpanjali Colony, Ganga Vihar Colony, Mahesh Nagar, Gopal Pura Mode, Jaipur, Rajasthan 302015",https://www.mnsclasses.com/
Shiksha,919636562602,NEET/JEE,Jaipur,5,24,"304, basement, gate no 2, in front of Dharav high school, Sector 2, Sector 6, Vidyadhar Nagar, Jaipur, Rajasthan 302039",
LAKSHYA Classes,917352912345,NEET/JEE,Jaipur,4.9,240,"NRI Junction, opp. Mc Donald’s, Jagatpura, Jaipur, Rajasthan 302033",
Atharva Education,919680174444,NEET/JEE,Jaipur,5,73,"Rc-11, Krishna Puri Road, Narayan Vihar, Jaipur, Rajasthan 302020",
Poornima Home Tuition - HOME TUITION IN JAIPUR,919413400036,NEET/JEE,Jaipur,4.9,56,"7D5, Jawahar Nagar Rd, near Manshapurna Mahdev Mandir, Sector 7, Jawahar Nagar, Jaipur, Rajasthan 302004",https://www.tutionjaipur.com/
Career Shapers Institute,917378188888,NEET/JEE,Jaipur,4.7,40,"559, Kings Rd, opp. R. N. Hospital, Nirman Nagar, Brijlalpura, Jaipur, Rajasthan 302019",https://careershapersinstitute.in/
Zschool Tutorials,919983826848,NEET/JEE,Jaipur,4.9,69,"C-5A, adj. to Rataneshwari Jewellers, opp. Domino's, Sheer Sagar Patarkar Colony, Patrakar Colony, Mansarovar, Jaipur, Rajasthan 302020",http://www.zschool.in/
Talent Home Tuition,917742086449,NEET/JEE,Jaipur,4.8,53,"Plot No. 39, Gyan Vihar Colony, Khejdo Ka Vas, Extn, Mansarovar, Jaipur, Rajasthan 302020",https://talent-home-tuition-jaipur.ueniweb.com/?utm_campaign=gmb
Goyal Commerce coaching classes,917014993070,NEET/JEE,Jaipur,4.9,78,"22- C,Gali no 8 Barkat Nagar, Sachivalaya Colony, Mahesh Nagar, Tonk Phatak, Jaipur, Rajasthan 302015",
The Elixir,917413841999,NEET/JEE,Jaipur,5,33,"38, Sheer Sagar Patarkar Colony, Patrakar Colony, Mansarovar, Jaipur, Rajasthan 302020",https://theelixirpatrkarcolony.websarathi.in/
Patna Home Tuition,919234346609,Tuition,Patna,5,119,"Ram Villa, Mig 264, Kankarbagh, Lohia Nagar, Patna, Bihar 800020",https://www.patnahometuition.com/
Kumar Learning | JEE Maths Tuition & Online Classes,919142396951,Tuition,Patna,5,94,"Dhelwan, Ramkrishna Nagar Main Rd, near Kankarbagh, West Ramkrishna Nagar, Ramkrishan Nagar, Patna, Bihar 800020",http://kumarlearning.in/
Phoenix Home Tuition,918969860612,Tuition,Patna,4.9,11,"near Aryabhatta Knowledge University, Mithapur, Patna, Bihar 800001",
Class 9 Tuition Center | Tiwari,917654013500,Tuition,Patna,4.6,5,"H no-129, Indiranagar, Anandpuri, Patna, Bihar 800001",https://ubpro.in/UBNPRO/78IQESZVF
Pragyaan Tuition Centre,918969636743,Tuition,Patna,4.8,58,"Kamakhya path, Infront of MAXMEDICO Shop, Dr. B, Bhattacharya Road, West Patel Nagar, Adarsh Colony, North Shastri Nagar, Patna, Bihar 801103",https://patna.homestuition.in/
NANCY HOME TUITION | Best Home Tuition For IIT and medical,918083828199,Tuition,Patna,4.8,194,"Daldali Rd, Pirmuhani, Salimpur Ahra, Golambar, Patna, Bihar 800003",http://www.nancyhometuition.in/
N K Home Tuition Patna India,919279023314,Tuition,Patna,5,32,"Gokul Path, Murlichack, Vikash Vihar Colony, Patna, Bihar 801506",http://patna.homestuition.in/
STUDY CARE HOME TUITION CENTRE,917739230131,Tuition,Patna,4.9,54,"Near, Bajrangpuri Rd, Gaighat, Bajrangpuri, Patna, Bihar 800007",https://studycare.homestuition.in/
Tuition Walla No. 1 Patna,917079070421,Tuition,Patna,4.9,103,"Khagaul - Anisabad Rd, opposite Patanjali Store & Surya Mandir, Ali Nagar Colony, Anisabad, Patna, Bihar 800002",https://www.tuitionwallah.org/
Future point patna,919135309164,Tuition,Patna,4.9,47,"oppo. New era junior school, 20, P C Colony Rd, Kankarbagh, Hanuman Nagar, Patna, Bihar 800020",https://youtube.com/@futurepointpatna?si=hdLRLKjGcyPZC8Sv
Udaan Home Tuition Patna,919471366960,Tuition,Patna,4.7,70,"E9, Yadav lodge, dn, Das Ln, Amrudi gali, Machhuatoli, Rajendra Nagar, Patna, Bihar 800004",https://udaanhometuition.in/
Enable Home Tuition Center,917667115745,Tuition,Patna,4.7,125,"Rd Number 13A, Rajendra Nagar, Patna, Bihar 800016",http://www.enabletutor.com/
Kabira Home tuition,919471681625,Tuition,Patna,4.4,328,"J4G9+4W2, 203 H/N-169, Sai Mandir Rd, beside Reliance digital, New Patliputra Colony, Patliputra Colony, Patna, Bihar 800013",http://kabirahometuition.com/
Trustudies,918709282225,Tuition,Patna,4.4,52,"Coworking Studio Kankarbagh, A/3, P C Colony Rd, RBI Flats Colony, Bankman Colony, Patna, Bihar 800020",https://www.trustudies.com/patna-home-tuition/
TuitionWaala best home tuition Provider Patna,919709705046,Tuition,Patna,4.8,80,"Postal park Chorara road no.4 Near Landmark Dubey jee, Sri Bholeeshwer, Shiv Mandir, Mithapur, Patna, Bihar 800001",https://patna.homestuition.in/
HOME TUITION IN PATNA,919431048804,Tuition,Patna,4.9,34,"Kankarbagh, Hanuman Nagar, Patna, Bihar 800026",https://patna.homestuition.in/
MAHADEV TUTORIAL,919973885013,Tuition,Patna,4.9,243,"1st Floor, Lallu Seth Market, AG Colony Main Road, above CANARA BANK ATM, CDA Colony, North Shastri Nagar, Patna, Bihar 801103",http://www.mahadevtutorial.in/
EXCELLENT TUTORIALS,919304510112,Tuition,Patna,4.7,135,"Housing Board Colony, Lohia Nagar, Patna, Bihar 800020",http://eticsecbse.com/
BYJU'S Tuition Centre - RPS More,919009002000,Tuition,Patna,4.6,55,"Byju's Tuition Centre, 2nd Floor, Plot No. 382, Ganapati's Rupa Tower, Bailey Rd, RPS More, Kaliket Nagar, Danapur, Patna, Bihar 801503",https://byjus.com/btc/byjus-tuition-centre-rps-more-patna/?utm_source=GMB&utm_medium=btc-link&utm_campaign=GMB-profile
Prerna Home Tuition,919334318046,Tuition,Patna,3.6,58,"house no-897 ward-29 circle-8A Near Cement Factory Phulpari, Pari Devi Dwar Path, Chandmari Rd, Kankarbagh, Mithapur, Patna, Bihar 800001",https://prernahometuition.com/
Reflex Home Tuition - Patna Bihar,918271470375,Tuition,Patna,5,27,"1st floor, Malti niwas, Bypass road, near sinchai bhawan, Anisabad, Patna, Bihar 800002",http://reflexhometuitionpatna.in/
Krishna Home Tuition,918409622788,Tuition,Patna,4.8,36,"Sk Nagar, Rd 23, near, Income Tax Chauraha, Kidwaipuri, Patna, Bihar 800001",http://www.krishnahometuition.in/
Patna Home Tuition,918935813999,Tuition,Patna,5,30,"Exhibition Rd, Salimpur Ahra, Golambar, Patna, Bihar 800001",https://patna.homestuition.in/
Anandam Home tuition ( Ashiyana More Patna ),919334721882,Tuition,Patna,5,38,"Ashiana More, Khajpura, Patna, Bihar 800014",http://www.anandamtuition.in/
Saraswati Home Tuition,917631488671,Tuition,Patna,5,55,"House No 209, Nehru Nagar Road No. 4, North Sri Krishna Puri, Patna, Bihar 800001",http://www.saraswatihometuition.com/
Pragati Coaching Classes,919386675459,Tuition,Patna,4.9,115,"2, Rajendra Nagar Main Rd, Rajendra Nagar, Patna, Bihar 800016",
Home Tuition Class 7th to 10th,917890719971,Tuition,Patna,5,28,"New Patna Colony, Beur, Patna, Bihar 800032",https://play.google.com/store/apps/details?id=com.divija.tutorials
Panchavati Home Tuition,917992376226,Tuition,Patna,5,385,"Janki villa, Dabur Gali, behind jangal bhawan, Kumhrar, Patna, Bihar 800026",http://panchavatihometuition.in/
"SHIKHA COACHING CLASSES 8th,9th,10th(CBSE & ICSE)",919631855886,Tuition,Patna,4.9,123,"J486+HR8, Sri Krishna Puri, Patna, Bihar 800001",http://www.sltutorial.com/
Reliable Home Tuition,918809637945,Tuition,Patna,4.9,390,"Reliable Public School, Om Colony, Nakhas Pind, Karmali Chowk, Begampur, Patna, Bihar 800009",https://reliablehometuition.in/
GOVIND HOME TUITION PATNA,919534641909,Tuition,Patna,4.8,77,"Bhagwat Nagar Main Rd, beside OF CAR WASHING CENTER, Kumhrar, Patna, Bihar 800026",https://govind.homestuition.in/
Lilavati Home Tuition,919955226600,Tuition,Patna,5,15,"Sai Mandir Rd, Patliputra Industrial Area, Patliputra Colony, Patna, Bihar 800023",
Kunwar Tutorial,919431621672,Tuition,Patna,4.8,53,"H.N 124- B, 16, oppo. Sudha milk parlour, South of Atulyam, Road No. 2, Rajendra Nagar, Patna, Bihar 800016",
Sadhana Home Tuition,919608277250,Tuition,Patna,4.8,110,"near Budhha Murti, New Area, Ghrounda, Patna, Bihar 800003",https://sadhana.homestuition.in/
GENIUS classes,917717701470,Tuition,Patna,5,248,"Green park, Mahatma Gandhi Nagar, Chitragupta Nagar, Patna, Bihar 800026",https://geniusclassespatna.com/
KK STUDY PLUS HOME TUITION,917301672598,Tuition,Patna,5,51,"Raza Bazar, Machli Gali, near ideal boys hostel, Shiv Colony, Raja Bazar, Indrapuri, Patna, Bihar 800014",https://patna.homestuition.in/
Achievers tutorials institute,919955373805,Tuition,Patna,4.9,76,"Chakaram road, near st maris church, Sri Krishna Nagar, Buddha Colony, Patna, Bihar 800001",
Excel Home Tuition,919942366387,Tuition,Patna,4.9,89,"House, No C17, Loha Singh Lane, near Ajanta Cooperative Colony, behind Indian Gas Agency, Keshri Nagar, Patna, Bihar 800024",
Anand Teaching Centre,918210693230,Tuition,Patna,4.8,220,"Om Siddhi Vinayak, Ram Nagar Rd, Postal Park, Khasmahal, Mithapur, Patna, Bihar 800001",
Vamika Home Tuition,919023090271,Tuition,Patna,4.9,13,"Kankarbagh Rd, near PHOTOZONE Studio Sudha Milk Parlour, Munna Chak, Mahatma Gandhi Nagar, Lohia Nagar, Patna, Bihar 800020",https://patna.homestuition.in/
Tuition Bazaar,919939783428,Tuition,Patna,4.9,49,"Nippo Building, Free Press Lane, RK Bhattacharya Rd, Pirmuhani, Salimpur Ahra, Golambar, Patna, Bihar 800001",
Topper Home Tuition,916203364328,Tuition,Patna,4.8,52,"BNR Road, Ashok Rajpath Rd, Alamganj, Patna, Bihar 800007",https://topper.homestuition.in/
Success Home Tuition || Best Home Tutor For Maths physics Chemistry Biology Accounts IIT NEET Exam,919835411444,Tuition,Patna,4.5,140,"H, No 305, Park, Landmark PNB, near S K Puri, Sri Krishna Puri, Patna, Bihar 800001",https://hometuitioninpatna.in/
"Best Home tuition in patna(CBSE and ICSE, bihar board).. Online classes..",917762035410,Tuition,Patna,5,86,"Bhikhna pahari, more, Naya Tola, saidpur, Koiritola, Patna, Bihar 800004",http://patna.homestuition.in/
Easy To Study || Home Tuition in patna || Home Tutor In Patna || English Spoken & Art classes,919798131039,Tuition,Patna,5,25,"Shop No, 3rd Floor, Azim Tower, 13/6, above Tanishq Showroom, Saguna More, Patna, Bihar 801503",https://sites.google.com/view/easytostudy/home
Home Tuition & Academic Classes,917004711042,Tuition,Patna,4.9,40,"Bailey Rd, RPS More, Kaliket Nagar, Patna, Bihar 801503",https://patna.homestuition.in/
Tutor Point - Best Home Tuition in Patna City,918210614582,Tuition,Patna,4.9,50,"Chowk, Patna City, Hajiganj, Patna, Bihar 800008",
Lifeline Home Tuition,919934985213,Tuition,Patna,5,39,"Rd Number 4, Ranipur, Phulwari Sharif, Patna, Bihar 800002",https://lifelinehometuition.com/
Bina Home Tuition and Consultancy,918709026018,Tuition,Patna,4.9,65,"Inderpuri, Road No. 15A, near Roxo Convent School, North Patel Nagar, Keshri Nagar, Patna, Bihar 800024",https://www.binahometuition.com/
Patna City Home Tuition.,919470646838,Tuition,Patna,5,63,"near Arfabad Colony, Arfabad Colony, New Azimabad Colony, Patna, Bihar 800007",http://patna.homestuition.in/
The Grow Tree Institute- Best Home Tuition In Patna | Nursery to Class 12th,919473470189,Tuition,Patna,5,26,"Metro pillar 6, Mig-234, Chowk, Malahi Pakri, East Indira Nagar, Kankarbagh, Patrakar Nagar, Patna, Bihar 800020",https://thegrowtreehometuition.com/
Abhigyan Home Tuition,919162532408,Tuition,Patna,4.6,232,"Raja Ram Mohan Roy Complex, Rd Number 11, Ashok Nagar, Lohia Nagar, Patna, Bihar 800020",https://abhigyanhometuition.in/
Gyandeep Home tuition,919288570274,Tuition,Patna,5,22,"5A/43, Vivekananda Marg, near Amar kunj, Patliputra Colony, Patna, Bihar 800001",
Prem Home Tuition Patna,916206746041,Tuition,Patna,4.7,27,"Alka Colony, Sandalpur, Patna, Bihar 800006",
Apna home tuition,917903168633,Tuition,Patna,4.5,85,"West From Saket bhawn, Road No. 4, Jay Prakash Nagar, Rajeev Nagar, Patna, Bihar 800025",https://apnahometuition.com/
Good Will Home Tutorial,918709286499,Tuition,Patna,4.9,166,"263, near Forest Department, Nehru Nagar, Patliputra Colony, Patna, Bihar 800013",https://goodwill.homestuition.in/
"FOSTER ~ BEST HOME TUITION | For IIT-JEE,NEET Medical",919102741945,Tuition,Patna,4.9,71,"Daldali Rd, near Ram Darwar Mandeer, Salimpur Ahra, Dujra Diara, Patna, Bihar 800004",
BE RANKER HOME TUTOR,919006722198,Tuition,Patna,4.7,173,"Saidpur Rd, Bhikhana Pahari, Patna, Bihar 800016",https://berankerhometutor.com/
Dreamers Home Tuition Patna,916200742495,Tuition,Patna,5,6,"Rd Number 2, near Atal Path, Mahesh Nagar, Keshri Nagar, Patna, Bihar 800024",
Puja Home Tuition - Best Home Tuition Services in Ashiana Digha | Best Home Tuition Services in Bailey Road,919508599408,Tuition,Patna,4.6,30,"2nd Floor, Kalawati Complex, Ramnagri, Ashiana - Digha Rd, Engineer's Colony, Magistrate Colony, Rukanpura, Patna, Bihar 800025",https://jhimc.in/Pujaht/
JYOTSNA TUITION CENTRE MAHAVEER NAGAR (best classes in kota),917742124650,Tuition,Kota,5,28,"Parijat Colony, Mahaveer Nagar Housing Board Colony, Mahaveer Nagar, Kota, Rajasthan 324005",
OASIS CLASSES I Coaching in Bajrang Nagar I Best Coaching in bajrang Nagar I Coaching class in Bajrang Nagar,919461309189,Tuition,Kota,4.9,217,"348, road, opposite Hanuman ji temple, Police Line, Krishna Nagar, Bajrang Nagar, Kota, Rajasthan 324001",https://oasisclasses.in/
Pratibha Vikas Adhyayan Kendra,919610120049,Tuition,Kota,4.5,62,"Mokhapara, Rampura, Kota, Rajasthan 324006",
Genius Coaching Institutes Kota,917340276456,Tuition,Kota,4.9,69,"Gopal residency, 48-A, Thekra to Raipura Road, near Step to Step School and Chandan farm house, opp. Rashan Pani showroom, Gopal Vihar, Kota, Rajasthan 324003",
MK Coaching Classes KOTA - Kapil Sir ( Maths Expert),919530350511,Tuition,Kota,5,40,"B 218, Sector-B, Talwandi, Kota, Rajasthan 324005",http://sites.google.com/view/mkcckota/home
Home Tuition In Kota,919571221048,Tuition,Kota,5,5,"Station Main Rd, Kota, Rajasthan 324002",https://hometuitioninkota.in/
Prime Tutors Academy-by A.S Sir(IIT-ROORKEE)|Best NDA/IIT/CBSE Academy in Kota,917037736310,Tuition,Kota,5,18,"106, Station Main Rd, above Yash Commerce Classes, Bhimganj Mandi, Kota, Rajasthan 324002",
Mewara Tuition Classes,917742557300,Tuition,Kota,5,24,"C - 226, near Kothari Clinic, Sector - C, Talwandi, Kota, Rajasthan 324005",
AgarwaL Coaching Bharat Agarwal,919829174693,Tuition,Kota,4.9,8,"288, Basant Vihar Rd, Teen batti, Dadabari, Kota, Rajasthan 324009",https://kotabusinessdirectory.com/view_listing_details.php?listing_id=1368
A-ONE CLASSES KOTA,919694218177,Tuition,Kota,4.7,211,"Mahaveer Nagar Extension, Mahaveer Nagar, Kota, Rajasthan 324009",http://www.aoneclasses.in/
Success Academy Home Tuition,919672664168,Tuition,Kota,5,12,"MPB -25, near Hotel Flower INN, Mahaveeer Nagar 1, Mahaveer Nagar-I, Mahaveer Nagar Housing Board Colony, Mahaveer Nagar, Kota, Rajasthan 324005",https://v0-success-academy-home-tuition.vercel.app/
Vision Education Institute,919784754678,Tuition,Kota,4.9,63,"H. No. 30, Road No. 5, Krishna Nagar, Police Line,, Namrata Awas Colony, Krishna Nagar, Bajrang Nagar, Kota, Rajasthan 324001",
Commerce Hub Kota,916367885579,Tuition,Kota,4.9,180,"H.no 2,3,4-C, SFS, Sector - C, Talwandi, Kota, Rajasthan 324005",https://www.comerc.in/
Genius Academy kota,919630292300,Tuition,Kota,4.9,37,"building ,no 1, landmark samaya, C-33, Kunadi, Electricity Board Area, Kota, Rajasthan 324008",http://www.geniusacademykota.in/
"C.L Gangan Coaching Centre for Sat Gre Ielts TOEFL,Study Abroad Consultants",919829031745,Tuition,Kota,5,215,"XIX 1, F-8, Vigyan Nagar, Kota, Rajasthan 324005",
RITTS MY Classes,918619380408,Tuition,Kota,4.9,39,"RITTS Building, Kotri Rd, behind Manak Bhawan, New colony, Gumanpura, Kota, Rajasthan 324007",https://rittsmyclasseskota.blogspot.com/
WAVES CLASSES,917877942956,Tuition,Kota,4.8,135,"New Post Office Rd, Bhimganj Mandi, Kota, Rajasthan 324002",
Progressive Coaching Institute,917442320787,Tuition,Kota,3.8,28,"A7 pragati nagar, Bajrang Nagar Main Rd, Near pragati school, Police Line, Pragatinagar, Kota, Rajasthan 324001",
RS MITTAL COMMERCE CLASSES KOTA,918432205577,Tuition,Kota,4.8,96,"behind HDFC Bank, New colony, Gumanpura, Kota, Rajasthan 324007",http://www.facebook.com/rsmittalclasseskota
CIM coaching clasess,919785364205,Tuition,Kota,4.8,98,"4, chh-30, Vigyan Nagar, Kota, Rajasthan 324007",http://www.cimkota.in/
NEW SUCCESS CAREER INSTITUTE,918440016478,Tuition,Kota,4.8,78,"Head office, Plot, 1, ParshvanathPuram, Kunadi, Electricity Board Area, Kota, Rajasthan 324008",
Ani kota's private online one to one tutions,919982852960,Tuition,Kota,5,47,"sp3(l) chambal industrial area, behind 5 flower hotel, Kota Industrial Area, Kota, Rajasthan 324003",https://ani-kotas-hometuitions.netlify.app/
Maths By Kamlesh Gautam,919571005835,Tuition,Kota,5,133,"Plot No. 3/421, Swami Vivekananda Nagar, Kota, Rajasthan 324010",
Doubt Counter Classes,918169676195,Tuition,Kota,5,53,"2/226, near to Panchmukhi Mahadev Mandir, Ganesh Talab, Basant Vihar, Dadabari, Kota, Rajasthan 324009",
MEGHA INSTITUTE,917339802411,Tuition,Kota,4.9,104,"Raj, Plot No.52, Laxman Vihar, Kunadi, Electricity Board Area, Kota, Rajasthan 324008",
US Academy,917715939836,Tuition,Kota,5,94,"Gurudwara, A -26A, near Bajrang Nagar, Treveni Awas Colony, Krishna Nagar, Bajrang Nagar, Kota, Rajasthan 324001",http://joinusacademy.com/
HR SIR PHYSICS | Hardik Sir | Online/Offline Tuitions for NEET Physics,919982822227,Tuition,Kota,4.8,15,"Between Allen Samyak-1 & Samyak, 2, Landmark City Rd, Kunadi, Electricity Board Area, Kota, Rajasthan 324008",https://hrsirphysics.com/
Pranav Classes (academic and competitive),919610384208,Tuition,Kota,4.9,13,"3-E-24, in front of North Gate of Niharika Park, near Chandani Hospital, Sector - 3, Talwandi, Kota, Rajasthan 324005",https://mgsirmaths.com/
"GURCHARANAM Kota | NEET, IIT-JEE & Foundation NTSE, OLYMPIADS Class-6th to 10th Coaching Institute | Offline & Online Courses",919588907110,Tuition,Kota,4.3,18,"Rajeev Gandhi Nagar, Instrumentation Limited Colony, Kota, Rajasthan 324005",https://gurcharanamacademy.in/
dj sir classes,917568907875,Tuition,Kota,4.7,225,"Teen Batti Cir Rd, Keshavpura, Talwandi, Kota, Rajasthan 324005",https://www.djsirclasses.in/
Shiksha classes,918739991215,Tuition,Kota,5,17,"1487, Sector - A, Shrinath Puram, Kota, Rajasthan 324010",
Achievers point,917023102380,Tuition,Kota,4.3,6,"sector D-24, main, road, sector d, Shrinath Puram, Kota, Rajasthan 324010",
Commerce Kota Resonance - Jawahar Nagar CLPD Division,919829218912,Tuition,Kota,4.1,233,"Swami Dayanand Saraswati Rd, New Jawahar Nagar, Talwandi, Kota, Rajasthan 324005",http://www.clpd.resonance.ac.in/
"Trendz Abacus : ABACUS, Vedic Maths & Rubik Cube Classes",918696284696,Tuition,Kota,4.9,90,"Ist Floor, 795, Dadabari Rd, above Central Bank of India, Chitragupt Colony, Shastri Nagar, Dadabari, Kota, Rajasthan 324009",http://trendzabacus.com/
Momentum Career Institute,919024819930,Tuition,Kota,4.6,28,"5-B-41,near purana thana, 324005, Vigyan Nagar, Kota, Rajasthan 324005",
Digital Myclass - Best Digital Marketing Course,919214309871,Tuition,Kota,4.9,359,"Digital Myclass 2nd Floor, AFC Building, Main, Baran Rd, Sahara Enclave, Borkhera, Kota, Manpura, Rajasthan 324002",https://digitalmyclass.com/
HOME TUITION KOTA,918696173004,Tuition,Kota,4.8,40,"Borkhera, Kota, Rajasthan 324002",https://rj.homestuition.in/
MD AMZAD PHYSICS TUTOR(HOME) JEE AND NEET,919660486544,Tuition,Kota,5,77,"IL Temple Rd, Rajeev Gandhi Nagar, Mahaveer Nagar Housing Board Colony, Mahaveer Nagar, Kota, Rajasthan 324005",http://www.md.amzad.physics.com/
Best Home tuition in Kota,918910162652,Tuition,Kota,5,10,"5 b 12, near Police station, Vigyan Nagar, Kota, Rajasthan 324005",https://rj.homestuition.in/
Home Tuition In Kota,918107122522,Tuition,Kota,4.6,65,"442, Shastri Nagar, Dadabari, Kota, Rajasthan 324009",https://www.youtube.com/channel/UCgp6uFiUm6-I27fUx0dZbyg
Dr. Home tuition,919024862736,Tuition,Kota,5,11,"Kunadi, Electricity Board Area, Kota, Rajasthan 324008",
JAIN CLASSES(HOME TUITION)-Chetan Jain,918000214310,Tuition,Kota,5,5,"A-110, Riddhi Siddhi Nagar - I Tee Rd, Vishkarma Nagar, Kunadi, Electricity Board Area, Kota, Rajasthan 324001",
"Near to perfection,Home tuitions & online classes",919799379374,Tuition,Kota,5,4,"Rangbari Balaji Mandir Rd, Rangbari, Kota, Rajasthan 324005",https://rj.homestuition.in/
iTutor - Home Tutions & Tutor,919001008207,Tuition,Kota,5,4,"393, near Emmunal school, Dadwara, Kota, Rajasthan 324002",
D2s home tuition provider,919667890767,Tuition,Kota,5,4,"5VJH+V8J, Gaytri Vihar, Kota, Rajasthan 324002",
The Knowledge Hub Home Tuition - By Radhika Maheshwari,919479448448,Tuition,Kota,5,6,"Kgv Infra Gold County, Sector - A, Shrinath Puram, Kota, Rajasthan 324005",
CBSE PHYSICS BOARD HOME TUITION,917976718648,Tuition,Kota,5,4,"3A23, Sector - 3, Talwandi, Kota, Rajasthan 324005",
Maths Paathshala Certified online/offline personalised tuition by IITIANS,918087085950,Tuition,Kota,5,8,"in front of dauji temple, near tejaji mandir, Sakatpura, Electricity Board Area, Kota, Rajasthan 324008",https://youtube.com/@mathswalebhaiya129?si=RTmFWWspQ84PSmad
VS Biology,919928812460,Tuition,Kota,5,39,"C-53, Chanchal Vihar, Kunadi, Electricity Board Area, Kota, Rajasthan 324008",https://youtube.com/channel/UCKN1B8IpGsU8qozYsyCeWWA
Bhargava Classes,919414076851,Tuition,Kota,4.8,32,"243, BASANT NIWAS, Gumanpura - Kothri Rd, behind BAKEWELL BAKERY, Gumanpura, Kota, Rajasthan 324007",
Nivanshi Classes,918114454477,Tuition,Kota,4.9,81,"268B, Pratap Nagar, Borkhera, Manpura, Rajasthan 324002",
Cynosure Coaching Classes,917014425175,Tuition,Kota,5,27,"Nehru Nagar Main Road, Junction, Sanjay Nagar, Road, Bhimganj Mandi, Kota, Rajasthan 324002",
RADICAL FOUNDATION,918094417433,Tuition,Kota,4.9,113,"54 B, opposite HDFC Bank, Sector - A, Shrinath Puram, Kota, Rajasthan 324005",https://www.instagram.com/radicalclasseskota/
B-Solutions education point,918005780877,Tuition,Kota,4.6,34,"B-21, Vallabh Nagar, Gumanpura, Kota, Rajasthan 324007",
Prayas Institute,919772929882,Tuition,Kota,5,62,"2nd Floor, Narendra Plaza, Arya Samaj Rd, Rampura, Kota, Rajasthan 324006",
Commerce coaching Classes(best in commerce education),919828219455,Tuition,Kota,4.7,44,"1-B-58 Behind Gurudwara NEAR New Police Station, Vigyan Nagar, kota-Rajasthan, Kota, Rajasthan 324005",https://www.facebook.com/radhacommerce.coaching
Head on classes,918003035526,Tuition,Kota,4.7,39,"2 Na 19, Vigyan Nagar, Kota, Rajasthan 324005",
Sai coaching centre,918285751873,Tuition,Delhi Mukherjee Nagar,4.9,277,"E-14, E Block, Nehru Vihar, Mukherjee Nagar, Delhi, 110054",
GUPTA Coaching Institute (GCI),919999962295,Tuition,Delhi Mukherjee Nagar,4.9,86,"1829, Outram Lines, Mukherjee Nagar, Delhi, 110033",
Adda247 GTB Nagar Delhi (Offline center),918750505084,Tuition,Delhi Mukherjee Nagar,4.4,372,"Metro Station, 123, Mall Rd, near GTB Nagar, Kingsway Camp, GTB Nagar, Delhi, 110009",https://www.adda247.com/coaching-centers/centers/delhi-gtb-nagar?utm_source=google%20search&utm_medium=gmb&utm_campaign=gtb_nagar
Eureka Academy Best UGC NET JRF Coaching in Delhi I CTET Coaching I DSSSB KVS PGT TGT PRT Coaching in Delhi | CUET UG & PG,919717084099,Tuition,Delhi Mukherjee Nagar,4.3,286,"GROUND FLOOR, ENQUIRY OFFICE - 106, Ring Rd, GTB Nagar, Delhi, 110009",http://eurekaacademy.co.in/
Coaching for xith xiith - Wisdom Academy,919643767007,Tuition,Delhi Mukherjee Nagar,5,14,"123 building 3rd floor, Kingsway Camp, GTB Nagar, Delhi, 110033",
The Propellers,919811199269,Tuition,Delhi Mukherjee Nagar,4.8,41,"693, Parmanand Colony W, West Bhai Parmanand Colony, G T B Nagar, Mukherjee Nagar, Delhi, 110033",
spanish hub,918929390572,Tuition,Delhi Mukherjee Nagar,5,29,"195, Munshi Ram Colony, Mukherjee Nagar, Delhi, 110033",https://www.instagram.com/spani_shhub?igsh=anE0dzQ4cHBxdnFy&utm_source=qr
Shiksha at Scholars (Brainology) Best Commerce Classes,918585995424,Tuition,Delhi Mukherjee Nagar,5,95,"Hari Mandir, Street Number 1, near Metro Station Gate, Outram Lines, GTB Nagar, Delhi, 110033",
Home Tutor AGENCY,918178740408,Tuition,Delhi Mukherjee Nagar,4.7,116,"near Drishti IAS, Mukherjee Nagar, New Delhi, Delhi, 110033",https://delhi.homestuition.in/
Level up tution classes,918586910006,Tuition,Delhi Mukherjee Nagar,3.8,9,"near dr mukherjee nagar, Brahmakumaris Indira Vikas Colony, Bhai Parmanand Colony, Mukherjee Nagar, Delhi, 110033",
Best Home Tutors,919599530591,Tuition,Delhi Mukherjee Nagar,5,82,"D, 554 street no :- 14, Jan kalayan school road, Block B, Khazoori Khas, Delhi, 110090",
Cuemath Offline Tuition Center | Anita Maheshwari,918296666111,Tuition,Delhi Mukherjee Nagar,4.9,18,"Tagore park road, Near, Tagore Park Roundabout, Tagore Park, Mukherjee Nagar, Delhi, 110033",https://www.cuemath.com/hybrid-teacher-profile/Anita-114/?utm_source=google&utm_medium=gbl
Mamta Home and Online Tuition / Tuitions,917982237589,Tuition,Delhi Mukherjee Nagar,4.6,9,"247, Gujranwala Rd, SBI Colony, Part 3, Gujranwala Town, Delhi, 110033",
sanjay patil tuition classes,918010908696,Tuition,Delhi Mukherjee Nagar,4.8,89,"North Ex Model Town, Phase 2, Model Town, New Delhi, Delhi, 110033",
S P SHARMA CLASSES,917048972696,Tuition,Delhi Mukherjee Nagar,4.9,62,"near Mukherjee Nagar, Indra Vihar, Mukherjee Nagar, Delhi, 110033","http://www.spsharmag.com/,%20https://www.spsharmaclasses.com/"
Ankul Sir English Classes,918888788878,Tuition,Delhi Mukherjee Nagar,4.3,93,"A-29/30, Jaina House Building, M-2, near Batra Cinema, Indra Vihar, Mukherjee Nagar, Delhi, 110033",
New Delhi Home Tutors,919999640006,Tuition,Delhi Mukherjee Nagar,4.7,14,"C-368, Street Number 9, New Ashok Nagar, Majlis Park, Azadpur, Delhi, 110033",https://newdelhitutors.com/
CHRYSLER IELTS & HOME TUITION,919873934834,Tuition,Delhi Mukherjee Nagar,5,49,"STREET -16, B-59, Vijay Nagar Marg, New Gupta Colony, GTB Nagar, Delhi, 110033",
ExamStreets Best NDA CDS Coaching in Mukherjee Nagar Delhi,918383090937,Tuition,Delhi Mukherjee Nagar,4.7,94,"105, 2nd Floor, 37-39, Nerar Chug Dairy, Ansal Complex, Munshi Ram Colony, Mukherjee Nagar, Delhi, 110033",http://www.examstreets.com/
Prabodhan IAS By Surendra Raut,919015277823,Tuition,Delhi Mukherjee Nagar,4.9,28,"Second Floor, Sajita House, 207, Mukharji Nagar Rd, Mukherjee Nagar, Delhi, 110033",
Saarthi Coaching Classes,919268726984,Tuition,Delhi Mukherjee Nagar,4.8,237,"4, New Market, Block A, Delhi Administration Flats, Timarpur, Delhi, 110054",
Best Home Tutor in South Delhi,918860721665,Tuition,Delhi Mukherjee Nagar,4.9,194,"D- 211, Baba Gangnath Market, Munirka, New Delhi, Delhi 110067",http://dktutors.in/
Home Tutor,917310912348,Tuition,Delhi Mukherjee Nagar,5,8,"Khan Market, Rabindra Nagar, New Delhi, Delhi 110011",
Kumar Studies,919871155715,Tuition,Delhi Mukherjee Nagar,4.9,36,"House No. 4, first Floor, Bhai Parmanand Colony, Mukherjee Nagar, Delhi, 110033",
IGNITED MINDS IAS,918744082373,Tuition,Delhi Mukherjee Nagar,4.8,55,"A-2, 2nd Floor, Commercial Complex, near Chawla Restaurant, Mukherjee Nagar, Delhi, 110009",https://ignitedmindscs.com/
Apex Tutorial,917607192456,Tuition,Prayagraj,4.9,293,"580/463 ,Housing Scheme, near Swastik Hospital, Mumfordganj, Prayagraj, Uttar Pradesh 211002",
"The Toppers Circle- Best SSC Coaching in Prayagraj | Best SSC CGL, SSC CHSL, SSC MTS, SSC GD, SSC JE in Coaching Allahabad",916306211761,Tuition,Prayagraj,4.8,389,"between Hindu hostel and Manmohan Park, 19, Kamla Nehru Rd, Old Katra, Prayagraj, Uttar Pradesh 211002",https://examfodu.com/
Topper's Academy ICSE HUB,919415233424,Tuition,Prayagraj,5,18,"Sale Point Building, Laxmi Chauraha, Old Katra, Prayagraj, Uttar Pradesh 211002",
The Kargil Heights,919026641144,Tuition,Prayagraj,5,215,"9/3/7, Church Ln, Colonelganj, Tagore Town, Prayagraj, Uttar Pradesh 211002",http://thekargilheights.com/
Chandra Institute,919511115468,Tuition,Prayagraj,4.5,82,"Bank Rd, near Professor Colony, Old Katra, Prayagraj, Uttar Pradesh 211002",https://play.google.com/store/apps/details?id=app.chandrainstitude.com
Eduworld Technoglobe Prayagraj,919917044099,Tuition,Prayagraj,5,36,"242A, A K Soor Marg, near Major Kalshi Classes, Tagore Town, Prayagraj, Uttar Pradesh 211006",https://technoglobe.co.in/
Excellent Vision Technical Academy Pvt. Ltd.,919454951003,Tuition,Prayagraj,4.4,191,"FVG5+GP7, Rd, Subhash Nagar, Mumfordganj, Prayagraj, Uttar Pradesh 211002",
Skydian Academy,917860011785,Tuition,Prayagraj,4.9,247,"Manmohan Park Chauraha, Old Katra, Prayagraj, Uttar Pradesh 211002",
𝐔𝐧𝐢𝐪𝐮𝐞 𝐂𝐥𝐚𝐬𝐬𝐞𝐬 𝐚𝐧𝐝 𝐂𝐨𝐦𝐩𝐮𝐭𝐞𝐫 | Best BCA Institute Coaching in prayagraj | O Level coaching | CCC Computer Classes,919455443048,Tuition,Prayagraj,4.9,118,"Manmohan park, Old Katra, Prayagraj, Uttar Pradesh 211002",https://www.uniquegroupspvt.ltd/
Climax Defence Academy,919450007588,Tuition,Prayagraj,4.7,107,"Jahaj Chauraha, Kutchery Rd, in front of Marry Lucus School & College, Dwarika Puri, Old Katra, Prayagraj, Uttar Pradesh 211002",https://www.climaxdefenceacademy.com/
Home Tutor -GSP TUTORIAL,919792206168,Tuition,Prayagraj,4.9,51,"Om Gayatri Nagar Road, Salori, Om Gayatri Nagar, Teliarganj, Prayagraj, Uttar Pradesh 211004",https://www.gsptutorial.com/
Chandra Classes,919264915953,Tuition,Prayagraj,4.5,67,"Infront Anand Bhawan, Collenganj, George Town, Prayagraj, Uttar Pradesh 211002",https://chandraclasses.com/
Parakh & Kuldeep (K.I.) Coaching,918808101101,Tuition,Prayagraj,4.4,134,"108A, Allenganj Allahabad, 108A, The Adelphi, Allen Ganj, Prayagraj, Uttar Pradesh 211002",https://parakhcoaching.com/
Uma Coaching Institute Prayagraj | Best BSC Coaching in Prayagraj | BSC Coaching,919454948076,Tuition,Prayagraj,4.6,129,"30A, Panna Lal Rd, Darbhanga Colony, George Town, Prayagraj, Uttar Pradesh 211002",
Pioneer Tutorials,919839065783,Tuition,Prayagraj,4.4,26,"499/601A, Panna Lal Rd, Colonelganj, Colnel Ganj, George Town, Prayagraj, Uttar Pradesh 211002",
PCM Coaching Classes,919335292587,Tuition,Prayagraj,4.2,6,"Bank Rd, Old Katra, Prayagraj, Uttar Pradesh 211002",
Nirantar Coaching S.L VERMA SIR /NEW Address,919415898304,Tuition,Prayagraj,4.5,101,"Zeeshan Market Govindpur Prayagraj Pin 211004, Govindpur, Teliarganj, Prayagraj, Uttar Pradesh 211004",
SBJ EDUCATE,917706999960,Tuition,Prayagraj,4.7,214,"opp. Science Faculty, above Punjab National Bank, Allahabad University, Old Katra, Prayagraj, Uttar Pradesh 211002",
Dream Tuition Agency - Home Tutor in Prayagraj,919277421300,Tuition,Prayagraj,4.9,45,"41/A, New Chakia, Himmat Ganj, Dwaighat, Kala Danda, Prayagraj, Daiwghat, Uttar Pradesh 211016",https://dreamtuitionagency.com/home-tutor-in-prayagraj
Xcellent Tutorial,919839967727,Tuition,Prayagraj,4.9,191,"131, Nai Basti, Kydganj, Prayagraj, Uttar Pradesh 211003",https://xcellenttutorial.com/
Md home tuition,919026918668,Tuition,Prayagraj,4.7,23,"Mehdaori Gaon, Rasulabad, Teliarganj, Prayagraj, Uttar Pradesh 211004",
Uttima Coaching |Best Coaching class in allahabad| best cbsc Coaching in Allahabad,917523974246,Tuition,Prayagraj,5,24,"10/18, Patrika Marg, Agnipath Colony, Civil Lines, Prayagraj, Uttar Pradesh 211001",https://sites.google.com/view/uttimacoachingclasses/home
Sujoy Sarkar Classes,919335839021,Tuition,Prayagraj,4.9,97,"m/2, Jagmal hata, 227/1, near sai dham apartment, Rajrooppur, Prayagraj, Uttar Pradesh 211016",https://sites.google.com/view/sujoysarkarclasses/home
Jn home tuition,918355028240,Tuition,Prayagraj,4.9,37,"Indira Gandhi Marg, Dev Nagar, Jhusi, Prayagraj, Uttar Pradesh 211019",https://www.jnhometuition.com/
AK Home Tuition,919839226612,Tuition,Prayagraj,5,8,"Akib Coaching, Air Force School Rd, Bamrauli Airport Area, Bamrauli, Prayagraj, Uttar Pradesh 211011",
KDS CLASSES,916306783749,Tuition,Prayagraj,4.7,78,"near Kishori Lal P.G College Infront of Ganpati Sangeet Samiti, Naini, Prayagraj, Uttar Pradesh 211008",
Math Classes,917068359290,Tuition,Prayagraj,4.9,19,"289/24,Poora Fateh Mohmmad Naini, National Highway 76, Ambedkar Nagar, Prayagraj, Uttar Pradesh 211008",https://www.youtube.com/channel/UCuR69WllKm2H4nIMQ0o6YqA/
SKY ACADEMY,918010631971,Tuition,Prayagraj,5,3,"Trivenipuram Gate, Service Road, Trivenipuram, Jhusi, Prayagraj, Uttar Pradesh 211019",
Edumyra Services Pvt Ltd,917754901009,Tuition,Prayagraj,4.8,27,"Shop No.4 G.F ,Gayatridham Building, Milan Square, Mahatma Gandhi Marg, behind Max Showroom, Civil Lines, Prayagraj, Uttar Pradesh 211001",http://www.edumyra.com/
Om Computer Institute PVT LTD,917905677259,Tuition,Prayagraj,4.9,224,"IERT field Salori Prayag raj Parade Ground, New Rest House Railway Colony Om Gayatri marg, Om Gayatri Nagar, Teliarganj, Prayagraj, Uttar Pradesh 211004",
Sky Home Tuition,916307104306,Tuition,Prayagraj,5,82,"Sugam vihar, Kalindipuram, Prayagraj, Uttar Pradesh 211015",https://sites.google.com/view/skyhometuition/home
RK Home Tutor,917619847040,Tuition,Prayagraj,4.8,82,"gati chauraha, Mahendra Nagar, Transport Nagar, Prayagraj, Uttar Pradesh 211011",http://www.rkhometutor.in/
Sky Home Tuition,919219582095,Tuition,Prayagraj,4.9,66,"Bade Hanuman mandir, Rajapur, Prayagraj, Uttar Pradesh 211002",https://sites.google.com/d/1jRPCojJ4RXAWBSqkx0O0SXHnUWzb4oxJ/p/1rC_lG7L43vwDtY1dliiFLBUm6omqMpiA/edit
Vikash home tution classes,919792017705,Tuition,Prayagraj,5,30,"Saket Nagar, Ghumanganj, Sulem Sarai, Dhoomanganj, Prayagraj, Uttar Pradesh 211011",
Nice Tutorial,917985340818,Tuition,Prayagraj,4.7,51,"17F/2/4A, 155/17, Karelabagh, Azad Nagar, Kareli, Prayagraj, Uttar Pradesh 211016",
Smartpath learnings home tutorial-The best home tutors/tuitions provider in prayagraj/lady home tutor provider,919219904024,Tuition,Prayagraj,4.9,18,"GD colony, Daraganj, Prayagraj, Uttar Pradesh 211006",
A+ Home Tutorials,918853724753,Tuition,Prayagraj,4.8,24,"14713, Allahpur, Prayagraj, Uttar Pradesh 211006",https://jsdl.in/DT-13QDFYSCBWK
Aman Home Tuition,919455315198,Tuition,Prayagraj,4.7,9,"Kotha Parcha Rd, Himmat Ganj, Kotha Parcha, Prayagraj, Uttar Pradesh 211003",
The Gravity Tutorial - For Best Home Tutors,916307331763,Tuition,Prayagraj,4.4,5,"308/B, BHS Colony, Shiv Nagar, Allahpur, Prayagraj, Uttar Pradesh 211002",
SANGAM HOME TUTOR,919125908989,Tuition,Prayagraj,5,120,"near Jagriti Chauraha, Kalindipuram, Prayagraj, Daiwghat, Uttar Pradesh 211012",
Eduwave Home Tutorial,916388617533,Tuition,Prayagraj,4.9,19,"IIITA, Jhalwa, Prayagraj, Uttar Pradesh 211015",
CONVENT TUTORIAL'S ( Best Home tutor /Teachers in Allahabad for CBSE ICSE ISC AND UP BOARD Class IIT & NEET),919473940124,Tuition,Prayagraj,3.9,11,"52d, Bharadwaj Ashram Rd, Tagore Town, Prayagraj, Uttar Pradesh 211002",
KimUp | Home Tutor | CURRINK CONSULTANCY SERVICES,919792206105,Tuition,Prayagraj,4.9,29,"209, Kamla Nagar, Myorabad, Prayagraj, Uttar Pradesh 211001",https://kimup.in/
ADITYA TUITION BUREAU (Home Tutor Tuition),919336943814,Tuition,Prayagraj,4.4,10,"Office available only in Varanasi services available in, Dwarika Puri, Myorabad, Prayagraj, Uttar Pradesh 211002",https://adityatutors.com/
Swastik Tutorial (Symbol of Trust),919889062194,Tuition,Prayagraj,4.8,34,"near Police Booth, Neta Nagar, Nai Basti, Kydganj, Chauraha, Prayagraj, Uttar Pradesh 211003",http://www.swastiktutorial.in/
SUCCESS TUTORIAL,917523928712,Tuition,Prayagraj,5,33,"17A, 19B, 22C/5E, Ganga Nagar, Rajapur, Prayagraj, Uttar Pradesh 211001",https://www.successtutorial.co.in/
Spectrum Tutorial and Caring Hub,919415168010,Tuition,Prayagraj,4.9,103,"437/A, Tilak Nagar, Allahpur, Prayagraj, Uttar Pradesh 211006",https://sites.google.com/view/spectrum-tutorial-caring-hub/home
Smart Classes | Coaching | Tution Classes | Coaching in Allahabad | Tution teacher | Online classes | Home Tution | Free Coaching | Graduation Coaching | ICSE Coaching | B.A | B.Com | BBA |,919795654885,Tuition,Prayagraj,5,7,"Noorullah Road Opposite Hamidia Degree College, Buddha Tazia, Khuldabad, Malviyanagar, Prayagraj, Uttar Pradesh 211003",https://smartclasses.company.site/
LEXUS TUTORIAL,919795795888,Tuition,Prayagraj,4.6,9,"25A, Tashkent Marg, Agnipath Colony, Civil Lines, Prayagraj, Uttar Pradesh 211001",
TUITION CENTRE by B.B.Singh (CMS),917800202960,Tuition,Lucknow,5,27,"Vineet khandGomti Nagar, LIG-2/488, Vineet Khand, Gomti Nagar, Lucknow, Uttar Pradesh 226010",
GURUKUL TUTION CENTER,919305557166,Tuition,Lucknow,4.8,80,"Royal city, Bijnor Rd, near Omaxe city, Lucknow, Uttar Pradesh 226014",https://gurukul-tution-center.grexa.site/
Seema Tuition Centre,917985844330,Tuition,Lucknow,5,31,"3A/94, Vishal Khand - 3, Vishal Khand, Gomti Nagar, Lucknow, Uttar Pradesh 226010",
Arvind Tution Centre,919335205393,Tuition,Lucknow,4.9,71,"14-A, First Floor, Pragati Bazaar, Kapoorthala Road, Kapoorthla, Sector A, Aliganj, Lucknow, Uttar Pradesh 226024",http://www.facebook.com/atc.lko
Mind Mantra Tutorials-Find Best Home Tuition/Tutors In Lucknow,918887514182,Tuition,Lucknow,5,66,"near lucknow public school, Sector I, Ashiyana, Lucknow, Uttar Pradesh 226012",http://www.mindmantratutorials.com/
Apna Tuition Centre,919450258579,Tuition,Lucknow,5,13,"VV8Q+JW4, Amber Ganj, Karim Ganj, Lucknow, Uttar Pradesh 226003",
Aditya tuition centre,917355326761,Tuition,Lucknow,5,31,"1/498, ruchi khand 1, sharda nagar, Lucknow, Uttar Pradesh 226002",
"Shishy Guru : Best HomeTutor in Jankipuram, Lucknow",918299334589,Tuition,Lucknow,4.9,228,"3/475, near Central Academy School, Sector 3, Jankipuram Extension, Lucknow, Uttar Pradesh 226031",https://www.shishyguru.com/
Akhil Home Tutors - Best Home Tutors/ Tuition in Lucknow,919555251405,Tuition,Lucknow,4.9,308,"E-Block, E-3190, Market Road, opposite Prem Studio, Block E, Rajajipuram, Lucknow, Uttar Pradesh 226017",
Negi Tuition Centre by Bharat Negi,919782089542,Tuition,Lucknow,5,30,"5 SA APARTMENT, Dalibagh Colony, Butler Colony, Lucknow, Uttar Pradesh 226001",http://www.perfecttuition.wordpress.com/
SHIVA HOME TUITION BUREAU - best Home tuition bureau in lucknow,919214820472,Tuition,Lucknow,5,33,"Sector B, LDA colony, Alambagh, Lucknow, Uttar Pradesh 226005",https://jsdl.in/DT-39LPSK8ROUS
Brilliant Minds Tutorials,918737914988,Tuition,Lucknow,5,11,"CHANDRAKANTA BUILDING, 10-A, Station Rd, Udaiganj, Husainganj, Lucknow, Uttar Pradesh 226001",
Home Tuition Teacher : Best Home Tutor in Lucknow,919455281205,Tuition,Lucknow,4.9,192,"Vineet Khand, Gomti Nagar, Lucknow, Uttar Pradesh 226010",https://www.hometuitionteachers.in/
Guru Home tutors In Sushant golf city,918052230333,Tuition,Lucknow,5,14,"tower D, Tower Q, 702, Apartments, Golf City, Sector B Ansal API, Lucknow, Muzaffar Nagar Ghusval, Uttar Pradesh 226030",https://www.guruhometutors.com/
Shakuntala classes (Home Tuition also available),917355757141,Tuition,Lucknow,4.9,99,"S355, Shakti Nagar, Indira Nagar, Lucknow, Uttar Pradesh 226016",
krishna home tuition and learning centre,919695567197,Tuition,Lucknow,5,46,"BCC ,Rk apartment, Ishwar Puri, Gomti Nagar, Lucknow, Uttar Pradesh 226016",https://wa.link/h43k45
Physics Wallah Tuition Center Lucknow Jankipuram | Class 8th - 10th | 11th - 12th | IIT-JEE | NEET,918047091106,Tuition,Lucknow,4.5,17,"R K Tower, 4/236, near Mulayam Tiraha, Sector 4, Jankipuram Vistar, Lucknow, Uttar Pradesh 226031",https://www.pw.live/
Adhyayan Tuition Centre,918957859483,Tuition,Lucknow,5,8,"403/210, Katra Bizanbeg, Chowk, Lucknow, Uttar Pradesh 226003",
Wisdom Hut Tuition Classes,917376220034,Tuition,Lucknow,5,12,"Raj Apartment, 7, Jopling Rd, Picup Colony, Butler Colony, Lucknow, Uttar Pradesh 226001",
Shweta's Tuition Centre - best tuition classes Centre for nursery to 12th in Aliganj with A. C. And WiFi services,917667094002,Tuition,Lucknow,5,13,"B-1/13, Sector G, Sector L, Aliganj, Lucknow, Uttar Pradesh 226024",
My Home Tutors - Home Tuition in Lucknow,919415905584,Tuition,Lucknow,4.8,118,"H.N, 1/358, Vastu Khand, Gomti Nagar, Lucknow, Uttar Pradesh 226010",https://myhometutors.org/
TUITION WALLA : ( Home Tuition Lucknow ),918881516752,Tuition,Lucknow,4.2,39,"Patrakar Puram, Gomti Nagar, Lucknow, Uttar Pradesh 226010",
HTS Inspiring! Lucknow Home Tutor Tuition Teacher Provider (Free Demo Classes),919335328787,Tuition,Lucknow,4.9,27,"E1/38, LDA Sector H, Ashiyana, Kanpur Rd, Sector H, LDA Colony, Lucknow, Uttar Pradesh 226012",https://wa.me/918887822517
Anish Sir & Team,919919495931,Tuition,Lucknow,4.9,169,"Ground floor, Dhan Nirman Complex, 15, Ashok Marg, Near Shakti Bhawan, Hazratganj, Lucknow, Uttar Pradesh 226001",
Samarth Tutorials - Best Commerce Coaching Classes & Accounts Home Tuition near me in Lucknow,919044997593,Tuition,Lucknow,4.5,4,"510, 87, New Hyderabad, Hasanganj, Lucknow, Uttar Pradesh 226007",
"Vishal home tutorials -Find best Home tutors/tuitions in lucknow ,parag dairy,LDA Colony,Ashiyana, sec-o mansrover",918840739834,Tuition,Lucknow,4.9,357,"Kanpur Rd, Sector O, Mansarovar, Transport Nagar, Lucknow, Uttar Pradesh 226012",https://vishalhometutorial.in/
Aimsarthi Foundation - Best Tuition & Tutor Provider in Lucknow,916388659877,Tuition,Lucknow,5,31,"Harmony Villa, near King George Inter College, Prembagh, Gomti Nagar, Lucknow, Uttar Pradesh 226028",
RD EasyWay Home Tuition & COMPUTER SERVICES,917985333121,Tuition,Lucknow,5,289,"6C/506 Vrindavan colony, Vrindavan Yojna-1, Gopeshkunj, Sector 6C, Telibagh, Lucknow, Uttar Pradesh 226029",
Power Prep Classes (Abhinav sir),917985375362,Tuition,Lucknow,4.8,55,"Almomd A004, Omaxe R2, Gomti Nagar, Lucknow, Uttar Pradesh 226002",
DAKSH CLASSES,917985236926,Tuition,Lucknow,4.9,89,"2/316, Vishal Khand 2, Vishal Khand, Gomti Nagar, Lucknow, Uttar Pradesh 226010",
Best Computer Home Tuition in Gomti Nagar,916389328133,Tuition,Lucknow,5,42,"2nd floor, Laxmi vardan complex, Patrakarpuram Rd, Vikas Khand 1, Vikas Khand, Gomti Nagar, Lucknow, Uttar Pradesh 226010",https://www.boostingskills.com/
Enlight Tutorial – HomeTuition & Coaching,919919914984,Tuition,Lucknow,4.8,30,"2nd Floor, Arif Complex, Tedhi Pulia Ring Rd, Khurram Nagar, Lucknow, Uttar Pradesh 226022",http://ehometutor.in/
"Ashish Saxena Classes (XI, XII, CA & CMA Coaching in Lucknow)",918175969916,Tuition,Lucknow,5,21,"4/4, Sector 4, Vikas Nagar, Lucknow, Uttar Pradesh 226022",
The Tuition Adda,918005009097,Tuition,Lucknow,4.9,27,"131, Patel Nagar, Ismailg131, Patel Nagar, Ismailganj, Indira Nagar, Lucknow, Uttar Pradesh 226016",
AXRA TUTOR - KHURRAMNAGAR,919984970991,Tuition,Lucknow,4.9,111,"Picnic Spot Rd, Abrar Nagar, Kalyanpur (East), Lucknow, Uttar Pradesh 226022",https://www.axratutor.com/
Genius coaching classes,919026198923,Tuition,Lucknow,4.9,69,"C-20, Parag dairy road, near Shani Dev Mandir Road, Sector F, LDA Colony, Lucknow, Uttar Pradesh 226012",http://www.geniuscoachengg.com/
X-PLORE CLASSES,917800880424,Tuition,Lucknow,4.9,9,"C-333/4, Subzi Mandi Rd, near Bhootnath Mandir Market, Sector 18, Indira Nagar, Lucknow, Uttar Pradesh 226016",
HOME TUiTiON WALA,918115117575,Tuition,Lucknow,4.9,78,"Mohibullapur, Madiyanva, Lucknow, Uttar Pradesh 226021",https://hometuitionwala.online/
Brilliance home tutorials,918960392064,Tuition,Lucknow,4.9,203,"C-14, Sector B, Bashant park, Chandralok, Lucknow, Uttar Pradesh 226024",https://brilliancehometutorials.com/
Home tuitions - Shikshabhavan,919555608694,Tuition,Lucknow,4.8,139,"Janki Vihar Colony, Jankipuram, Lucknow, Uttar Pradesh 226021",http://www.shikshabhavan.in/
Lucknowi Tuition Wale,918887097698,Tuition,Lucknow,5,148,"near CNG PUMP, Babhnan Basti, Sector 6, Vrindavan Colony, Lucknow, Uttar Pradesh 226029",
Elite Home Tutors - Find Best Home Tution / tutors in Lucknow,918737899791,Tuition,Lucknow,4.7,42,"Ruchi Khand 1, Sharda Nagar, Lucknow, Uttar Pradesh 226001",https://sites.google.com/view/elitehometutorslucknow/home
SkyCareer : Best home tuition and tutor in lucknow,917054915960,Tuition,Lucknow,4.8,99,"Bhawani market, Sector 5, Jankipuram Extension, Lucknow, Uttar Pradesh 226031",
Top Tutor Home Tuition,917348262531,Tuition,Lucknow,4.9,67,"206002, Golf City, Sector H, Ansal API, Nijampur Majhigaon, Lucknow, Uttar Pradesh 226002",
TutorWallah - Best Home Tutor in Lucknow | Find best home tutor near you | Tution Teacher in Lucknow | Home Tutor near you,917843866730,Tuition,Lucknow,4.9,101,"Sarfarazganj, Balaganj, Lucknow, Uttar Pradesh 226003",
Kids Home Tution,919453656487,Tuition,Lucknow,5,348,"6/1, Khurram Nagar Rd, Vikas Nagar, Lucknow, Uttar Pradesh 226022",https://www.instagram.com/reel/DBUKPTuyt8m/?igsh=MW9kaW4wZzU3Z2xwdA==
Lucknow Home Tutorial,919412624301,Tuition,Lucknow,4.9,145,"Esib 201, Sitapur Rd Yojna, Bharat Nagar, Sector A, Aliganj, Lucknow, Uttar Pradesh 226020",
Brain guru-Home Tutor in lucknow/Best home Tutor/Tution teacher provider,919580766950,Tuition,Lucknow,5,16,"B Block, Indira Nagar, Lucknow, Uttar Pradesh 226016",
Sigma home tutorials and katiyar tutorial pvt Ltd,918960312120,Tuition,Lucknow,5,32,"D- Block, South City, Lucknow, Uttar Pradesh 226002",http://www.sigmahometutorial.com/
The Study Room - Tuition Centre,918121258122,Tuition,Hyderabad,4.9,108,"Naga Jyothi Residency, 105, #205, Dharam Karan Rd, MVR Colony, Balkampet, Hyderabad, Telangana 500016",
"Home Tutions for school & intermediate(ALL BOARDS), IIT-JEE,NEET,B.E/B. TECH(for all branches)",919440960089,Tuition,Hyderabad,4.9,72,"New SBH Colony, Domalguda, Himayatnagar, Hyderabad, Telangana 500029",
Ram's Tuition Center,916305123878,Tuition,Hyderabad,5,65,"D-1-8-2-293/82/f Road No 9 Film Nagar, opp. Anand cine services, Durga Bhawani Nagar, Giani Zail Singh Nagar, Jubilee Hills, Hyderabad, Telangana 500096",https://ramstuitioncenter.com/
Sandeep tuitions,919291449993,Tuition,Hyderabad,4.9,93,"10-1-669, Veer Nagar, Chintal, Hyderabad, Telangana 500004",
Santosh Tution Centre,919948986864,Tuition,Hyderabad,5,119,"19/1/782, Doodh Bowli Rd, Doodh Bowli, Bahadurpura, Hyderabad, Telangana 500064",http://www.santoshtutioncentre.blogspot.com/
S S Tuition Centre,919550270790,Tuition,Hyderabad,5,28,"57, Kondapur, Hanuman Nagar, Raghavendra Colony, Shilpa Hills, Hyderabad, Telangana 500084",
HOME TUTOR(HYDERABAD),918688588713,Tuition,Hyderabad,4.9,127,"LB Stadium Rd, New MLA Quarters, Adarsh Nagar, Hyderabad, Telangana 500001",https://www.brighthometutorsite.com/
"ACADEMIC SOLUTIONS (ENGINEERING, DEGREE, INTERMEDIATE TUITIONS))",918106676769,Tuition,Hyderabad,4.9,55,"17-1-380/E/7. 2nd floor manasa complex ,IS SADAN ,OPP 277BUS STOP, Central Excise Colony, New Santoshnagar, Santosh Nagar, Hyderabad, Telangana 500059",
LEARNING POINT,918247725301,Tuition,Hyderabad,5,52,"Plot no. 9, near samrakshana school, Solitier Residency, Gandhinagar, Kavadiguda, Hyderabad, Telangana 500080",https://learningpoint1729.vercel.app/
S.D Tuition & Education Academy (Home Tuitions),919392429589,Tuition,Hyderabad,4.8,179,"8-1-21/44,Tolichowki, X Road, 7 Tombs Rd, opposite MS Degree Collage, Surya Nagar, Toli Chowki, Hyderabad, Telangana 500008",
SUCCESS TUITION POINT,917780675826,Tuition,Hyderabad,4.9,56,"Gound floor, Ashwini Apartment, 2-2-23/22/E/2, Shivam Rd, beside Health Quest Gym, Durgabai Deshmuk Colony, Aziz Bagh, DD Colony, Amberpet, Hyderabad, Telangana 500013",
M.S TUITIONS,918639500782,Tuition,Hyderabad,5,27,"1-2-607/32/2, NTR Stadium Rd, opp. lic building, BM Nagar, Lower Tank Bund, Kavadiguda, Hyderabad, Telangana 500080",
Genius Tuitions,917799881200,Tuition,Hyderabad,4.8,66,"16-2-742/E, Venkatadri Nagar Colony, Asmanghad, New Malakpet, Hyderabad, Telangana 500036",
Ponnala Krishnamurthy ABHINAV TUITION CENTRE,919949030902,Tuition,Hyderabad,5,16,"Lain no 3, Mahatmaji nagar, Sanjeeva Reddy Nagar, New Bowenpally, Secunderabad, Telangana 500009",
Banjarahills road no 12 home tuition classes,919059245398,Tuition,Hyderabad,4.9,46,"8-2-613/D, BN Reddy Colony, Banjara Hills, Hyderabad, Telangana 500034",
WIZDOM ACADEMY (Tuition),917794814863,Tuition,Hyderabad,4.9,200,"Raj Nagar Rd, Phase 1, MS Maqta, Khairtabad, Hyderabad, Telangana 500004",https://www.facebook.com/wisdom17Ambresh
inspire educational institution (Tuition Center),919912342265,Tuition,Hyderabad,5,53,"Chikkadapally,Street no: 13 Krupavilasam, 1-8-7/13, opp. Aurora College, Surya Nagar, Chikkadpally, New Nallakunta, Hyderabad, Telangana 500044",
Veda tuition centre,918187098689,Tuition,Hyderabad,5,12,"8-2-231/B/351, Sri Krishna Nagar, Yousufguda, Hyderabad, Telangana 500045",
Zims Tuitions and MBBS tutions,917396484655,Tuition,Hyderabad,4.5,96,"flat no 119, Jamuna Towers, opp. Yashoda Hospital Road, Judges Colony, Malakpet, Hyderabad, Telangana 500036",http://www.zimstutions.com/
Errbium Educational Academy - Study Hall - Reading Room & Tuition Center,918978226258,Tuition,Hyderabad,5,187,"8-1-398/pm/236, Paramount Hills, IAS Colony, Toli Chowki, Hyderabad, Telangana 500008",https://errbium.in/
"24TUITIONS - Find Tutors at affordable prices | CBSE ICSE SSC Inter BTech Tuitions C, C++, Java, Python| Free Registration",919032112424,Tuition,Hyderabad,4.6,24,"Jai Hind Gandhi Rd, VIP Hills, Silicon Valley, Madhapur, Hyderabad, Telangana 500081",http://24tuitions.com/
M.A TUTORIAL,918328105752,Tuition,Hyderabad,5,173,"Road No. 12, Sri Ram Nagar Colony, Banjara Hills, Hyderabad, Telangana 500028",https://www.youtube.com/@matutorial8328
SS Academy - Best tuition classes in Hyderabad,919154125735,Tuition,Hyderabad,4.9,27,"near tameemi masjid, Murad Mahal, Gowlipura, Hyderabad, Telangana 500002",
KV ACADEMY B.E | B.TECH | MCA | BCA | BSC | CSE |AIML | AIDS | IT SUBJECTS TUITION | HOME TUITION,919966648277,Tuition,Hyderabad,4.9,112,"THIRD FLOOR PILLAR NO: 15, SAFA ARCADE, Vijaynagar Colony, BUS STAND, Mehdipatnam, Hyderabad, Telangana 500006",
"StayLearning | Tution - IGCSE, IB, CBSE, NIOS, SSC | 10th & 12th",919110319950,Tuition,Hyderabad,4.9,13,"5-9-202/A, opp. Raghav Ratna Towers, Brook Bond Colony, Chirag Ali Lane, Abids, Hyderabad, Telangana 500001",
"Hyderabad Home Tutors And Private Tutors ( Tution,Home Tutions for CBSE,ICSE,IGCSE,IB,NEET,IITJEE )",918074558664,Tuition,Hyderabad,5,16,"H Block, Madhura Nagar, Hyderabad, Telangana 500038",https://linktr.ee/hyderabadhometutors
Famous Tuition Centre,916305761790,Tuition,Hyderabad,5,7,"Jahangirabad Rd, beside Sakina Hospital, near Savera Hotel, Tulsi Nagar, Bandlaguda, Chandrayangutta, Hyderabad, Telangana 500005",
PERFECT TUITION CENTRE,919700091778,Tuition,Hyderabad,5,9,"16-7-162, near Azampura Road, Chaderghat, Malakpet, Hyderabad, Telangana 500024",
Next generation tuition,918790176281,Tuition,Hyderabad,5,27,"9FGR+466 16/7/387, 16-7-385/4, Osmanpura Rd, Chaderghat, Malakpet, Hyderabad, Telangana 500024",
Raman home tuitions,917569266138,Tuition,Hyderabad,5,32,"student Xerox, near Metro pillar no 1152, Hari Vihar Colony, Bhawani Nagar, Himayatnagar, Hyderabad, Telangana 500029",
"EDURAY CLASSES - TUITIONS / TUTORIALS NARAYANAGUDA (V - XII Maths & Physics, Chemistry, Biology) & NEET COACHING CLASSES",917386559100,Tuition,Hyderabad,4.9,54,"Street No. 8, Chitrapuri Colony, Lingampally, Narayanguda, Hyderabad, Telangana 500027",https://www.edurayclasses.com/
EXCELLENT COACHING CENTRE,919394514297,Tuition,Hyderabad,4.8,20,"12-1-331, 21/A, Asif Nagar-Sitaram Bagh Rd, Dattatreya Nagar, Asif Nagar, Hyderabad, Telangana 500006",
IQ ACADEMY OF EXCELLENCE,919573211504,Tuition,Hyderabad,4.9,212,"Shalibanda Rd, Aliabad North, Shah Ali Banda, Hyderabad, Telangana 500065",https://iq-academy-of.grexa.site/
ICON TUTORIAL( Tuition Classes for 1 to 10th ),918096705517,Tuition,Hyderabad,5,10,"Amsri Residency, Near, Dharam Karan Rd, Jamuna Tirth, Ameerpet, Hyderabad, Telangana 500016",https://icontutorial.in/
Shahed’s Tutorial,919573590963,Tuition,Hyderabad,4.7,126,"KHALID ROAD Rd, Castle Hills, APHB Colony, Masab Tank, Hyderabad, Telangana 500057",
A1 Classrooms - 📍B3 | 1–12 Tuitions,917997795851,Tuition,Hyderabad,5,38,"A/4, Ashok Vihar Apartment, 13-6-463, NMDC Colony, Ashok Vihar Colony, Talla Gadda, Gudimalkapur, Hyderabad, Telangana 500006",https://www.instagram.com/a1classrooms?igsh=MW9tODFubzNmeXhnNg==
Vivekananda Tuition Centre (VTC),918074310065,Tuition,Hyderabad,4.7,15,"AK Bhavan Rd, opp. A.K. Bhavan building, near Mallanna Temple, Jiyaguda, Hyderabad, Telangana 500006",
Gokulam (Geetha Teacher's Tution centre) Tutions for class 4th to class 10th,918143864384,Tuition,Hyderabad,5,24,"Next to Medplus, Methodist colony, Kundanbagh Colony, Begumpet, Hyderabad, Telangana 500003",
Darbi's Tuition Classes,919550069963,Tuition,Hyderabad,5,77,"13-1-1216, PS outpost, opp. Tappa Chabutra Road, near Hanuman temple, Mustaidpura, kummarwadi, Ramanthapur, Hyderabad, Telangana 500006",
Class 10 Tuition Center | Soumya,917032814919,Tuition,Hyderabad,5,5,"Pavan Vihar Colony, 23/A, lane 2bowenpally, Akashnagar, New Bowenpally, Hyderabad, Secunderabad, Telangana 500011",https://ubpro.in/UBNPRO/7721SztXO
"Jay Academy | Best Tuitions in Begumpet, Hyderabad",919502813941,Tuition,Hyderabad,5,103,"Plot No 1-11-151/1/3C 2nd Floor, Shyamlal Buildings, Sree Chenchulaxmi Nilayam, opp. of babai tiffins, near Ganesh Temple, Begumpet, Hyderabad, Telangana 500016",
ZK Educational Academy | 6th to 10th | Inter all subjects,919133100660,Tuition,Hyderabad,4.9,223,"Beside Deccan Function Hall Milad Road Santosh Nagar, Laxmi Nagar, Edi Bazaar, Hyderabad, Telangana 500023",
Dheeksha IIT CHEMISTRY,918978994746,Tuition,Hyderabad,5,151,"Ramshankar Nagar St 3, Ramanthapur, Ramshanker Nagar, Venkat Reddy Nagar, Amberpet, Hyderabad, Telangana 500013",https://sites.google.com/view/d-iitjee/home
The Sunday ICSE Masterclass - Grade 8 to 10 (Math & Physics),917761933967,Tuition,Hyderabad,4.7,19,"41, Durga Nagar Rd Number 2, Durga Nagar Colony, Somajiguda, Hyderabad, Telangana 500082",
TUTEE KAKSHA ACADEMY,917842194720,Tuition,Hyderabad,5,178,"1-8-5/5, no 2, Ravindra Nagar Rd, beside st Joseph school, Saraswathi Nagar, Habsiguda, Hyderabad, Telangana 500007",https://www.tuteekakshaacademy.com/
Online Hindi Tuition in Hyderabad,917801061857,Tuition,Hyderabad,5,193,"Sri, Omkareshwar Enclave, near Global Discovery School, Madhavi Nagar, Hydershakote, Gandamguda, Hyderabad, Telangana 500091",https://sites.google.com/view/hindituitionsinhyderabad/home
Sigma Rao Academy of Math Tuition Classes,919533667564,Tuition,Hyderabad,4.8,99,"Dr No 1-2-365/25 Domalguda Indira Park Cross Roads, Street No. 6, Poolbagh, Aravindra Nagar, Domalguda, Himayatnagar, Hyderabad, Telangana 500029",
The Best Online Teaching and Tutoring- center near me - My Facilitator,917303346167,Tuition,Hyderabad,4.9,76,"Srinagar Colony Main Rd, near kamma sangam, Pratap Nagar, Nagarjuna Nagar colony, Ameerpet, Hyderabad, Telangana 500073",https://myfacilitator2017.my.canva.site/my-facilitator-website
SIDDHI Beyond Tuition,918143596454,Tuition,Hyderabad,4.9,73,"58-16/1, Bapu Nagar, Quthbullapur, Hyderabad, Telangana 500054",
Ramanujan Institute of Mathematics | 9-10 Tuition & Polytechnic Entrance Coaching | Dilsukhnagar,919966710900,Tuition,Hyderabad,5,6,"13-13-78, P&T Colony, Kodandaram Nagar, Dilsukhnagar, Hyderabad, Telangana 500060",https://ramanujaninstituteofmathematics.com/
VidhyaGharse,919505597977,Tuition,Hyderabad,4.9,18,"4th floor, CS Space Aparna Astute, 8-1-293, Senore Colony, Aparna Senore Valley Villas, Ambedkar Nagar, Shaikpet, Hyderabad, Telangana 500096",https://vidhyagharse.com/
"Home tuition (1-10)(MPC/Bipc/CEC) (B.com ,BBA ,B-Tech)/ NEET - biology",918367253058,Tuition,Hyderabad,5,13,"Arvind Nagar Colony, Toli Chowki, Hyderabad, Telangana 500008",
Journey Tutorials,919989832271,Tuition,Hyderabad,5,80,"Viswas Nagar Colony, Murad Nagar Kunta, Priya Colony, Murad Nagar, Hyderabad, Telangana 500006",
Foundation Academy,917893855121,Tuition,Hyderabad,4.9,62,"Adam Manzil, Hussaini Alam Rd, Fatima Colony, Fatema Colony, Kabutar Khana, Hyderabad, Telangana 500064",http://foundationacademy.in/
M.R ACADEMY (tuitions-ట్యూషన్స్),918019118558,Tuition,Hyderabad,4.9,52,"6-3-1240/190 Eidgha Road M.S maqtha Opp:Rajbhavan Somajiguda, Phase 1, Raj Nagar, Khairtabad, Hyderabad, Telangana 500082",
"Excel Institutions – Tuitions & IIT Foundation | Class 6-10 (SSC, CBSE, ICSE) | NEET & JEE Physics",919030470877,Tuition,Hyderabad,4.9,115,"16-11-511, Sneha Residency, 16-11-511/D/88, Shalivahana Nagar, near Shivam temple, Shalivahana Nagar, Shalivahana Nagar Colony, Dilsukhnagar, Hyderabad, Telangana 500036",https://excel-tuitions.vercel.app/
Legend Institute,919885161551,Tuition,Hyderabad,4.9,319,"opposite Nayan Hardware, above Euro Bakers, New Aghapura, Aghapura, Nampally, Hyderabad, Telangana 500006",http://www.legendinstitute.in/
Kavita’s Tuition,918879129632,Tuition,Hyderabad,5,17,"4204, Block - 4, Janapriya Metropolis, Moti Nagar, Erragadda, Hyderabad, Telangana 500114",
MOHANSHA EDUCATIONAL INSTITUTE / MOHANSHA CLASSES IIT JEE EAPCET Coaching.6th -12th Class Tutorial ICSE CBSE SSC.Inter MPC ME,918522947299,Tuition,Hyderabad,5,9,"3-4-900, Barkathpura Main Road, Besides Ragavendra Hotel, Towards, Fever Hospital Main Rd, opposite Indian Oil petrol bunk, Barkatpura, Kachiguda, Hyderabad, Telangana 500027",https://mohanshaclasses.com/
Uday Tuitions Academy - KPHB colony,918328163388,Tuition,Hyderabad,5,14,"HIG 101, 6, behind Meridian School, Kukatpally Housing Board Colony, K P H B Phase 6, Kukatpally, Hyderabad, Telangana 500085",
Lumina Tutor,917702024949,Tuition,Hyderabad,5,13,"2-91/12/4/NR,Plot no :4 ,Doc bhavan, Kondapur, 4th, and, Kondapur, Whitefields, Gachibowli, Hyderabad, Telangana 500081",https://luminatutor.in/
"SRI CHAITANYA HOME TUTIONS ,No:1 in Hyderabad",919885734904,Tuition,Hyderabad,4.9,138,"17-70/A, Road No. 3, near to Saroornagar police station, near Saibaba temple, Srinagar Colony, Kamala Nagar, Dilsukhnagar, Hyderabad, Telangana 500060",
TUITION POINT AND HOME TUITIONS,919542034640,Tuition,Hyderabad,4.9,128,"4*64/24/1,Tanisha Nagar, Road, Shirdi Sai Nagar, Pokalawada, Manikonda, Hyderabad, Telangana 500089",
"Tutors Team (Home tutors in manikonda,Gandipet,Suncity)",919948464333,Tuition,Hyderabad,4.9,35,"C92V+PHR, Vinayak Nagar Colony, Shaikpet, Manikonda, Hyderabad, Telangana 500104",https://www.blog.cityhometution.com/home-tuitions-in-manikonda-raidurgam/
Sai Academy Home Tuition,917995498402,Tuition,Hyderabad,4.9,19,"Room No 2, H.No. 7-2-221/38, Ashok Colony, Bhagat Singh Nagar, Sanath Nagar, Hyderabad, Telangana 500018",
Elite City Tutorials ( CBSE ICSE IGCSE IB Home Tuitions & Private Tutors ( IIT JEE Maths Chemistry NEET physics)),919032602967,Tuition,Hyderabad,4.9,167,"H, &, MASJID AQSA, 15, Road No. 12, Sri Sai Narayana Colony, Mamatha Nagar Colony, Nagole, Hyderabad, Telangana 500068",https://www.facebook.com/share/17Qh6fzRxH/
MIRZA HOME TUTORS,916300635067,Tuition,Hyderabad,5,21,"Ferozguda, Balanagar, Hyderabad, Telangana 500011",
Best Home Tuitions In Hyderabad - My Home Tuitions,918639858467,Tuition,Hyderabad,4.9,34,"5-5-87/1, Manchal Rd, Ibrahimpatnam, Telangana 501506",https://myhometuitions.com/
Gayatri Home Tuitions,919182834380,Tuition,Hyderabad,5,20,"Road no: 1, beside Konark Theatre Lane, Gaddiannaram, Lalitha Nagar, Dilsukhnagar, Hyderabad, Telangana 500060",
VK Tutorials And Home tuitions point,919515495304,Tuition,Hyderabad,4.8,21,"Bapughat Rd, near vidhyanikethan high school, Bapu Nagar, Langar Houz, Hyderabad, Telangana 500008",https://www.vkhometuitionsacademy.com/
EAMCET/BITSAT/JEE/MPC HOME TUITION,919553979427,Tuition,Hyderabad,4.9,32,"16 11 741, D91/A/2, Moosarambagh, SBH Colony, Dilsukhnagar, Hyderabad, Telangana 500060",https://youtu.be/5l1iFnlzHas?si=av-__2SDmTcskIKB
My Home tuition,918096301080,Tuition,Hyderabad,5,4,"1-1-544/4, VV Giri Nagar, Gandhi Nagar, Kavadiguda, Hyderabad, Telangana 500080",
AB HOME TUTION,917674078529,Tuition,Hyderabad,4.8,59,"Pragathi Nagar Rd, Pragthi Nagar, Sahithi Nagar, Dilsukhnagar, Hyderabad, Telangana 500060",https://www.brighthometutorsite.com/
Ds Home Tuitions,919030633633,Tuition,Hyderabad,4.7,34,"State Bank Of India, 105, Street Number 4, Sarita Arcade, SBI Colony, Dilsukhnagar, Hyderabad, Telangana 500036",https://dshometuitions.in/
"ABC Home Tutions - Private Tutors, Online Tuitions",919398031350,Tuition,Hyderabad,4.7,49,"MIG, 2, phase, 9, Kukatpally Housing Board Colony, K P H B Phase 9, Kukatpally, Hyderabad, Telangana 500085",https://abchometutions.in/
Commerce/Accounts Home Tutions ( CBSE MEC CEC BCOM ICSE CA CS CMA ACCA ),919392297431,Tuition,Hyderabad,4.7,35,"D No 8-3-167/D/226 2nd Floor Kalyan Nagar Colony, Vengal Rao Nagar, Sunder Nagar, Hyderabad, Telangana 500038",http://www.commerceaccountshometutions.blogspot.com/
Rubric Tuition Hyderabad – Online & Offline Classes (Home Tuition),918309109520,Tuition,Hyderabad,4.8,22,"1-94/7, Street No 01, Bhavani Nagar, Nacharam, Hyderabad, Secunderabad, Telangana 500076",http://www.rubricclasses.com/
Gayathri Tuitions (Only Maths),919640276289,Tuition,Hyderabad,5,42,"Street Number 7, Nehru Nagar Colony, West Marredpally, Secunderabad, Telangana 500026",
Sri Geetha Home Tuitions Consultancy - Home Tuitions in Hyderabad,917331147194,Tuition,Hyderabad,5,11,"3-3-108/A/1 , near, BLOCK-1 PHASE-1, X Roads, Attapur, Yerraboda, Upperpally, Telangana 500048",
RH Tutorials,918928729590,Tuition,Mumbai Andheri,5,194,"602, Markaz View Apartment, Swami Vivekanand Rd, near Millat Hospital, Shastri Nagar, Jogeshwari West, Mumbai, Maharashtra 400102",
Oak learning center,919967803736,Tuition,Mumbai Andheri,5,29,"Unit 10, Lokhandwala Complex Market, Lokhandwala, Lokhandwala Complex, Andheri West, Mumbai, Maharashtra 400053",https://oaklearningcentre.justdial.com/
Home Tuition By Nayak Sir,919931729450,Tuition,Mumbai Andheri,4.8,31,"Back Road, Lokhandwala Complex, Andheri West, Mumbai, Maharashtra 400053",https://hometuitionbynayaksir.com/
NERDY HOME TUTORS,917828399992,Tuition,Mumbai Andheri,4.6,143,"Wework Raheja, Ground floor, Raheja Platinum, Road, off Andheri - Kurla Road, Sag Baug, Marol, Andheri East, Mumbai, Maharashtra 400059",http://thenerdyacademy.com/
Tuitionwale- Home Tutor in Mumbai,918887866628,Tuition,Mumbai Andheri,5,14,"The Spring Fields, KAMDHENU BUILDING, Swami Samarth Nagar, Lokhandwala Complex, Andheri West, Mumbai, Maharashtra 400053",https://sites.google.com/view/tuitionwale-in/home
Home Shiksha,917416903501,Tuition,Mumbai Andheri,4.7,215,"Home Shiksha , Awfis, Skyline Icon, Andheri - Kurla Rd, Chimatpada, Marol, Andheri East, Mumbai, Maharashtra 400059",https://www.homeshiksha.com/
Universal Home Tuitions,918108363904,Tuition,Mumbai Andheri,4.9,18,"Room no B24, Society, no 82, 82-D/3, SV Patel Nagar, Andheri West, Mumbai, Maharashtra 400053",https://www.unituitions.in/
HOME TUITIONS @ YOUR PLACE,919819535565,Tuition,Mumbai Andheri,4.9,369,"MANGALMURTI 2, KHANDWALA COMPOUND 2, Vakola, Santacruz East, Mumbai, Maharashtra 400055",
KS Private Home Tuitions,918169727819,Tuition,Mumbai Andheri,5,23,"4WF8+C8J, 4, Main Gate Rd, opp. IIT, Tirandaz, Powai, Mumbai, Maharashtra 400076",https://kscommerceclasses.mydurable.com/
Home Tutors Academy || Best Home Tutors in Mumbai || Best Private Tutor in Mumbai,918080608089,Tuition,Mumbai Andheri,5,10,"WTP Marg, above Priya Stores, opposite Dmart, Amar Nagar, Ghatla, Chembur, Mumbai, Maharashtra 400071",
SMART HOME TUITION,917021610842,Tuition,Mumbai Andheri,5,22,"SHIVKRUPA APT, Pandit Jawaharlal Nehru Rd, Gavani Pada, Sarvodaya Nagar, Mulund West, Mumbai, Maharashtra 400080",https://sites.google.com/view/smart-home-tuition/home?authuser=0&fbclid=PAZXh0bgNhZW0CMTEAAab8TRdGbSA8iqtVbGqWM5cJh_r-Sx2PRLcKODJBj_7AQ0Aj1fbOk0JpTPk_aem_hsFyJXMk5BrPkJi_cZJlvw
Ankita Tutorials,919892455723,Tuition,Mumbai Andheri,4.7,3,"Ashirwad CHS, R1/201, opp. Mumbai public school, MMRDA Colony, Poonam Nagar, Andheri East, Mumbai, Maharashtra 400093",https://www.instagram.com/ankita_tutorials?igsh=cHJ2bzJjdzJ6YnQ0
"Inkstall Private Tuition IGCSE, IBDP, IB, ICSE",919820351334,Tuition,Mumbai Andheri,4.3,104,"Inkstall, Shop 3 Rustomjee Ozone Goregaon - Mulund, New Link Rd, Mahesh Nagar, Goregaon West, Mumbai, Maharashtra 400104",https://inkstall.com/
Special Home Tutors,919892975425,Tuition,Mumbai Andheri,4.4,13,"brand one building, Sangam Nagar, Antop Hill, Mumbai, Maharashtra 400037",https://mh.homestuition.in/
IGCSE English Tuition RedEarth,919324865533,Tuition,Mumbai Andheri,5,6,"Blossom, Sangeetkar N Dutta Marg, Gharkul Society, Four Bungalows, Andheri West, Mumbai, Maharashtra 400053",
Angels Eduwizard Tutorials,919833616194,Tuition,Mumbai Andheri,4.3,3,"Shop No:03, Pouis Apartment, RK Mandir Rd, C-Wing, Kondivita, Andheri East, Mumbai, Maharashtra 400059",http://angelseduwizardtutorials.com/
EazyTutors - Home Tutors/Private Tutors in Pune,918888585413,Tuition,Pune,4.9,358,"Office No. 5, 2nd Floor, Bombay Sappers Colony, Chandan Nagar, Wadgaon Sheri, Pune, Maharashtra 411014",https://eazytutors.com/
Vidyarjan Tutorial ( 5/6/7/8/9/10th-SSC / CBSE ),919970088840,Tuition,Pune,5,105,"Third Floor, 3rd floor, A wing, NC Kelkar Road, beside Kesariwada, Narayan Peth, Pune, Maharashtra 411030",http://www.vidyarjantutorial.in/
Yashoday Tutors (Home Tuitions),918975808146,Tuition,Pune,4.9,63,"Umashankar Niwas, S.No. 46/8/4, Katraj - Ambegaon BK Rd, Dattanagar, Shani Nagar, Pune, Maharashtra 411046",https://www.yashodaytutors.in/
Delta Tutorial Pune:,917028176444,Tuition,Pune,4.9,61,"Shop no 2, Dhruv apartment, 215, opp. Kumbare Eye Hospital, next to Karande Corner, Rasta Peth, Pune, Maharashtra 411002",https://id.vyaparify.com/delta-tutorials
Tutoratti Learning Center | Best Coaching Classes in Pune,918888810099,Tuition,Pune,4.3,174,"3rd Floor, Sinhgad Rd, above Jaihind Mill, next to Bharat Petroleum, Vitthalwadi, Hingne Khurd, Pune, Maharashtra 411051",https://www.tutoratti.com/
NK'S Tutorials,917020884072,Tuition,Pune,4.9,90,"Office no 12, Shantai Vihar Complex, next to Hotel Shantai, near Samarth Police Station, Rasta Peth, Pune, Maharashtra 411002",http://nkstutorials.in/
NISHANT'S ACADEMY,919766011761,Tuition,Pune,5,44,"430, Jawaharlal Nehru Rd, New Mangalwar Peth, Mangalwar Peth, Kasba Peth, Pune, Maharashtra 411011",
Anitaz Classes,919028086655,Tuition,Pune,4.9,89,"215+216, 1st floor, Dhruv Apartments, opposite Kumbhare Eye clinic, Rasta Peth, Pune, Maharashtra 411002",
Nair Coaching Academy,919850667744,Tuition,Pune,4.9,189,"sno 36/1/2, Archana Niwas, Kharadi Rd, behind dutt hotel, Yashwant Nagar, Kharadi, Pune, Maharashtra 411014",
NAIK TUTORIALS - KOTHRUD BRANCH,919503854178,Tuition,Pune,4.9,146,"1st Floor, Chitralekha chambers, 38, Paud Rd, above Kaka Halwai, Gurha Slathia, Ideal Colony, Kothrud, Pune, Maharashtra 411038",http://www.naiktutorials.com/
Signature Career Academy,917030302311,Tuition,Pune,5,6,"Super Mall Society, S22, Salunke Vihar Rd, near Rosary School, Clover Village, Wanowrie, Pune, Maharashtra 411040",https://www.signatureacademy.in/
KIRTI EDUCATION CENTRE PUNE,919766327441,Tuition,Pune,5,11,"Digi road Gavali city, Induban residency, near Nirankari satsang bhawan, Sai Vittal Nagar, Bhosari, Pune, Pimpri-Chinchwad, Maharashtra 411039",
Takalkar Classes,917030308545,Tuition,Pune,4.8,82,"Takalkar classes, 2nd floor, Muktai complex, DP Rd, above crown Bakery, opposite Ashish garden, Vijayashree Society, Kothrud, Pune, Maharashtra 411038",http://www.takalkarclasses.com/
Excel maths science english tuitions in camp,919422031215,Tuition,Pune,5,63,"Shanti Kunj General Thimayya Rd, Sadhu Vaswani Rd, Camp, Pune, Maharashtra 411001",http://exceltutorialspune.in/
Dutta Academy of Modern Education,917767080910,Tuition,Pune,5,44,"Super Mall Society, Salunke Vihar Rd, Clover Village, Wanowrie, Pune, Maharashtra 411040",http://www.duttaacademy.in/
SHREE CLASSES,919049382728,Tuition,Pune,4.8,105,"OFFICE NO. 6, DNYANDEEP BHVAN, Police Colony, Shukrawar Peth, Pune, Maharashtra 411002",https://shreeclassesedu.com/
Roy's Classes ( Reading/Grammar/Tuition Classes),918697111337,Tuition,Pune,5,6,"Sai Ganga Society, Kondhwa-Undri-Saswad Rd, Undri, Pune, Maharashtra 411060",
K.G.N Study Centre,917058582786,Tuition,Pune,5,19,"Sareen Miracles, A-01, opposite King Bakery, Kausar Baugh, Kondhwa, Pune, Maharashtra 411048",
Sharma Academy,918308495766,Tuition,Pune,5,21,"Lane No. 3, near prabhat Traders, Survey Number 2, Mahadev Nagar, Wadgaon Sheri, Pune, Maharashtra 411014",https://youtube.com/@sharmaacademy-mb7hh?si=CTFaq4qlhstwAUZs
Home Tuition Centre - The Swami Education,919284071420,Tuition,Pune,4.6,103,"Thite Nagar, Kharadi, Pune, Maharashtra 411014",
Champs Learning India,917558739185,Tuition,Pune,5,47,"2nd Floor, Office Number B3 & B4, Building Number 1, MANGALMURTI COMPLEX, Sinhgad Rd, Pune Okayama Friendship Garden, Dattawadi, Pune, Maharashtra 411030",https://champslearning.in/
"Vedantu Learning Centre Pune (VLC), Swargate - JEE / NEET / Foundation",918040245900,Tuition,Pune,4.5,36,"Vedantu learning center, 5th Floor, Sharada Enclave, Shankar Sheth Rd, behind SBI Building, Shri Sarathi Society, Vrindavan Society, Guru Nanak Nagar, Pune, Maharashtra 411042",https://www.vedantu.com/offline-centres/pune/swargate?utm_source=organic&utm_medium=googlemybusiness&utm_campaign=offline
Saai Tutorials (Sai commerce classes),919028737473,Tuition,Pune,5,72,"Office no.109, Rama Smruti Apartments, 19, A+ B, Somwar Peth, Pune, Maharashtra 411011",
"Alpha Coaching Classes-Coaching Class & Tuition Centre in Lohegaon, Pune",918010093092,Tuition,Pune,4.5,38,"floor-3, Shreeram mareegold, Lohgaon-Shinde Vadgaon Rd, Sai Nagar, Mathade Wasti, Lohegaon, Pune, Maharashtra 411047",
Balaji Tutorials,919422520292,Tuition,Pune,4.8,143,"Lakshmi vilas, 6, Nathan Rd, behind Conrad Hotel, off Mangaldas Road, Sangamvadi, Pune, Maharashtra 411001",
Physics Wallah Tuition Center Pune Pimple | Class 8th - 10th | 11th - 12th | IIT-JEE | NEET,918046801524,Tuition,Pune,4.1,18,"Sunshine Villas, Dwarkadheesh Gardens, Pimple Saudagar, Pimpri-Chinchwad, Pune, Maharashtra 411017",https://www.pw.live/
Awasthi (Private Tuition Classes) 8-12th std CBSE/ICSE/SSC All subject,919822639006,Tuition,Pune,4.9,90,"E2/1, near Kondhwa, Salunkhe Vihar Society, Wanowrie, Pune, Maharashtra 411022",
"ARYA SPECTRUM CAREER INSTITUTE- Best Coaching Classes in Pune for Maharashtra CET, IIT JEE, NEET, and classes 6 to 12",918983595592,Tuition,Pune,4.4,78,"Chandra Smruty Bunglow, beside Bella Vista, near Pride Regency, Rajiv Nagar South, Rajiv Nagar North, Mhada Colony, Viman Nagar, Pune, Maharashtra 411014",https://www.aryaspectrum.com/
Vikas Tutorials,919975083327,Tuition,Pune,5,39,"7, Mumbai - Pandharpur Rd, Hulshur, Camp, Pune, Maharashtra 411001",
Cuemath Offline Tuition Center | Dilprit Kaur,918296888111,Tuition,Pune,5,16,"6-B 2nd floor Quarter Gate, Nr Shantai Hotel, next to YMCA, Club, Modi Colony, Pune, Maharashtra 411002",https://www.cuemath.com/hybrid-teacher-profile/Dilprit-Hooda/?utm_source=google&utm_medium=gbl
SUCCESS HOME TUTOR,918237224748,Tuition,Pune,4.1,69,"Shivdatt Nagar 31/1, Navecha Road 101, Vijayraj Complex, Shivramnagar, Pimple Gurav, Pune, Pimpri-Chinchwad, Maharashtra 411061",
"Chate Coaching Classes- Best Coaching Classes | Best Tuition Classes in Dhanori | Best Classes for 8th ,9th and 10th",917350906033,Tuition,Pune,4.8,196,"Jay Ganesh Plaza, Stilt Floor, Old Jakat Naka, Porwal Road, Jay Ganesh Plaza, 10, Dhanori-Lohegaon Rd, Kutwal Colony, Lohegaon, Pune, Maharashtra 411047",https://chatecoachingclasses.co/
Sai Classes - rasta peth,919767050104,Tuition,Pune,4.7,198,"94A/2 Shop No. 8 & 9 Stilth floor Swami Narayan Apartment, Rasta Peth, Pune, Maharashtra 411002",https://sai-classes-rasta-peth.grexa.site/
"Diksha Coaching Classes | Best Coaching for Class 10 & 12 Boards, MHT-CET Dedicated Coaching | Most loved Coaching Institute.",919890749882,Tuition,Pune,4.9,100,"Manjari Rd, Ward No 2, Jayganga Nagar, Keshav Nagar, Mundhwa, Pune, Maharashtra 411036",http://dikshaclasses.com/
Kulkarni Home Tuition Pune,919028161091,Tuition,Pune,4.8,148,"Flat no 101, near kamala neharu hospital, behind Trishundya ganpati mandir, Somwar Peth, Pune, Maharashtra 411069",http://kulkarnihometuition.com/
Achievers Academy,918007771888,Tuition,Pune,4.8,231,"Office no 13, Sneha Plaza, near Mira Hyundai service station, Warje, Pune, Maharashtra 411058",http://achieveracademy.co.in/
BAPAT CLASSES,919923085800,Tuition,Pune,5,194,"Sule Path, Shriram Apartments, no 3 889, Bhandarkar Rd, Deccan Gymkhana, Pune, Maharashtra 411004",http://bapatclasses.wordpress.com/
Empower Tutorials- 8th 9th 10th CBSE ICSE SSC Coaching Classes | 11th &12th PCMB classes in Warje,919890968797,Tuition,Pune,4.8,260,"Office no, Empower Tutorials, 10, Mumbai Pune Bypass Rd Flyover, Motiram Nagar, Warje, Pune, Maharashtra 411058",https://empowercoachingclasseswarje.in/
Sanjay Classes (Branch 1) Dhanori,917276488998,Tuition,Pune,5,134,"Sr no 29, near RK puram Society, Gokul Nagar, Munjaba Vasti, Dhanori, Pune, Maharashtra 411015",
Anas Classes PCMB WALLAH,918149055550,Tuition,Pune,4.9,111,"Plot no 41 ground floor kausarbaugh housing society, Zam zam Chowk near Sana Hospital Kondhwa, near Sana Hospital &, Kausar Baugh, masjid, Pune, Maharashtra 411048",http://www.anasclasses.com/
AdiAaru Coaching Classes,919960512494,Tuition,Pune,4.9,36,"Sumangal Arcades, Wagholi Rd, in front of Arpita Hotel, Sant Nagar, Lohegaon, Pune, Maharashtra 411047",http://adiaarupune.shiksha/
Shende's Coaching Classes,919860052331,Tuition,Pune,4.8,48,"Swami Chaya Apartments, Society, off Cummins College Road, near Rajaram Bridge, Sridhar Colony, Karvenagar, Pune, Maharashtra 411052",
Takalkar Classes,919922932603,Tuition,Pune,4.6,254,"hingane khurd, Mohite Paradise, Narveer Tanaji Malusare Rd, Anand Nagar, Pune, Maharashtra 411051",http://takalkarclasses.com/
Devkar Coaching Classes,917666314726,Tuition,Pune,4.9,97,"Mundhwa - Manjari Rd, behind Shivshahi Hotel, near Amit aba office, Shiv Krishna Society, Manjari Budruk, Pune, Maharashtra 412307",https://www.devkarcoaching.com/
Hemant Bora's Academy - Best Coaching Classes For 8th / 9th / 10th SSC & CBSE - Maths / Science,918856888880,Tuition,Pune,4.8,110,"Survey No. 46, 2, opp. Dwarka Garden, Datta Prasad Housing Society, Chandan Nagar, Wadgaon Sheri, Pune, Maharashtra 411014",http://www.hemantborasacademy.com/
Taksh Academy CBSE / ICSE Coaching classes- Hadapsar,919156023066,Tuition,Pune,4.7,87,"112, Fortune Plaza, near Railway crossing, Autadwadi Handewadi, Vardhaman Twp, Sasane Nagar, Hadapsar, Pune, Maharashtra 411028",https://www.instagram.com/wetakshacademy/
Ketan's Mathematics Home Tuitions,919371006135,Tuition,Pune,5,52,"234/54 Sanjay park, Airport Rd, Survey Number 235, Puru Society, Sanjay Park, Pune, Maharashtra 411032",
Ascent Coaching Centre- Best Coaching Classes in Wadgaonsheri.,919923900046,Tuition,Pune,5,6,"Office No 303, 3rd floor, The Collection, Brahma Corp Business Park, Pune-14, near F-Residences, Digambar Nagar, Wadgaon Sheri, Pune, Maharashtra 411014",https://ascentcoachingcentre.in/
Takalkar Classes,919881098308,Tuition,Pune,4.5,164,"bharat joti, Bus Stop, 634/1, above People’s Bank, Shree Sant Eknath Nagar, Bibwewadi, Pune, Maharashtra 411037",https://takalkarclasses.com/
MMS COACHING CLASSES,918788171838,Tuition,Pune,5,133,"Sana hospital, Near, opposite Zam Zam Hotel, near Kausar Baugh Road, Kausar Baugh, Kondhwa, Pune, Maharashtra 411048",
"Chate Coaching Classes Vishrantwadi – IIT-JEE, NEET, CET, CBSE & State Board (8th–10th), Homi Bhabha, Scholarship & Olympiad",917588276777,Tuition,Pune,4.8,313,"Sr No.116, 3rd floor, Pushpa Height Building, 4/5, Pune - Alandi Rd, Kalas Area, Kalas, Pune, Maharashtra 411015",https://chatecoachingclasses.co/pages/alandi-road?srsltid=AfmBOooaEzGdkRetSyHI4VydXm_lbJ4oa5Am9nbY3CfNlzjSEKxBUVqZ
Home Tutor in Pune By SUE Tutor,917020756300,Tuition,Pune,4.8,53,"Khau Gali, Lane no -3, Vidya Nagar, Pimple Gurav, Pimpri-Chinchwad, Maharashtra 411061",https://www.suetutor.com/
RAJ HOME TUITION PUNE,919503337684,Tuition,Pune,5,17,"Plat no 103B wing, ANANDI RESIDENCY, lane, near Sanskriti hotel, Yashwant Nagar, Deshmukh Nagar, Shivane, Pune, Maharashtra 411038",
Shree Classes & Home Tuition (wagholi),917709310756,Tuition,Pune,4.9,26,"Sai Park Soceity, Near Raisoni College Wagholi Domkhel Road, Ivy Estate, Awhalwadi Rd, Domkhel, Wagholi, Pune, Awhalwadi, Maharashtra 412207",
Sadhak Shiksha Home Tuition,918421407322,Tuition,Pune,5,10,"Home Tutions are Available in, &, PCMC Area, Kapad Ganj, Raviwar Peth, Pune, Maharashtra 411002",https://sadhakshiksha.com/
APEKSHA CLASSES HOME TUITION,919130594087,Tuition,Pune,5,9,"Old Mundhwa Rd, Ganesh Nagar, Wadgaon Sheri, Pune, Maharashtra 411014",
Perfect Tutor,918083518083,Tuition,Pune,5,3,"Office no 1, Furniture Sankal Safalya Building, DP Rd, opposite Patil Book Depot, Gananjay Society, Shastri Nagar, Kothrud, Pune, Maharashtra 411038",https://www.perfecttutor.in/pune/home-tutors-and-home-tuition-classes
Chitale's Tuition Classes,919326714989,Tuition,Pune,4.7,23,"B-2, F-6, Gardenia Hsg Soc Phase, 1, Somnath Nagar, Wadgaon Sheri, Pune, Maharashtra 411014",
Learning Potato Education,918999949582,Tuition,Pune,4.9,35,"VTP Town Square Commercial, F03, Mahalunge, Pune, Maharashtra 411045",https://learningpotato.com/?utm_source=gmb&utm_medium=organic&utm_campaign=gmb_listing
RSD’s Tuition Classes,919423041198,Tuition,Pune,4.6,7,"E-906, SUVIDHA DNYANGANGA SOCIETY, Sinhgad College Rd, near Goyal Ganga, Tukai Nagar, Vadgaon Budruk, Pune, Maharashtra 411041",
Er. Deepak Pandey - Jee Mains & Advanced (Wanawadi) | NEET | Best Chemistry Home Tutor in Pune,918237670001,Tuition,Pune,5,6,"C1-308, Ganga Satellite, Clover Village, Wanwadi, Pune, Maharashtra 411040",https://jeeadvanced-neethometutors.com/
The Swami Home Tuition Academy (Dattawadi Swargate),917559326931,Tuition,Pune,4.1,14,"swargate Kothrud, Ladkatwadi, Dattawadi, Pune, Maharashtra 411030",
Saad Tuition Classes,919890710567,Tuition,Pune,5,17,"21 6 floor, Pudumjee Paradise, A2, Ajmera society Nilkanth Nagar, Pune Cantonment, Pune, Maharashtra 411002",https://abubakardarekhaaa404-afk.github.io/saad-tution-classes.portfolio/
The Future Tutorials - Private Home Tutoring Service,919850801187,Tuition,Pune,4.7,6,"Unnati Classic Society, near Vande Matram Bhavan, Sukhsagar Nagar, Katraj, Pune, Maharashtra 411048",https://www.tftinstitute.com/
SUE Classes Old Sangvi,918857083057,Tuition,Pune,4.9,66,"SUE Classes, Shitole Chowk, Spicer College Rd, Shitole Nagar, Old Sangvi, Pimpri-Chinchwad, Maharashtra 411027",https://www.sueclasses.com/
COACH UP CLASSES,919922446468,Tuition,Pune,4.9,30,"3rd floor, Ganesh Krupa society, 383/B, Prabhune Rd, opp. SNDT school ground, Shaniwar Peth, Pune, Maharashtra 411030",
Aureon home tuition and Coaching Classes,919764076154,Tuition,Pune,4.8,6,"Sr No. 275, 275, Lane Number 6, near ANMOL RESIDENCY, Uttareshwar Nagar, Lohegaon, Pune, Maharashtra 411047",
Spruha's Academy (Tuition classes),919545138098,Tuition,Pune,5,12,"Sinhgad Rd, Hingne Khurd, Pune, Maharashtra 411051",https://spruhasacademy.my.canva.site/
RACHANA CLASSES,919822301600,Tuition,Pune,4.9,114,"Namdeo Racet Path, Niranjan Madhav Rd, Shaniwar Peth, Pune, Maharashtra 411030",
SMART Kidz Tuition Classes,918149981209,Tuition,Pune,5,3,"Flat no 1, Citadel Enclave society (Karan Khanna), E-2, Bhagwan Tatyasaheb Kawade Rd, Ganesh Nagar, Ghorpadi, Pune, Maharashtra 411036",
Greeks Classes (Science & Commerce Academy),918411844951,Tuition,Pune,4.6,178,"1st Floor, Bandal Prestige, opp. Siddhivinayak Mandir, near Sutar Hospital, Shree Colony, Azad Nagar, Kothrud, Pune, Maharashtra 411038",http://greeksclasses.com/
Ashoka Academy,919922109766,Tuition,Pune,4.3,165,"5, Salunke Vihar Rd, near Badhai Sweets, Kondhwa, Pune, Maharashtra 411048",http://aashokaacademy.in/
Terdale Classes,918788475723,Tuition,Pune,5,64,"3rd floor, Royal house building, Karve Rd, near sheetal hotel, karve putale, Mayur Colony, Kothrud, Pune, Maharashtra 411038",https://terdaleclasses.com/
Chaitanya Coaching Classes,919529163779,Tuition,Pune,4.9,7,"Chaitanya Chowk, Warje Malwadi Rd, near Universal Residency, Universal Residency, Malwade, Warje, Pune, Maharashtra 411058",
"French Tuition Classes ""Tune into French""",918800278282,Tuition,Pune,5,52,"Kumar Prospera, A-4, Magarpatta Rd, Hadapsar, Pune, Maharashtra 411028",
OMKAR MATHS ACADEMY,919850247576,Tuition,Pune,4.8,142,"Near, Nrusingh High School Rd, Shitole Nagar, Dhore Nagar, Old Sangvi, Pimpri-Chinchwad, Maharashtra 411027",
"Ideal Centre for Educare - Best Tuition and Education Coaching institute in Jayanagar, Bangalore",919740808712,Tuition,Bengaluru,4.9,320,"296, 2nd Floor, 10th A Main Road, 22nd Cross Rd, Jaya Nagar 1st Block, Jayanagar 3rd Block, Jayanagar, Bengaluru, Karnataka 560011",https://www.idealcentres.in/coaching-centre-jayanagar/
Hamsa Tutorials-best tuition center in mahalakshmi layout.PUC/PU/10th/11th/12th/NEET/CET/ICSE/CBSE/STATE/IB/CRASH COURSES,917204631401,Tuition,Bengaluru,5,41,"3rd floor, Ess Vee complex, 2, 10th A Main Rd, opposite to SG international school, Ganesha Block, Nandini Layout, Bengaluru, Karnataka 560096",http://www.hamsatutorials.in/
Grow with Excellence Tuition Center|| Best Home Tuitions Bangalore,919535087612,Tuition,Bengaluru,5,51,"08 Nobel Residency Road,1st main road, Begur Road,Dodakammanahalli Tejaswini Nagar,Chandrasekarapura, Akshaynagar,Yelenahalli, near Nandi Citadel, Chandrasekarapura, Apt, Akshayanagar, Bengaluru, Karnataka 560068",
Best IGCSE Tuition & IB Tuition In Bengaluru. Best A & AS Level Tuition & TOP IB DP1 & DP2 Tuition.,919042171729,Tuition,Bengaluru,4.9,46,"130, 16th Main Rd, 4th Block, Koramangala, Bengaluru, Karnataka 560034",https://thechennaituition.com/
Innovative Study Circle - Coaching Center,919886446215,Tuition,Bengaluru,4.8,246,"2nd Floor, 0025(old.1003, 59th C Cross Rd, near Lulu mall, above Ather showroom, 4th M Block, Gopalapura, Rajajinagar, Bengaluru, Karnataka 560023",http://www.isc.guru/
Bengaluru Study Center Tuitions,919845432137,Tuition,Bengaluru,4.9,123,"Shree Saacha Sumtinath Jain Shwetambar Murtipujak Temple, Lakshmi Rd, Bheemanna Garden, Lakshmiamma Garden, Shanti Nagar, Bengaluru, Karnataka 560027",https://banglore-study-center.launchmy.site/
DOLPHIN TUTORIALS,919206925526,Tuition,Bengaluru,4.8,265,"Near krishna cake palace, widia school bus stop, 8th Main,2 nd cross, Hesaraghatta mn rd, near SBI BANK, Bhuvaneshwari Nagar, T. Dasarahalli, Bengaluru, Karnataka 560057",https://www.dolphintutorials.com/
"GREEN BOARD EDUCATORS ( Best tuition center for CBSE / STATE for 9th std ,10th std and 1st & 2nd puc )",919738239311,Tuition,Bengaluru,5,121,"1st floor, Npc Complex, besides, Bata show room, above Amar Medicals, RRV Layout, BSV Reddy Layout, Ramamurthy Nagar, Bengaluru, Karnataka 560016",
Nalanda Tuition,919535148260,Tuition,Bengaluru,4.7,338,"No 7, 72, Nagarabhavi 2nd Stage, opposite unity lifeline hospital, 1st Block, 2nd Stage, Nagarbhavi, Bengaluru, Karnataka 560072",http://www.nalandainstitution.com/
Bangalore Home Tuition,919902801679,Tuition,Bengaluru,4.9,268,"Konena Agrahara, Bengaluru, Karnataka 560017",https://wa.me/919902801679
ARA'S COACHING CENTRE,918762038157,Tuition,Bengaluru,4.9,63,"31, 10th A Cross Rd, near Young Scholars Academy, Ward No 32, Kanaka Nagar, Hebbal, Bengaluru, Karnataka 560032",
Zen Tutors,919880723021,Tuition,Bengaluru,4.8,133,"Sri Sai Sadan, # 672, 1st Cross Ayyappa Temple Road Subbayanapalya, Dodda Banaswadi Main Rd, MS Nagar Post, Subramanyapalya, Banaswadi, Bengaluru, Karnataka 560033",
Vikas Tutorials,916363572152,Tuition,Bengaluru,4.8,247,"#166, 1st floor, 5th Main, Chamarajpet, Above Indian Bank, Near Makkala koota, Chamrajpet, Bengaluru, Karnataka 560018",http://www.vikastutorials.in/
Benaka Tutorials,919731868499,Tuition,Bengaluru,4.9,151,"725, 16th Main, 3rd Stage, I Block Grihalakshmi layout, near uphill park, Manjunath Nagar, WCRD, Bengaluru, Karnataka 560010",
"Indira's Coaching Centre : Coaching for 11th, 12th & Degree Students",919343344428,Tuition,Bengaluru,5,152,"CMR Layout, Lingarajapuram, Bengaluru, Karnataka 560084",
Prayatna Tuition & learning center Near me @Akshay Nagar,917204279330,Tuition,Bengaluru,4.9,63,"12 th A cross, Ovintoota road, 1st Block, Rajeshwari Layout, Akshaya Nagar, Ramamurthy Nagar, Bengaluru, Karnataka 560016",https://prayatnalearning.com/
Apex Tutorials,918022425853,Tuition,Bengaluru,4.5,122,"3rd Cross Rd, near Bull Temple, NR Colony, Basavanagudi, Bengaluru, Karnataka 560004",
"Vedantu Learning Centre, Bangalore,JP Nagar (VLC) - JEE / NEET / Foundation",917676777999,Tuition,Bengaluru,4.5,22,"3rd Floor, 822, 24th Main Rd, 2nd Phase, J. P. Nagar, Bengaluru, Karnataka 560078",https://www.vedantu.com/offline-centres/bangalore/jp-nagar?utm_source=organic&utm_medium=googlemybusiness&utm_campaign=offline
Atrian tuition centre,917624837888,Tuition,Bengaluru,4.9,8,"99, 6th Cross Rd, Vasanth Nagar, Bengaluru, Karnataka 560001",
Himalaya Tutorials - Tuition for 6th to 12th Class ( CBSE & ICSE ),919035454411,Tuition,Bengaluru,4.8,39,"No 44, above Apollo Pharmacy, Ramanshree Nagar, Ramanashree layout, Gottigere, Bengaluru, Karnataka 560076",https://himalayatutorials.com/
"ACADEMIC CENTRE FOR EXCELLENCE- Tuitions and Coaching for SSLC,CBSE,ICSE Board Examination: Maths and Science",918494818633,Tuition,Bengaluru,4.9,24,"NO. 155, NS HALLI, opposite SLV TEMPLE, Byrappa Layout, Nagashetty Halli, Sanjayanagara, Bengaluru, Karnataka 560094",
Sri Vidya Coaching Centre,918296284410,Tuition,Bengaluru,5,5,"55, Mysore Bank Colony, SBM Colony, Srinivasnagar, Banashankari, Bengaluru, Karnataka 560050",
Giraffe Learning - Vijayanagar Coaching Centre,919845545985,Tuition,Bengaluru,4.8,71,"13, Magadi Main Rd, beside Prasanna Theatre, Cholur Palya, Vijayanagar, Bengaluru, Karnataka 560023",https://www.giraffe-learning.com/
IQRA Tuition centre,919590368546,Tuition,Bengaluru,5,5,"next to masjid e swaleehen, JJ colony, RBI Extension, Jayanagar, Bengaluru, Karnataka 560011",
Vidya Vana Learning Centre,917022780260,Tuition,Bengaluru,4.9,32,"1414, 17th Main, 2nd Cross, 2, Marenahalli, 2nd Phase, J. P. Nagar, Bengaluru, Karnataka 560078",http://vvlc.in/
Concept Tutorials- Bengaluru,918880557029,Tuition,Bengaluru,5,19,"578, 1st-A Main Road, 1st Cross Rd, 1st Block, Dasarhalli, Banashankari 1st Stage, Banashankari, Bengaluru, Karnataka 560050",
NavYanshi Tuition Center,919992065107,Tuition,Bengaluru,5,10,"Farah Regency, 001, #43, Basappa Rd, Bheemanna Garden, Shanti Nagar, Bengaluru, Karnataka 560027",https://www.youtube.com/channel/UCbc-wyd0QRTuhivbdKuudLw
ADHYAYANA STUDY CENTRE,919916023722,Tuition,Bengaluru,4.9,81,"999,4th cross, 1st Main Rd, near Hosahalli Metro Station, opposite to Vasavi PU College, Hoshalli Extension, Stage 1, Vijayanagar, Bengaluru, Karnataka 560040",http://www.adhyayanaedu.com/
Tuitions/ Coaching for Accountancy for 11th 12th CBSE/ STATE Board and CA Foundation,919606197153,Tuition,Bengaluru,4.9,56,"828 8th Main, 2B Cross Rd, NGEF Layout, Sadanandanagar, Bennigana Halli, Bengaluru, Karnataka 560038",
"π-Classes ( Math/Stat Coaching Institute for CBSE/STATE/ICSE/IGCSE for 9th,10th,11th,12th std, I & II PUC, AS/A Level, KCET)",918310899049,Tuition,Bengaluru,4.9,29,"46 Bhavani Street, 9th Cross Rd, Kuvempu Nagar, Ramamurthy Nagar, Bengaluru, Karnataka 560016",
Kiran Tutorials (Coaching Center Bangalore),919886134686,Tuition,Bengaluru,4.6,46,"Kiran tutorials, 436/h, Hoshalli Extension, Stage 1, Vijayanagar, Bengaluru, Karnataka 560040",
A N ACADEMY,919606828936,Tuition,Bengaluru,5,86,"28/1, 2 nd main road Nagasandra circle, road, Thyagaraja Nagar, Basavanagudi, Bengaluru, Karnataka 560004",
SKP Tuitions,919480582259,Tuition,Bengaluru,4.9,183,"Sampige Main Rd, Sir MV Layout, Dhanalakshmi Layout, Virupakshapura, Bengaluru, Karnataka 560097",
NIYA Elite ACADEMY,919845257412,Tuition,Bengaluru,4.9,300,"8, Subramanya Pura Rd, Munireddy Layout, Chikkalasandra, Bengaluru, Karnataka 560061",http://www.icsetuition.in/
Bhat and Bhat Tutorials - Vignan Nagar (Kaggadasapura),918310615947,Tuition,Bengaluru,4.8,398,"158/2-3, First Floor, Sector C, Namjoshi Rd Vignan Nagar Main Road, Landmark:, opposite Udupi Satkar and Vinayaka Bharat Gas, Ramaiahreddy Colony, BTM Dollars Scheme, Basavanagara, Bengaluru, Karnataka 560037",https://www.bhatandbhat.in/
Sri Durgaparameshwari Home Tuition,919845003681,Tuition,Bengaluru,4.5,165,"91, Coconut Avenue Rd, Yalappa Garden, Malleshwaram, Bengaluru, Karnataka 560003",http://durgaparameshwarihometuition.com/
Online Tuition in Bangalore,917829585530,Tuition,Bengaluru,5,11,"35c,2nd floor,HN 35,Akshaya fasion,near brunda bekkery,Cloth Factory ,9th main Hongasandara, Garebhavipalya, Garvebhavi Palya, Bengaluru, Karnataka 560068",http://www.zclasses.co/
Success Academy Tuition Madiwala,919880566765,Tuition,Bengaluru,4.7,84,"Link Road, K S L Factory, 18, 4th Cross Rd, Old Madiwala, Madiwala, 1st Stage, BTM 1st Stage, Bengaluru, Karnataka 560068",
Mastermath - Class 10 Online Math Classes,919729040481,Tuition,Bengaluru,5,11,"69, 2nd main, Devasandra Main Rd, HRBR Layout 1st Block, 2nd Block, Ayyappa Nagar, Krishnarajapuram, Bengaluru, Karnataka 560036",https://mastermath.in/online-tutor-in-bangalore/
Join To Succeed (JTS),919845054581,Tuition,Bengaluru,4.9,210,"O Shaughnessy Rd, Langford Gardens, Bengaluru, Karnataka 560025",
BRILLIANT ACADEMY,919008379064,Tuition,Bengaluru,4.6,42,"13, Chunchaghatta Main Rd, Srinidhi Layout, 8th Phase, Konanakunte, Bengaluru, Karnataka 560062",https://www.coachingcentrebangalore.site/
NIYA ICSE ACADEMY,919036400477,Tuition,Bengaluru,4.9,330,"633, OUTER RING ROAD, CROSS, 2nd Phase, 6th Block, Banashankari 3rd Stage, Hosakerehalli, Bengaluru, Karnataka 560085",https://icsetuition.in/
ENGINEERING TUTION Bengaluru,918220920027,Tuition,Bengaluru,4.9,11,"Jarganahalli, JP Nagar Phase 6, J. P. Nagar, Bengaluru, Karnataka 560078",
"KUMAR CLASSES ,YELAHANKA TUITION,COACHING",919343383237,Tuition,Bengaluru,4.5,120,"2nd Floor, Y G Murthy Complex Major Akshay Girish Kumar Road, Doddaballapura Main Rd, above Udipi Veg Restaurant, RWF West Colony, Yelahanka New Town, Bengaluru, Karnataka 560064",http://www.kumarclasses.com/
A.K Home tuition Classes,917424960926,Tuition,Bengaluru,4.9,20,"898, 3rd Cross Rd, Ashok Nagar, Banashankari 1st Stage, Banashankari, Bengaluru, Karnataka 560050",
Acadethics Home Tuition,919140489564,Tuition,Bengaluru,5,51,"16, 4th Floor , Mahalaxmipura Park, Above Karnataka Bank, Mahalakshmipuram Layout, Mahalaxmi Layout, Mahalakshmi Layout, Bengaluru, Karnataka 560086",http://www.acadethics.in/
Home Tutors In Bangalore,918576952503,Tuition,Bengaluru,4.8,26,"No 73, 1, Varthur Main Rd, Kumarapalli, Thubarahalli, Kumarapalli, POST, Whitefield, Bengaluru, Karnataka 560066",https://bangaloretutor.in/
HOME TUITIONS (BENGALURU),918460228584,Tuition,Bengaluru,4.7,18,"WJ22+9FP, Bannerghatta Rd, Ranka Colony, Bilekahalli, Bengaluru, Karnataka 560076",https://www.brighthometutorsite.com/
Home Shiksha,919133201333,Tuition,Bengaluru,4.6,294,"14, 1st Main Rd, Talacauvery Housing Society Layout, L. N. Reddy Colony, Basavanagara, Bengaluru, Karnataka 560037",https://www.homeshiksha.com/
"Shadow Teacher & Home Tutor, We Serve All Urban Bangalore",919066601979,Tuition,Bengaluru,4.9,88,"#33/7, Pipeline Rd, L N Colony, Yeswanthpur, Bengaluru, Karnataka 560022",https://localtutor.in/
Shiksha Mitra - Home Tuition In Bangalore -Best Home Tuition & Home Tutors In Bangalore,919620940785,Tuition,Bengaluru,3.8,4,"37, 38, 4th Main Rd, Near Big Bazaar, Kothnur, Santhrupthi Nagar, JP Nagar 7th Phase, J. P. Nagar, Bengaluru, Karnataka 560078",https://www.shikshamitra.in/
Home Tutions Bangalore Inc,916362555384,Tuition,Bengaluru,4.9,43,"#98 sadhashiva temple road 8 th cross RS palya Bangalore 560033 Land mark::, beside sadhashiva temple, Ramaswamipalya, Lingarajapuram, Bengaluru, Karnataka 560033",
Home Tuition ICSE,918088232238,Tuition,Bengaluru,5,5,"18/2, 11th Cross Rd, Swimming Pool Extension, HN Layout, Malleshwaram, Bengaluru, Karnataka 560003",
Home Tuition Bengaluru,919620940864,Tuition,Bengaluru,5,8,"#9 , 1st Main , Vinayaka Nagar, Aayee Matha Temple Rd, Behind Vishal Mega Mart, Vinayaka Nagar, Muneswara Nagar, 7th Sector, HSR Layout, Bengaluru, Karnataka 560068",http://www.shikshamitra.in/
Home Tuition,917795474192,Tuition,Bengaluru,4.8,16,"2334, 4th Cross Rd, near Shri Chamundeshwari Flour Mill, Kanaka Nagar, RT Nagar, Bengaluru, Karnataka 560045",
Sanskrit & Kannada online and home tuition,919480450927,Tuition,Bengaluru,5,25,"Amrutahalli, Challaghatta, Bengaluru, Karnataka 560071",
Manohar home tuition,919964195406,Tuition,Bengaluru,5,62,"6, 9th Main Rd, Puttappa Colony, HAL 3rd Stage, Bhoomi Reddy Colony, New Thippasandra, Bengaluru, Karnataka 560075",
"HRBR Home Tuition (Neha) Hindi, Math's All subjects { 1 to 12 }",919565777956,Tuition,Bengaluru,4.8,6,"727, 7th B Main Rd, HRBR Layout 1st Block, Subbaiahnapalya, Kalyan Nagar, Bengaluru, Karnataka 560043",
Tuition Classes by Alice Sharma | CBSE and ICSE,918979702155,Tuition,Bengaluru,5,42,"827, 16th A Main Rd, Sector 3, HSR Layout, Bengaluru, Karnataka 560102",
Foundation Plus Classes - Tuition Lakkasandra,919632231557,Tuition,Bengaluru,5,19,"28, 2nd Main Road, Lalji Layout, Lakkasandra, Laljinagar, Wilson Garden, Bengaluru, Karnataka 560030",
After School Tuition Classes,919306695972,Tuition,Bengaluru,5,38,"HNo. 75, Ground Floor, 4th Cross, 1st Main Rd, Supreme Residency Layout, Kodichikknahalli, Seenappa Layout, Bommanahalli, Bengaluru, Karnataka 560076",
Educom Tuition Classes,919900545391,Tuition,Bengaluru,4.8,30,"Flat no. 101, 102, Nanjundeshwara Nilaya, Plot no. 2/11, Nanjappa Rd, Sector 2, Bheemanna Garden, Lakshmiamma Garden, Shanti Nagar, Bengaluru, Karnataka 560027",http://educomtuition.com/
Mentorclap Education,919449938466,Tuition,Bengaluru,5,80,"5th Cross Rd, BHEL Officers Layout, Najayappa Layout, SR Krishnappa Garden, Jayanagar, Bengaluru, Karnataka 560041",http://mentorclap.com/
Yashu's Magic world Home Tuition,918050557500,Tuition,Bengaluru,4.9,12,"No 32, groundfloor, 10th Cross St, 3rd Block, Thyagaraja Nagar, Basavanagudi, Bengaluru, Karnataka 560070",https://www.instagram.com/yashu.magicworld_hometuition?igsh=bnAxejFjeGV5OTV1
Agarwal Tuition Classes,917023971699,Tuition,Jaipur,5,256,"New Sanganer Rd, Shiva Colony, Goverdhan Colony, Jaipur, Rajasthan 302019",https://studentpatrika.com/
Param the Tuition Centre/Classes,919314498169,Tuition,Jaipur,5,81,"113/360, Thadi Market, Agarwal Farm, Jhalana Chhod, Mansarovar, Jaipur, Rajasthan 302020",https://param-the-tuition.grexa.site/
"s4 Tuition Center, Jagatpura (Jaipur)",919636029548,Tuition,Jaipur,5,67,"Near Golden Domes & Maurya Coaching, 19, Jagat Vihar, Jagatpura, Jaipur, Rajasthan 302017",
"Gautam Tuition Classes – Class 5th, 6th, 7th, 8th, 9th, 10th Coaching | Maths, Science, SST– Vidyadhar Nagar, Jaipur",918209006298,Tuition,Jaipur,5,147,"A-67, behind Shree Jageshwar Mahadev Mandir, near Biyani College, L S Nagar, Ambabari, Naya Khera, Vidyadhar Nagar, Jaipur, Rajasthan 302039",https://www.globalitapp.com/gautam-tuition-classes/
Drishti Home Tuition - Get Best Nearby Tutors In Jaipur,918306347827,Tuition,Jaipur,4.8,30,"95, Sunny Nagar, Sanganer, Sector 11, Pratap Nagar, Jaipur, Rajasthan 302033",http://drishtihometuition.com/
Aritra Tutorials - Tuition classes/ Coaching classes for CBSE 10th & CBSE 9th Maths & Science in Jaipur,919829852667,Tuition,Jaipur,4.9,217,"115-A, Kalyan Path, Kasturba Nagar, Nirman Nagar, Brijlalpura, Jaipur, Rajasthan 302019",http://www.aritratutorials.com/
RM Coaching and Tuition Classes Jaipur,916378528568,Tuition,Jaipur,4.9,231,"Jeevan Vihar, Plot No.123, Gajsinghpur, Jaipur, Rajasthan 302021",
Prime tutor(home tuition),917073498976,Tuition,Jaipur,4.9,43,"Gokhale Marg, Ward 27, Sector 9, Mansarovar, Jaipur, Rajasthan 302020",https://www.tutionjaipur.com/
Khandelwal tuition Centre,917976659453,Tuition,Jaipur,4.8,12,"52 A/a, Vikas Nagar B, Vaishali Nagar, Jaipur, Rajasthan 302021",
"MB Academy - Best CBSE Coaching in Masarovar Jaipur for Classes 6th-8th, 9th,10th,11th &12th",916375831296,Tuition,Jaipur,4.8,132,"35/96, Rajat Path, Shipra Path, Mansarovar Sector 3, Mansarovar, Jaipur, Rajasthan 302020",https://mbacademy.in/
Tuition Point,919799490671,Tuition,Jaipur,4.9,154,"104 vikas nagar, road, near Red Rose school, Dhawas, Heerapura, Vaishali Nagar, Jaipur, Rajasthan 302021",
Leo Home Tuitions-Best Tutor-Home tuitions in jaipur,919314504355,Tuition,Jaipur,4.7,88,"367 bhag singh, Chowk, Adarsh Nagar Rd, Gurunanak Pura, Bees Dukan, Adarsh Nagar, Jaipur, Rajasthan 302004",https://www.tutionjaipur.com/
Chauhan Tuition Classes,919785017442,Tuition,Jaipur,5,68,"E9, 571, Janak Marg, Sector -9, Chitrakoot, Jaipur, Rajasthan 302021",https://youtube.com/@chauhantuitionclasses-by6bi?si=TGM3iyBL0P48W_r-
SMART TUITION,919785855002,Tuition,Jaipur,4.8,84,"plot no.15, near Kalyan public school, Pushpanjali Colony, Ganga Vihar Colony, Mahesh Nagar, Gopal Pura Mode, Jaipur, Rajasthan 302015",
Dubey Home Tuition,917877364046,Tuition,Jaipur,5,19,"Vibrant IAS, Ridhi Sidhi Jaipur, Keshav Vihar, Gopal Pura Mode, Jaipur, Rajasthan 302020",https://whatsapp.com/channel/0029Vb6iVBW5Ui2NtikpzX3X
The knowledge Ark Home Tuition Jaipur,918949013176,Tuition,Jaipur,4.9,146,"PLOT NO 12, Nirankari Colony, Gokulpura, Jaipur, Rajasthan 302012",https://arkhometuition.com/
Gupta Education Centre,918561867590,Tuition,Jaipur,4.2,10,"Plot no. 122A, Roop Nagar Rd, near mahesh nagar phatak, second, Gopal Pura Mode, Jaipur, Rajasthan 302015",
Guru Gyan Home Tuition,917014834390,Tuition,Jaipur,4.8,330,"Shop 22, 1st Floor, Gajanand market, Sanganer Goshala, Sheopur Rd, near pinjarapole, Sanganer, Pratap Nagar, Jaipur, Rajasthan 302029",http://gurugyanhometuition.com/
Advance Coaching Classes Jaipur,917014288120,Tuition,Jaipur,4.8,77,"C-67, near Kabra Eye Hospital, Jamuna Nagar, Sodala, Jaipur, Rajasthan 302006",
Jaipur Home tuitions,919414344479,Tuition,Jaipur,5,30,"67-C Hastinapur, Gandhi Path Rd, Maa Hingloj Nagar, Gulab Vihar B, Panchyawala, Jaipur, Rajasthan 302034",http://jaipurhometuitions.com/
Jain Tuition Classes,918005670342,Tuition,Jaipur,5,3,"A-25-B, Satya Vihar, Indra Puri, Vidhayak Nagar, Lalkothi, Jaipur, Rajasthan 302015",
Tution Jaipur,919509399521,Tuition,Jaipur,5,5,"A27, Hastinapur Colony, Ganga Sagar A, Panchyawala, Jaipur, Rajasthan 302034",https://tutionjaipur.com/
Star Coaching Classes,918824389385,Tuition,Jaipur,5,37,"Govind Bazar, B-3, near Rojgareshwer mahadev mandir, Radha Vihar, Hasanpura, Jaipur, Rajasthan 302006",
THE UNIQUE ACADEMY,918741021207,Tuition,Jaipur,4.9,75,"C-14B, 80 Feet Rd, in front of uco bank, Krishna Nagar-B, Mahesh Nagar, Gopal Pura Mode, Jaipur, Rajasthan 302015",
JAIPUR EDUCATION PLUS//EduExperts,919929544574,Tuition,Jaipur,4.8,100,"9/216, Chitrakoot Marg, Akruti Apartments, Chitrakoot, Jaipur, Rajasthan 302021",http://www.jaipureducationplus.com/
Elite,919414063576,Tuition,Jaipur,4.8,34,"5 Ga 19, near St.Edmund's School, Sector 5, Jawahar Nagar, Jaipur, Rajasthan 302004",
The Tuition Center,919257884334,Tuition,Jaipur,4.8,16,"B - 34, Sangh Shakti Rd, Hanuman Nagar Extension, Amar Nagar, Khatipura, Jaipur, Rajasthan 302012",
Rely Home Tuition,917232092638,Tuition,Jaipur,4.4,51,"2nd Floor, Shifa Building, Mirza Ismail Rd, opp. Raymond Showroom, Sangram Colony, Ashok Nagar, Jaipur, Rajasthan 302001",http://www.relyhometuition.com/
Walia tution centre,919875239081,Tuition,Jaipur,4.8,27,"NS-1, Pragati Path, near Super Store & Shiv Mandir, Ipsa, Bajaj Nagar, Jaipur, Rajasthan 302015",
Shri Ram Tuition Centre,919079866590,Tuition,Jaipur,5,13,"Near divya public school laxmi narayan puri, Surajpol, gate, Jaipur, Rajasthan 302003",
"Tara Ma'am Classes/Tuition in Vaishali Nagar, Class- 9th and 10th",919829099559,Tuition,Jaipur,5,83,"First Floor, F-169, near Tata Capital Office, Vaishali Nagar, Jaipur, Rajasthan 302021",
"SHAGAR CLASSES (Best Coaching for 8th, 9th & 10th in Malviya Nagar)",919509066834,Tuition,Jaipur,4.9,126,"D-450, near Gyan Vihar School, D-Block, Malviya Nagar, Jaipur, Rajasthan 302017",
Orion tuition classes,919950670523,Tuition,Jaipur,4.9,106,"111, 222, Vijay Path, near Thadi market, Jhalana Chhod, Mansarovar, Jaipur, Rajasthan 302020",https://rj.homestuition.in/
MT Classes and Home Tuitions,919887019419,Tuition,Jaipur,5,24,"Plot no. 10, Ganesh Colony Rd, Chinkara Colony, Parivahan Nagar, Khatipura, Jaipur, Rajasthan 302012",https://rj.homestuition.in/
Edughar Tuition Classes,919587256187,Tuition,Jaipur,5,6,"61, Uttam Nagar, Kardhani Govindpura, Govindpura, Jaipur, Rajasthan 302012",
Hada maths classes/Maths home tutor,919782213806,Tuition,Jaipur,5,56,"Surendra Singh Hada, Maa vaishno nagar, b22, Gandhi Path Rd, near kusum school, Maa Hinglaj Nagar, Lalarpura, Jaipur, Rajasthan 302021",https://www.tutionjaipur.com/
Pt Home Tuitions,919784015425,Tuition,Jaipur,4.5,62,"Vaishali Nagar, B 1/95, Chitrakoot, Jaipur, Rajasthan 302021",https://www.pthometuitions.com/home-tuition-in-vaishali-nagar-jaipur.php
Agarwal Classes,919460366303,Tuition,Jaipur,4.9,154,"266/10, Sector-3, Vidyadhar Nagar, Jaipur, Rajasthan 302039",
Upadhyay academy,918905569971,Tuition,Jaipur,5,3,"79, Krishnam Residency, Tejaji nagar, Chhayadip Nagar, Mahesh Nagar, Gopal Pura Mode, Jaipur, Rajasthan 302015",
Unique Education tuition classes,917014764649,Tuition,Jaipur,4.9,37,"679, gokuldham apartment, Sunder Nagar, Rani Sati Nagar, Nirman Nagar, Brijlalpura, Jaipur, Rajasthan 302034",
Jaipur Maths Academy – Maths Tuition in Jaipur,918209902686,Tuition,Jaipur,5,6,"Plot no. 11, near SFS Chauraha, opposite chief minister office, GP Colony, Sumer Nagar, Mansarovar, Jaipur, Rajasthan 302020",https://jaipurmathsacademy.com/
NK Home Tuitions,919950780089,Tuition,Jaipur,5,74,"2/382, Sector 2 Rd, near Fun Cinema, Sector 2, Central Spine, Vidyadhar Nagar, Jaipur, Rajasthan 302039",http://www.nkhometuitions.com/
Reena Rawal classes For Science & Maths.,919829658922,Tuition,Jaipur,4.9,118,"C, 128A, Kings Rd, Nirman Nagar, Jaipur, Rajasthan 302006",https://www.facebook.com/Reena-Negi-Classes-494680051006071/
The Commerce Academy,918504901117,Tuition,Jaipur,5,126,"S1, Anand Puri, Bees Dukan, Adarsh Nagar, Jaipur, Rajasthan 302004",https://thecommerceacademy.in/
Rao Sir's Maths Tuition,919829821302,Tuition,Jaipur,4.9,68,"Flat No101, Udhay, Apartments D, 181, Bhrigu Marg, Kanti Nagar, Sindhi Camp, Jaipur, Rajasthan 302006",
Sharma Commerce Classes,919829361842,Tuition,Jaipur,4.9,305,"175, Doctors Colony Rd, Heera Nagar Extension, NEAR SHANI MANDIR, Doctors Colony, Chitrakoot, Jaipur, Rajasthan 302021",
FLY TUITION AND FOUNDATION CLASSES,919782184948,Tuition,Jaipur,4.9,55,"near KV, 2, Khatipura Rd, Om Shiv Colony, Jhotwara, Jaipur, Rajasthan 302012",
Nidhi Home Tuitions -Home Tuition in Jaipur,918094384748,Tuition,Jaipur,4.9,35,"176/CH-1/3, Sector 17, Pratap Nagar, Jaipur, Rajasthan 302033",https://rj.homestuition.in/
EduGhar Hometuitions,918764488034,Tuition,Jaipur,5,97,"59, Kalwar Rd, behind Kardhani Power House, Uttam Nagar, Govindpura, Jaipur, Rajasthan 302044",http://www.edugharhometuitions.com/
Shri Home tution [ All classes].,918560032600,Tuition,Jaipur,5,60,"Jagatpura Rd, Shiv Shakti Nagar, Model Town, Jagatpura, Jaipur, Rajasthan 302017",
Jaipur Home Tuition,919982699530,Tuition,Jaipur,5,6,"h75, Balaji Vihar, Jaipur, Rajasthan 302012",https://jaipurhometuition.in/
TUTORTIDE HOME TUITION JAIPUR,918503874218,Tuition,Jaipur,5,39,"Kalyanpura, 44, New Sanganer Rd, Shree Ram Vihar Colony, RIICO Industrial Area, Mansarovar, Jaipur, Rajasthan 302029",https://tutortidehometuition.com/
Outcome Home Tuition,919461232436,Tuition,Jaipur,5,30,"122, Gokulpura - Kalwar Rd, Tilak Vihar, Jhotwara, Jaipur, Rajasthan 302012",https://www.tutionjaipur.com/
Agarwal Home Tuitions,919414052587,Tuition,Jaipur,4.4,19,"9, Arjun Nagar Phatak Road, Arjun Nagar South, Ashok Vihar, Gopal Pura Mode, Jaipur, Rajasthan 302015",
Expert Home Tuition,917014456802,Tuition,Jaipur,5,46,"33/182, Sanganer, Sector 3, Pratap Nagar, Jaipur, Rajasthan 302033",https://rj.homestuition.in/
Wisdom home tuition,919001041787,Tuition,Jaipur,5,14,"Varun Path, Mansarovar Sector 3, Mansarovar, Jaipur, Rajasthan 302020",https://rj.homestuition.in/
JAIPUR HOME TUTORS,918233949410,Tuition,Jaipur,4.8,32,"163, Mahaveer Nagar 2, Maharani Farm, Gayatri Nagar B, Durgapura, Jaipur, Rajasthan 302018",https://rj.homestuition.in/
"Bluesky Home tuition IB, CBSE, and ICSE tuition in jaipur",919799309000,Tuition,Jaipur,4.8,49,"Kundan Nagar, Sitabari, Sanganer, Jaipur, Rajasthan 302029",
Happy Steps Home Tuition,919426564519,Tuition,Jaipur,5,8,"Mansarover, Mohan Nagar, Shipra Path, Mansarovar Sector 7, Shipra Path, Barh Devariya, Mansarovar, Jaipur, Rajasthan 302020",
AVP BEST HOME TUITION AND TUTOR IN JAIPUR,917733981011,Tuition,Jaipur,4.7,57,"27, Ashok Vihar, Gopal Pura Mode, Jaipur, Rajasthan 302015",https://www.tutionjaipur.com/
High Score Home Tuition,918949105630,Tuition,Jaipur,4.7,25,"A-24, Tonk Road, Kalyan Nagar 6, Sitabari, Jaipur, Rajasthan 302029",https://high-score-home-tuition.grexa.site/
Lavish Home Tuitions - best home tutor in jaipur rajasthan,918560822025,Tuition,Jaipur,4.4,17,"Vaishali Nagar, Jaipur, Rajasthan 302021",https://rj.homestuition.in/
MITTAL HOME TUITION,919352044455,Tuition,Jaipur,4.6,91,"E- 381, Bank Colony, Murlipura Scheme, Murlipura, Jaipur, Rajasthan 302039",https://rj.homestuition.in/
THE CONCEPT BY EXPERTS- (COACHING CENTRE & HOME TUITION),919352899990,Tuition,Jaipur,5,4,"Ground Floor, 636, Vaishali Marg, Block E, Vaishali Nagar, Jaipur, Rajasthan 302019",https://rj.homestuition.in/
OTOO Home Tuitions,918107008788,Tuition,Jaipur,4.3,300,"S-4 Sector 5 Near Mahindra Showroom, Tonk Rd, behind Canara Bank, Pratap Nagar, Sanganer, Sector 5, Pratap Nagar, Jaipur, Rajasthan 302033",https://www.otootuitions.com/
Mittal Home Tuition,919694178251,Tuition,Jaipur,5,3,"near Yulia, Mahaveer Nagar, Durgapura, Jaipur, Rajasthan 302018",http://www.mrtutorindia.com/
Tuition Classes 1 to 8 | Online & Offline Tuitions | Brightteaching,918829057997,Tuition,Jaipur,4.9,9,"3/409, Chitrakoot Yojana, near Shalby Hospital, F Block, Vaishali Nagar, Jaipur, Rajasthan 302021",https://www.tutionjaipur.com/
Kalp Home Tutor,919521705072,Tuition,Jaipur,5,35,"Shri Kalyan Nagar, Mahesh Nagar, Barkat Nagar, Tonk Phatak, Jaipur, Rajasthan 302015",
Skill Home tuition. Best home tuition,919116689223,Tuition,Jaipur,4.9,15,"ward no. 1, arawali vihar, c-252, Macheda, Murlipura, Jaipur, Rajasthan 302039",https://rj.homestuition.in/
Instant Home Tutor,918619600632,Tuition,Jaipur,4.9,20,"H-NO. C-60 shisha Vehar A, Block, Chak Bhairo Karol, Jagatpura, Jaipur, Rajasthan 302017",https://play.google.com/store/apps/details?id=com.insta.hometutor&hl=en-IN
Home Tuition Classes,918955898299,Tuition,Jaipur,5,7,"7 purohit ji ka bas, Yamuna Path, near Laxmi dharm kanta, Purohit Ka Bass, Geejgarh Vihar Colony, Bais Godam, Jaipur, Rajasthan 302006",https://rj.homestuition.in/
"Neha Tuition Classes ( Playgroup, Nursery, LKG, UKG, 1st, to 5th Coaching Tuition Classes in Malviya Nagar, Jaipur )",917240639346,Tuition,Jaipur,5,9,"1/861 Sec 1, Malviya Nagar, Sindhi Colony, Sector 1, Malviya Nagar, Jaipur, Rajasthan 302017",https://www.instagram.com/neha.coachingclasses
"Vaishnavi classes - Best SSC coaching in Patna, specially for SSC (CGL, CHSL , CPO , LDC , MTS) bank (p.o.& clerk) & rail",919142277496,SSC/Bank/Rail,Patna,4.8,356,"K 613, Chowk, Malahi Pakri, Kankarbagh, Bankman Colony, Patna, Bihar 800020",http://vaishnaviclasses.com/
Professional Academy -Best CAT CUET & CLAT Coaching in Patna | Best SSC & Bank Coaching in Patna,919304815212,SSC/Bank/Rail,Patna,4.4,198,"3rd Floor, Dheeraj Complex, Boring Rd, opposite Taswa and Vedantu, Sri Krishna Puri, Patna, Bihar 800001",http://www.professionalacademy.co.in/
"Prayas Classes – SSC, Banking & Railway Coaching in Patna",919973595162,SSC/Bank/Rail,Patna,5,16,"Sahdeo Mahto Marg, Jagdamba Tower, Boring Rd, Sri Krishna Puri, Patna, Bihar 800001",http://www.prayasclasses.co.in/
Chronicle Academy || Best Coaching for UPSC / BPSC in patna,919334102329,SSC/Bank/Rail,Patna,4.8,282,"2nd Floor, Sumati Place, Boring Rd, Nageshwar Colony, Kidwaipuri, Patna, Bihar 800001",http://chronicleacademy.co.in/
Career Classes by Panna Lal Sir - Best bank and ssc coaching in boring road | Best railway coaching in boring road,919835676016,SSC/Bank/Rail,Patna,4.9,295,"Ground Floor, Jagdamba Tower, Sahdeo Mahto Marg, Boring Rd, Sri Krishna Puri, Patna, Bihar 800001",https://careerclassespatna.in/
Climax Institute,919431432606,SSC/Bank/Rail,Patna,4.4,143,"SK-9, 90 Feet Road, Doctor's Colony, Chowk, Malahi Pakri, Kankarbagh, Bankman Colony, Patna, Bihar 800020",http://climaxinstitute.in/
The Masters Academy,918603333088,SSC/Bank/Rail,Patna,4.9,47,"Savitri Complex, Boring Rd, near SK Puri Check Post, above Bank of Maharashtra, Sri Krishna Puri, Patna, Bihar 800001",
Inspiring CLUB,917909020547,SSC/Bank/Rail,Patna,5,228,"Honey Dew Point School Campus, RK Ave, in front of Durga Mandir, Dariyapur, Dujra Diara, Patna, Bihar 800003",
BSC Coaching- Best Bank SSC Railway Coaching in Patna Bailey Road,919798422296,SSC/Bank/Rail,Patna,4.8,352,"Ambedkar Path, opp. Ara Garden, Jagdeo Path, Rukanpura, Patna, Bihar 800014",https://www.bscacademypatna.com/
Paramount Coaching Centre,917033097666,SSC/Bank/Rail,Patna,3.8,246,"Infront of Jamuna Market, Besides, Ramna Rd, Naya Tola, Bhikhana Pahari, Patna, Bihar 800016",https://paramountpatna.com/
YUKTI EDUCATION BEST COACHING FOR BANK/SSC RAILWAY,917635056744,SSC/Bank/Rail,Patna,5,21,"2nd Floor, Chronicle Academy || Best Coaching for UPSC / BPSC in patna, Boring Rd, opposite Alankar Place, Nageshwar Colony, Kidwaipuri, Patna, Bihar 800001",
TCH EDUSERV,919835813365,SSC/Bank/Rail,Patna,4.9,287,"2nd floor, Kanti Factory Rd, opposite V MART, New Colony, Kankarbagh, Chitragupta Nagar, Patna, Bihar 800020",http://tcheduserv.com/
"Career Classes - Best SSC and Bank Coaching in Boring Road, Patna l Best Railway, Bihar Police Coaching in Boring Road, Patna",919608115151,SSC/Bank/Rail,Patna,4.5,239,"2nd floor, Tapasya Comlex, NearJamuna Apartment, Boring Rd, Sri Krishna Puri, Patna, Bihar 800001",https://www.careerclassespatna.com/
Career Planner,917739921725,SSC/Bank/Rail,Patna,4.4,350,"Arya Kumar Rd, beside Axis Bank, Rajendra Nagar, Patna, Bihar 800016",https://careerplannerindia.com/career-planner-rajendra-nagar-patna/
SAI CIVIL SERVICES PATNA,917549360801,SSC/Bank/Rail,Patna,4.8,215,"Sai Civil Services, Commando, Security Building, near Shivajipark, Kankarbagh, Lohia Nagar, Patna, Bihar 800020",http://www.saicivilservicespatna.com/
"Success Mission CET, BANK, SSC, CTET Coaching, BPSC Teacher Coaching, BPSC Teacher Classes",919905350033,SSC/Bank/Rail,Patna,4.9,38,"House no- 123E, Hajari Singh Lane, Boring Rd, in front of Krishna Apartment, Sri Krishna Puri, Patna, Bihar 800001",
SBM,919608586341,SSC/Bank/Rail,Patna,4.6,132,"SBM Campus, Maa Complex, Ashiana - Digha Rd, opp. Passport Office, Jyotipuram Colony, Khajpura, Patna, Bihar 800014",
Raj Rajesh Institute,919472040533,SSC/Bank/Rail,Patna,4.4,107,"SECTOR - D, HOUSE NO.- 10, FRIEND'S CO-OPERATIVE COLONY, BEHIND SAI NETRALAYA, KANKARBAGH, PATNA-20 SHIVAJI PARK KE MAIN GATE KE SAMNE WALI GALI, 20, Kankarbagh, Lohia Nagar, Patna, Bihar 800020",http://www.rajrajeshinstitute.com
Shaping Future,919304519935,SSC/Bank/Rail,Patna,4.9,254,"C-30, Behind College of Commerce, Arts and Science, Patkar Nagar, Kankarbagh, Patna, Bihar 800020",
Mahendra Educational Private Limited (Patna Branch),916389302432,SSC/Bank/Rail,Patna,4.8,103,"Gandhi Chowk, in front of Vishal Apartment, Mahendru, Koiritola, Patna, Bihar 800006",https://branch.mahendras.org/patna-37955/home?utm_source=GBP
"ENGINEER'S GURUKUL |Best Coaching for SSC JE, RRB JE, STATE AE/JE",919279427723,SSC/Bank/Rail,Patna,4.9,298,"Kathpul gali, Kangkar Bagh Road, opposite chandan hero, Kankarbagh Colony More, Ghrounda, Patna, Bihar 800020",http://engineersgurukul.tech/
Adhyayan Peeth (Aakash Academy),919113373107,SSC/Bank/Rail,Patna,4.9,261,"Aakaswani Road, Pillar no - 28, Bailey Rd, Ashokpuri, Khajpura, Patna, Bihar 800014",https://sites.google.com/view/adhyayanpeeth/home
PRAYASH CAREER INSTITUTE,916200904202,SSC/Bank/Rail,Patna,4.9,42,"infront of raunak's, Ramlakhan sumitra apt, Gandhi Path, near sadhana sweets, New Jakkanpur, Mithapur, Patna, Bihar 800001",
Master Learners,919599001290,SSC/Bank/Rail,Patna,5,27,"K S S Tower, Kangkar Bagh Road, Kankarbagh Colony More, Ghrounda, Patna, Bihar 800001",https://masterlearners.in/centre/patna
Centre Of Education,917677119853,SSC/Bank/Rail,Patna,4.9,271,"1st floor, ke samne, D-1, Shivaji Park Gate Rd, Kankarbagh Colony, Lohia Nagar, Patna, Bihar 800020",http://www.centreofeducation.com/
ENHANCEMENT STUDY CIRCLE - PATNA For Best Banking SSC State Exam Railway Teaching CAT CLAT IPMAT and CUET,919304543909,SSC/Bank/Rail,Patna,5,72,"Shivpuri flyover, Balaji Market, Road no- 1A, Patna-800001, Shivpuri, Rajbansi Nagar, Patna, Bihar 801103",https://www.facebook.com/profile.php?id=100057621602041
Yatharth Classes,919102777498,SSC/Bank/Rail,Patna,4.9,116,"Rd Number 13, Rajeev Nagar, Patna, Bihar 800024",
Sandhaan Classes,919334288235,SSC/Bank/Rail,Patna,4.4,252,"Ground & 1st Floor, Veena Niwas, Dadiji Lane, Boring Rd, Anandpuri, Patna, Bihar 800001",
AIEFA | Best Coaching for GATE SSC-JE & BPSC,918252003344,SSC/Bank/Rail,Patna,4.7,143,"PRAMILA MANSON, OPPOSITE OF CHANDAN HERO SHOWROOM KATH PUL GALI, Kangkar Bagh Road, Kankarbagh Colony More, Ghrounda, Patna, Bihar 800001",http://www.aiefa.org/
R R Campus,918002169064,SSC/Bank/Rail,Patna,4.5,156,"R R Campus, 3rd Floor, Nawal Arcade, Boring Rd, near Cimage Institute, Sri Krishna Puri, Patna, Bihar 800001",http://rrcampus.com/
"Career Launcher Patna - Best CLAT, IPMAT and CAT Coaching in Dakbungalow",918603231770,SSC/Bank/Rail,Patna,4.5,329,"3rd Floor, 305, Dumraon Palace, Fraser Rd, Dak Bunglow, Lodipur, Patna, Bihar 800001",https://www.careerlauncher.com/patna/spvermaroad
Success Coaching Centre,917903831928,SSC/Bank/Rail,Patna,4.7,74,"Abhimanyu, near Sakuntala Market, near baba Chowk, Bank Colony, Keshri Nagar, Patna, Bihar 800024",
TCH Eduserv,919234552608,SSC/Bank/Rail,Patna,4.8,54,"Ground Floor, TCH Campus, Near Indian Bank, santushti Lane, J478+2P7, Boring Rd, Sri Krishna Puri, Patna, Bihar 800001",https://tcheduserv.com/
BSC Coaching,919798422294,SSC/Bank/Rail,Patna,4.4,191,"Saket Vihar More, New Paharpur, Anisabad, Patna, Bihar 800002",https://www.bsccoaching.com/
MSJD EDUCATIONAL INSTITUTE - Best BPSC Coaching in Patna,917858048007,SSC/Bank/Rail,Patna,5,16,"25, Rainbow Street, Vivekananda marg, Boring Rd, opp. A N College, behind Axis Bank, Anandpuri, Patna, Bihar 800013",https://msjdeducationalinstitute.com/
"""Final Touch Academy"" coaching, Musallahpur Hatt patna 800006 bihar",919999694651,SSC/Bank/Rail,Patna,4.7,105,"Musallahpur Hat, Muhammadpur, Patna, Bihar 800006",https://www.youtube.com/@finaltouchacademypatna5197/featured
Career Wings,919471050789,SSC/Bank/Rail,Patna,4.8,293,"M2/28, Bharti House, S.K. (Opp. Krishna Aptt/children's Park, Boring Rd, Sri Krishna Puri, Patna, Bihar 800001",http://www.fb.com/careerwingspatna
EduVantage Institute - Top Competitive Exam Tutorials in Patna,917303892897,SSC/Bank/Rail,Patna,4.7,28,"1st Floor, DPL building, Dadi Jee Lane, near Boring Road, beside Crocs Showroom, Chauraha, Anandpuri, Patna, Bihar 800001",
The Prephack I CAT I CLAT I IPMAT I BANK | CUET,919534210934,SSC/Bank/Rail,Patna,5,35,"2nd Floor, Jagdamba Tower, Shahdeo Mahto Marg, Boring Rd, Sri Krishna Puri, Patna, Bihar 800001",http://www.theprephack.in/
BANK PLACEMENT IN PATNA | EDUPRIZM INFOTECH PVT. LTD.,917992328834,SSC/Bank/Rail,Patna,4.9,98,"Saubhagya Sharma Path, behind Sai Corporate, Adarsh Vihar Colony, Rukanpura, Patna, Bihar 800014",http://eduprizminfotech.com/
MBA Mastermind| The best coaching for CAT MAT IPMAT CUET & IELTS,917463953117,SSC/Bank/Rail,Patna,4.8,131,"Boring Road E123 Shrikrishnapuri Opp Krishna Apartment Boring Road Patna Hajari singh lane, Boring Rd, SK Puri, Sri Krishna Puri, Patna, Bihar 800001",
Bright Future Career Institute,919304334026,SSC/Bank/Rail,Patna,4.8,206,"Gauriya Math Bridge, opp. bank of baroda, beside Kali mandir, New Jakkanpur, Mithapur, Patna, Bihar 800001",http://brightfuturepatna.com/
PRAKASHAM INSTITUTE,917717790181,SSC/Bank/Rail,Patna,5,110,"1st floor, Reshmi Bhawan, near SBI, above Bank of Baroda ATM, Indrapuri Sipara, Dasratha, Sipara, Patna, Bihar 800020",https://www.facebook.com/prakasam4yourfuture/
CAREER PLANNER ASHOK RAJPATH,917462980901,SSC/Bank/Rail,Patna,4.3,134,"C.P HOUSE Ashok Rajpath, COLLEGE, opp. PATNA, Chauhatta, Lalbagh, Patna, Bihar 800004",https://www.instagram.com/career_planner_ashok_rajpath/
ZENITH CLASSES,919102400201,SSC/Bank/Rail,Patna,4.8,191,"2nd Floor, Gopal Market, Naya Tola, Lalbagh, Patna, Bihar 800016",http://zenithclassespatna.com/
Railway Per Kabza-RRB JE/SSE(Railway Psycho Railway ALP ASM coaching in Patna),917903285858,SSC/Bank/Rail,Patna,4.5,32,"Lohar Ln, Sultanganj, Mussalahpur Haat, Patna-6, Patna, Bihar 800006",
Apex Career Zone,918824107368,SSC/Bank/Rail,Kota,5,214,"Near, Keshavpura, Chouraha, Kota, Rajasthan 324009",
"Rival An Ideal Institute For CET, Railway, SSC, BANK, Police, Patwari, Gramsevak, LDC & Other Competitive Exam",919982140480,SSC/Bank/Rail,Kota,4.9,398,"Keshavpura Circle, A-7, Sector - 4, Dadabari, Kota, Rajasthan 324009",
Awam Classes Kota,918740895898,SSC/Bank/Rail,Kota,4.8,397,"Mahaveer Nagar III Cir, Mahaveer Nagar Housing Board Colony, Mahaveer Nagar, Kota, Rajasthan 324005",https://www.awamclasses.com/
Begin Classes,919602347800,SSC/Bank/Rail,Kota,4.3,36,"Rangbari Rd, Dadabari, Kota, Rajasthan 324009",
The Advance Classes,919057447744,SSC/Bank/Rail,Kota,5,41,"1st Floor, 4-A-15, near Amar Punjabi Food, Sector - 4, Talwandi, Kota, Rajasthan 324005",https://theadvanceclasses.com/
Cross roads Classes,919309029575,SSC/Bank/Rail,Kota,4.9,61,"near Singhvi Agencies, Tilak Nagar, Kotri Gordhanpura, Chawani, Kota, Rajasthan 324007",
Advance Classes,918432799223,SSC/Bank/Rail,Kota,4.4,30,"House No. 5, A-10, Rangbari Rd, Sector - 5, Mahaveer Nagar Housing Board Colony, Talwandi, Kota, Rajasthan 324005",https://theadvanceclasses.com/best-reet-coaching-in-kota/
Modi Career Institute,919021109623,SSC/Bank/Rail,Kota,4.8,37,"Gate no 1, Modi Education Complex, Modi College Rd, New Jawahar Nagar, Talwandi, Kota, Rajasthan 324009",
T.I.M.E. KOTA,917442362145,SSC/Bank/Rail,Kota,4.2,80,"567, Rajora Complex, Chhawani Main Rd, Chawani, Kota, Rajasthan 324007",http://www.time4education.com/
Dynamic IAS / RAS Coaching Institute Kota,919783975985,SSC/Bank/Rail,Kota,5,25,"Educational Complex, 5RPR+VP3, Rampura Main Road, Rampura, Kota, Rajasthan 324006",https://sites.google.com/view/dynamiccoaching
Career hub kota,919414393091,SSC/Bank/Rail,Kota,5,45,"Swami Dayanand Saraswati Rd, near TT Hospital, opp. Andhra Bank, Sector - 5, Keshavpura, Talwandi, Kota, Rajasthan 324005",
"Career Power(Unit of ADDA247)- Best Bank, SSC and Railway Coaching",917023140005,SSC/Bank/Rail,Kota,5,4,"Crest Academy Building, Bajrang Nagar Main Rd, near Pragati School, Bajrang Nagar, Kota, Rajasthan 324001",https://www.careerpower.in/viewCourses.html?city=Kota&branch=Kota&key=All%20Courses
श्री जी क्लासेज Shree ji classes,919001564492,SSC/Bank/Rail,Kota,4.8,184,"Keshvpura main circle, Rangbari Rd, near jodhpur sweet, Keshavpura, Talwandi, Kota, Rajasthan 324009",
Unnati IAS -HUB KOTA,919588831038,SSC/Bank/Rail,Kota,4.9,65,"2A-12, Main Circle, Keshavpura, Talwandi, Chauraha, Kota, Rajasthan 324005",
Advance Classes,919829314680,SSC/Bank/Rail,Kota,4.3,51,"194, Bajrang Nagar Main Rd, Bajrang Nagar, Kota, Rajasthan 324001",http://advanceclasseskota.com/contact-us/
TAJ CAREER INSTITUTE,919694459904,SSC/Bank/Rail,Kota,4.9,8,"nera Ratna nursing home, Nayapura, Kota, Rajasthan 324001",
"Prudence coaching centre, kota",919828773222,SSC/Bank/Rail,Kota,5,6,"House no A-7, Balakund Rd, Sector - 4, Talwandi, Kota, Rajasthan 324009",
Engineers Academy,918290256340,SSC/Bank/Rail,Kota,4.1,68,"Near mahaveer nagar 3 Rd circle Rangbari Road Near Mahaveer Nagar 3rd circle, Rangbari Rd, Mahaveer Nagar Housing Board Colony, Mahaveer Nagar, Kota, Rajasthan 324005",https://www.engineersacademy.org/centers/engineers-academy-kota/
yuwam classes office,919414265547,SSC/Bank/Rail,Kota,4,15,"110, Sector - 5, Dadabari, Kota, Rajasthan 324009",http://yuwam.edu.in/
Azure Classes - Best Educational Institute In Kota/Political Classes/Geographical Classes/English Literature Classes in Kota,918209523573,SSC/Bank/Rail,Kota,4.6,32,"1-G-32, Housing Board Colony, Mahaveer Nagar Housing Board Colony, Mahaveer Nagar, Kota, Rajasthan 324005",https://azureclasseskota.com/
DHAIRYA COACHING INSTITUTE,919602965720,SSC/Bank/Rail,Kota,5,19,"DPS SCHOOL KE PASS, DEV NARAYAN PROPERTY KE UPER, Prem Nagar, III, Kota, Rajasthan 324003",https://youtube.com/@dhairyacoachinginstitute
Jugal sir online classes,917232095095,SSC/Bank/Rail,Kota,4.3,56,"77,sector4, opp. M.D.Mission college, Keshavpura, Mahaveer Nagar, Kota, Rajasthan 324009",http://www.jugalsir.in/
Safal Classes,919929430290,SSC/Bank/Rail,Kota,4.5,8,"5A7, Rangbari Rd, Sector - 5, Talwandi, Kota, Rajasthan 324005",
UPAJ CAREER INSTITUTE-KOTA,918619061613,SSC/Bank/Rail,Kota,4.5,73,"438, Mahaveer Nagar Ext Rd, in front of Dhanlakhsmi dairy, sector-7, Keshavpura, Mahaveer Nagar, Kota, Rajasthan 324010",
VIVEKANAND CIVIL SERVICES ACADEMY KOTA,918875751908,SSC/Bank/Rail,Kota,4.2,211,"Mahaveer nagar, 2nd, Rangbari Rd, Mahaveer Nagar Housing Board Colony, MPA 35, Kota, Rajasthan 324005",
DISHA COACHING CBSE GRAMMAR COACHING,919001577291,SSC/Bank/Rail,Kota,4.4,7,"54C, New Jawahar Nagar, Gumanpura, Kota, Rajasthan 324007",
Kota Study Circle,919098534927,SSC/Bank/Rail,Kota,4.8,152,"1st Floor, Bhatia Complex, infront of Rajkumar College, Mukut Nagar, Raipur, Chhattisgarh 492001",
Learn N Prep Competitive Center,917877445142,SSC/Bank/Rail,Kota,4.9,14,"4-A-15, near Amar Punjabi, Keshavpura, Dadabari, Kota, Rajasthan 324009",https://learnnprep.com/center-details/kota-keshavpura
Godawari Coaching Classes,916378585060,SSC/Bank/Rail,Kota,5,12,"Modi bhawan, ke samane, Kotri Gordhanpura, Chawani, Kota, Rajasthan 324007",
WAVE CLASSES,919214358477,SSC/Bank/Rail,Kota,4.3,4,"Landmark City, opposite sangyan(Allen, Kunadi, Electricity Board Area, Kota, Rajasthan 324008",
Lakshya Competition Classes,919929384802,SSC/Bank/Rail,Kota,4.8,11,"petrol pump, Baran Rd, near borkhera, Borkhera, Kota, Manpura, Rajasthan 324002",
Trisha Steno Classes,917297084408,SSC/Bank/Rail,Kota,5,3,"1st floor, Agarwal complex, Hatt Road, Junction, Kota, Rajasthan 324002",
Chanakya classes,919772294830,SSC/Bank/Rail,Kota,4.6,18,"4 P 10 Talwandi Opposite Chai Pani, near Abishek Readymade and Shivanjali, Sector-B, Talwandi, Kota, Rajasthan 324005",
Akanksha IAS – An Institute For Civil Services,919602444344,SSC/Bank/Rail,Kota,5,25,"behind Bajaj showroom, Keshavpura, Dadabari, Kota, Rajasthan 324009",http://www.akankshaias.in/
Mahendra Academy,919784479443,SSC/Bank/Rail,Kota,4.6,34,"8-B-6, Mahaveer Nagar 3, Mahaveer Nagar Housing Board Colony, Mahaveer Nagar, Kota, Rajasthan 324009",
Krishi jagat career institute,919660028358,SSC/Bank/Rail,Kota,4.9,107,"2 N 26, near Hanuman Temple, Mahaveer Nagar Extension, Mahaveer Nagar, Kota, Rajasthan 324009",
Adhyatmn Edutech Private Limited,919928788025,SSC/Bank/Rail,Kota,4.8,179,"Plot No 882, 2nd St, Mahaveer Nagar-II, Mahaveer Nagar Housing Board Colony, Mahaveer Nagar, Kota, Rajasthan 324005",https://adhyatmn.com/
Gradspot,919549543256,SSC/Bank/Rail,Kota,5,84,"1-C-1, Commerce College Rd, above yes bank, Sector 1, Talwandi, Kota, Rajasthan 324005",https://gradspot.in/
"Aston Education Consultancy – Study Abroad, IELTS & SAT Coaching",919785877198,SSC/Bank/Rail,Kota,4.9,206,"Building No. 34, 1st floor, opera road, Shaheed Bhagat Singh Rd, near PNB Bank, Mahaveer Nagar-II, Indra Vihar, Mahaveer Nagar, Kota, Rajasthan 324005",http://www.studyforeign.net/
Takshshila Classes Kota,919549208332,SSC/Bank/Rail,Kota,4,17,"4RWP+9P3, Keshavpura, Mahaveer Nagar, Kota, Rajasthan 324009",
"Eduncle - Best Online Coaching for UGC NET, CSIR NET & IIT JAM",918003552211,SSC/Bank/Rail,Kota,3.8,212,"MPA 44, 2nd Floor, Rangbari Rd, above Bank of India, Mahaveer Nagar-II, Mahaveer Nagar Housing Board Colony, Mahaveer Nagar, Kota, Rajasthan 324005",https://www.eduncle.com/
MEDITRAK INSTITUTE KOTA,919783470260,SSC/Bank/Rail,Kota,4.6,24,"1-E-29, opposite Sabji Mandi Main Road, near Global Public School, Sector 1, Talwandi, Kota, Rajasthan 324005",https://www.meditrakinstitute.com/
LNP (LEARN N PREP) NEET & JEE CENTER,918764217307,SSC/Bank/Rail,Kota,5,5,"Corporate Office: LNP Tower-1, 1- K-17, Teachers Colony, opposite bank of india, Keshavpura, Mahaveer Nagar, Kota, Rajasthan 324009",http://learnnprep.com/
AARYAN KOTA 25 Yrs. Virtual office ( Spoken English ) DEMO FREE,918823918888,SSC/Bank/Rail,Kota,4.9,286,"H.No. 04/25, AARYAN KOTA Gali 18, Main Road, Mahatma Gandhi Colony Near Khari Babdi Churaha, Kota Jn Railway colony, Jn, Area, Kota, Rajasthan 324002",
Toppers Exam,917891099006,SSC/Bank/Rail,Kota,1.7,56,"First Floor, Kalawati Paliwal Market, Gumanpura, Kota, Rajasthan 324007",https://toppersexam.com/
Pioneer Academy Mukherjee Nagar,919899561926,SSC/Bank/Rail,Delhi Mukherjee Nagar,4,120,"PIONEER ACADEMY, Ground Floor, B-14, Main Rd, opposite Meerutwala sweets, Mukherjee Nagar, Delhi, 110009",http://pioneeracademy.co/
Prabal Professional Academy | Best NDA/SSC/BANK/Defence Exams Coaching in Delhi,919999495266,SSC/Bank/Rail,Delhi Mukherjee Nagar,5,53,"B-9/10, 1st Floor, GF Commercial Complex, Mukherjee Nagar, Delhi, 110033",
Mahendra's Institute - New Delhi for Banking SSC State Exam Railway Teaching and CUET,919268561517,SSC/Bank/Rail,Delhi Mukherjee Nagar,4.1,304,"Shop No 92/94, Ground Floor, Gate No 3, Mall Rd, near GTB nagar metro station, Kingsway Camp, GTB Nagar, New Delhi, Delhi, 110033",https://branch.mahendras.org/gtb-nagar-new-delhi-37930/home?utm_source=GMB
Exampur Offline Coaching Mukharjee Nagar Delhi,917428699007,SSC/Bank/Rail,Delhi Mukherjee Nagar,3.9,82,"Shop No:1,2,3,4, behind Batra Cinema, Mukherjee Nagar, New Delhi, Delhi, 110033",http://www.exampur.com/
"CGS Coaching - Mukherjee Nagar - CTET, DSSSB, KVS, SSC Coaching in Delhi",919711414783,SSC/Bank/Rail,Delhi Mukherjee Nagar,4.2,5,"B-1, A-12-13, Ansal Building, Dr. Mukherjee Nagar Near Batra Cinema, Delhi-110009, Mukherjee Nagar, New Delhi, Delhi, 110033",http://www.cgscoaching.com/
"Plutus Academy Karol Bagh: Best SSC Coaching in Delhi, Bank Coaching in Delhi",918123002808,SSC/Bank/Rail,Delhi Mukherjee Nagar,4,46,"Gate no. - 6, metro station, :Second Floor, Apsara Arcade, Block 56, Karol Bagh, New Delhi, Delhi, 110005",https://plutusacademy.com/
Galaxy Classes™ Delhi,917042496042,SSC/Bank/Rail,Delhi Mukherjee Nagar,4.7,45,"532, Ramlal Kapoor Marg, opposite Signature View Apartment, Mukherjee Nagar, Delhi, 110033",https://www.galaxyclasses.co.in/
DSIL Coaching Centre,919355208583,SSC/Bank/Rail,Delhi Mukherjee Nagar,4.9,160,"M-1, First Floor, Manushree Building, Mukherjee Nagar, Delhi, 110033",https://www.dsilcoachingcentre.com/
VEDANT CLASSES,919873301040,SSC/Bank/Rail,Delhi Mukherjee Nagar,4.2,82,"A-112,1st FLOOR, Mall Rd, near METRO GATE NO.3, Tagore Park Extension, GTB Nagar, New Delhi, Delhi, 110033",http://vedantclasses.in/
Doyen Classes Pvt Ltd,919971389565,SSC/Bank/Rail,Delhi Mukherjee Nagar,4.9,29,"M-1 Floor, Savitri Bhawan, in front of Ratna Sagar Publication, Commercial Complex, behind Satija Building, Mukherjee Nagar, Delhi, 110033",
"Career Launcher North Campus Center, Delhi",918800706487,SSC/Bank/Rail,Delhi Mukherjee Nagar,4.6,361,"8, Hudson Ln, adjoining Yes Bank, GTB Nagar, Delhi, 110033",https://www.careerlauncher.com/delhi-north-campus/?#classroomProduct
"Success Forum, New Delhi",918082824200,SSC/Bank/Rail,Delhi Mukherjee Nagar,3.7,88,"Office 114 A, Ground Floor, Near Metro Station Gate 3 and 4, Mall Rd, GTB Nagar, New Delhi, Delhi, 110033",https://www.successforumedu.com/
KD LIVE,919555208888,SSC/Bank/Rail,Delhi Mukherjee Nagar,4,47,"Gali Number 8, near National Highway, 1, Gopalpur Village, New Delhi, Delhi, 110033",http://www.kdcampus.org/mukherjeenagar
Warrior Academy Best in NDA Coaching,919991682205,SSC/Bank/Rail,Delhi Mukherjee Nagar,4.7,126,"2, Ground Floor, Mukherjee Nagar, Delhi, 110033",https://warrioracademy.in/
RED ZONE EDUCATION HUB,917827122238,SSC/Bank/Rail,Delhi Mukherjee Nagar,4.7,26,"P668+365, Mukherjee Nagar, Delhi, 110033",
Alpha Coaching Centre (Maths),919716484273,SSC/Bank/Rail,Delhi Mukherjee Nagar,5,47,"M-1 Ansal Building, Batra Chowki, Mukherjee Nagar, near Chugh Dairy, Mukherjee Nagar, New Delhi, Delhi, 110033",
Cogent IAS,917827418302,SSC/Bank/Rail,Delhi Mukherjee Nagar,5,27,"107, Jyoti Bhawan, near Post Office, Indra Vihar, Mukherjee Nagar, Delhi, 110033",http://cogentias.com/
Times Coaching,919953600107,SSC/Bank/Rail,Delhi Mukherjee Nagar,4.4,77,"Mukherjee Nagar, New Delhi, Delhi, 110033",https://futuretimescoaching.in/
Destination IAS Academy,919911945480,SSC/Bank/Rail,Delhi Mukherjee Nagar,4.8,100,"639, First Floor, near Signature View Apartment, Mukherjee Nagar, New Delhi, Delhi, 110009",https://www.destinationiasacademy.com/
Vision IAS,918468022022,SSC/Bank/Rail,Delhi Mukherjee Nagar,4.1,390,"Plot No. 857, Ground Floor, 855, Banda Bahadur Marg, opp. Punjab & Sindh Bank, Mukherjee Nagar, Delhi, 110033",http://www.visionias.in/
BPSC Institute (Unit of DELTA RANKERS),919971250938,SSC/Bank/Rail,Delhi Mukherjee Nagar,4.9,351,"871, ground floor, Mukherjee Nagar, Delhi, 110009",
GOVT. JOBS COMPETITIVE EXAMS. PREPARATION COACHING CLASSES SSC | RAILWAY | NTPC | DSSSB | RPF (GUIDANCE COACHING CENTRE),919958257133,SSC/Bank/Rail,Delhi Mukherjee Nagar,4.8,71,"GALI NO. 21B, RAILWAY STATION, H.NO. T-681, Prem Nagar Rd, Block B, Baljit Nagar, Patel Nagar, New Delhi, Delhi, 110008",http://www.guidancecoaching.in.co/
Crack Psycho Institue,918826901833,SSC/Bank/Rail,Delhi Mukherjee Nagar,4.9,334,"8, Bhandari house, B 7, Delhi-09, near Parking plot, Mukherjee Nagar, Delhi, 110033",http://www.crackpsycho.com/
Dikshant IAS - Best IAS Coaching in Delhi | Top UPSC Coaching Institute in Delhi | IAS coaching Classes,919312511015,SSC/Bank/Rail,Delhi Mukherjee Nagar,4.5,236,"Ground Floor, 289, Johar, near Dussehra Ground, Dhaka Village, Mukherjee Nagar, Delhi, 110009",https://www.dikshantias.com/
"Bpsc Academy | Best BPSC Coaching In Mukherjee Nagar, Delhi",918447039179,SSC/Bank/Rail,Delhi Mukherjee Nagar,4.8,238,"B-10, 2nd Floor, Commercial Complex, opposite Meerut Sweets, near Police Booth, Mukherjee Nagar, New Delhi, Delhi, 110033",https://www.bpscacademy.com/
THE CORE IAS,918800141518,SSC/Bank/Rail,Delhi Mukherjee Nagar,4.8,180,"629, Banda Bahadur Marg, Mukherjee Nagar, New delhi, Delhi, 110033",https://thecoreias.com/
Learning Power (Shastri Nagar),919810236481,SSC/Bank/Rail,Delhi Mukherjee Nagar,4.7,199,"3rd Floor, Metro Station, E/2-259, near Shastri Nagar, Block E2, Shastri Nagar, New Delhi, Delhi, 110052",https://www.learningpower.in/
EFFORT IAS Private Limited || IAS Coaching in Mukharjee Nagar || Best IAS Coaching in Mukharjee Nagar,919667848422,SSC/Bank/Rail,Delhi Mukherjee Nagar,5,16,"705, Batra Cinema, near Police chowki, Mukherjee Nagar, New Delhi, Delhi, 110033",http://www.effortias.com/
"Learning Power (GTB Nagar, Mukherjee Nagar )",918010901895,SSC/Bank/Rail,Delhi Mukherjee Nagar,5,7,"Gate No. 1, Hari Mandir, near GTB nagar metro station, Outram Lines, GTB Nagar, New Delhi, Delhi, 110033",https://www.learningpower.in/
Coaching For Competition,917827780209,SSC/Bank/Rail,Delhi Mukherjee Nagar,4.9,326,"block west, near Patel Park, Block 22, West Patel Nagar, Patel Nagar, New Delhi, Delhi, 110008",
"B.Ed College Haryana Gurgaon, B.Ed from Govt. Collage, Admission in B.ed Mukherjee Nagar",919818880507,SSC/Bank/Rail,Delhi Mukherjee Nagar,4.3,77,"71, Second Floor, Main Road,, Kingsway Camp, Outram Lines, GTB Nagar, New Delhi, Delhi, 110033",http://krishnainstitute.co.in/b-ed-institute-delhi.html
Vedanta IAS Academy Mukherjee Nagar,919911753333,SSC/Bank/Rail,Delhi Mukherjee Nagar,4.7,27,"Batra Cinema, P668+P2F, Banda Bahadur Marg, Mukherjee Nagar, New Delhi, Delhi, 110033",http://www.vedantaiasacademy.co.in/
"𝐓𝐇𝐄 𝐒𝐏𝐄𝐄𝐃 (𝐖𝐚𝐬𝐞𝐞𝐦 𝐒𝐢𝐫)✅- Best SSC Coaching in Allahabad | Best Bank, RRB, UPP, UPSI, Railway, lekhpal Coaching in Prayagraj",919161067088,SSC/Bank/Rail,Prayagraj,4.2,376,"10 - A, Sardar Patel Marg, Civil Lines, Prayagraj, Uttar Pradesh 211001",
Aman Academy,919026390838,SSC/Bank/Rail,Prayagraj,4.6,299,"135/1D, near Any Bacent School, Chhota Baghara, George Town, Prayagraj, Uttar Pradesh 211003",
Career Power,919198999283,SSC/Bank/Rail,Prayagraj,3.9,95,"837, University Road, opp. Science Faculty, Old Katra, Prayagraj, Uttar Pradesh 211002",https://adda247.com/
Nirnay Academy,918546025014,SSC/Bank/Rail,Prayagraj,4.5,150,"Allahpur Rd, Allahpur, Prayagraj, Uttar Pradesh 211006",
Nirman Academy,919455332220,SSC/Bank/Rail,Prayagraj,4.3,185,"1388, Baghambari Rd, Allahpur, Prayagraj, Uttar Pradesh 211006",
SRISHTI EDUCATIONAL INSTITUTE Prayagraj,918853614245,SSC/Bank/Rail,Prayagraj,4.9,70,"49/F/23A, The Adelphi, Allen Ganj, Prayagraj, Uttar Pradesh 211002",
Shruti Classes(S.B Sir) - Best English Teacher in Allahabad/ English Teacher/ Best SSC Coaching in Allahabad,919839945346,SSC/Bank/Rail,Prayagraj,4.3,258,"1B, Lajpat Rai Road, अन्नपूर्णा विहार, तेलियरगंज, प्रयागराज, उत्तर प्रदेश 211002",https://www.justdial.com/ALLAHABAD/Shruti-Classes-Near-Deli-Hospital-Stainly-Road/0532PX532-X532-1231583977I7Y4H3-DC_BZDET
"PW Govt Exam Wallah Prayagraj | SSC, Bank, UP Police Coaching Center",917428777672,SSC/Bank/Rail,Prayagraj,4.5,101,"986A/839, University Road, opp. Science Faculty, Old Katra, Prayagraj, Uttar Pradesh 211002",https://www.pw.live/offline-centres/batches/govt-wallah/prayagraj-up/prayagraj-government_katra-732130
"Verma Coaching Classes, Prayagraj, LIC COLONY, TAGORE TOWN, ALLAHABAD FOR SSC CGL, IBPS (BANK P.O.,RBI GRADE B etc),CSAT",917596058895,SSC/Bank/Rail,Prayagraj,5,5,"LIC Rd, Tagore Town, Prayagraj, Uttar Pradesh 211006",https://youtube.com/@VCCPRYJ
Shivganga Institute,919170926050,SSC/Bank/Rail,Prayagraj,4.9,43,"D.J.Hostal, Church Ln, near Anand Bhavan, Allahabad University, Tagore Town, Prayagraj, Uttar Pradesh 211002",
ACE - Academy for Competitive Exams,918175021740,SSC/Bank/Rail,Prayagraj,5,19,"Jahaj Chauraha, Kutchery Rd, beside Yamaha Service Centre, Dwarika Puri, Old Katra, Prayagraj, Uttar Pradesh 211002",https://www.instagram.com/ace4exams
Angel Academy Prayagraj (Best Coaching for SSC & Individual English),919450991012,SSC/Bank/Rail,Prayagraj,4.3,109,"Chintamani Ghosh road, Colnel Ganj, George Town, Prayagraj, Uttar Pradesh 211002",
T.I.M.E. Prayagraj- Best CAT Coaching in Prayagraj,919721466663,SSC/Bank/Rail,Prayagraj,4.4,83,"2/1 A, KG Marg, Beside Adv Gopal Chaturvedi House Near Mayo Hall Chauraha, Kutchery Rd, Old Katra, Prayagraj, Uttar Pradesh 211002",http://www.time4education.com/
KK CLASSES PRAYAGRAJ,919792303588,SSC/Bank/Rail,Prayagraj,4.8,140,"Salori - Govindpur Link Rd, near maurya hotel, Govindpur, Teliarganj, Prayagraj, Uttar Pradesh 211002",
Shakti Coaching,919335154592,SSC/Bank/Rail,Prayagraj,3.9,267,"102-A, Thornhill Rd, Darbhanga Colony, George Town, Prayagraj, Uttar Pradesh 211002",
X-EEED Pvt. Ltd.,919335412912,SSC/Bank/Rail,Prayagraj,4.3,21,"134C, 5, Salori Rd, Chandpur, Om Gayatri Nagar, Teliarganj, Prayagraj, Uttar Pradesh 211004",
Pathan Paathan,918574270339,SSC/Bank/Rail,Prayagraj,4.5,45,"Church Ln, opposite DJ Hostel, Tagore Town, Prayagraj, Uttar Pradesh 211002",
Elevate Coaching – TGT PGT | SSC | UPP | UPSI | GIC Coaching Govindpur Prayagraj,917668099990,SSC/Bank/Rail,Prayagraj,4.5,77,"Pratap complex, 7z, Salori - Govindpur Link Rd, Govindpur, Teliarganj, Prayagraj, Uttar Pradesh 211004",https://youtube.com/c/ElevateCOACHINGno1
Sandesh with Ravi Singh,919455294541,SSC/Bank/Rail,Prayagraj,4.8,16,"Anthony College, Balson Chauraha, 113/3, Thornhill Rd, Agnipath Colony, Vivek Vihar Colony, Civil Lines, Prayagraj, Uttar Pradesh 211001",https://www.sandeshacademy.com/
BANK BUDDY PRAYAGRAJ,919305676067,SSC/Bank/Rail,Prayagraj,5,8,"Keshari Chemist, 2nd floor, Kailash puri colony, Patrika chauraha, Civil Lines, Prayagraj, Uttar Pradesh 211001",
GS World,918726027579,SSC/Bank/Rail,Prayagraj,3.8,359,"GS World House, Stanley Road, Near Traffic Chauraha,allahabad lucknow highway infront of ashok leyland, FR8V+9F8, Juhi Colony, Dwarika Puri, Rajapur, Prayagraj, Uttar Pradesh 211002",http://www.gsworldias.com/
Adda247 Prayagraj (Offline Center),919560330046,SSC/Bank/Rail,Prayagraj,4.4,13,"837, University Road, opp. Science Faculty, Old Katra, Prayagraj, Uttar Pradesh 211022",https://www.adda247.com/coaching-centers/centers/prayagraj?utm_source=google%20search&utm_medium=gmb&utm_campaign=prayagraj
The Excellent+ Coaching Center,918737942572,SSC/Bank/Rail,Prayagraj,4.8,49,"lal chowk, झूसी, प्रयागराज, उत्तर प्रदेश 211019",http://www.tea.tranquilityplus.org/
SAGAR ACADEMY,919235920365,SSC/Bank/Rail,Prayagraj,4.5,79,"Old Katra, Prayagraj, Uttar Pradesh 211002",
Chandra Institute Prayagraj,919511115471,SSC/Bank/Rail,Prayagraj,3.7,140,"KPBTC Campus Fire Station Chauraha, Civil Lines, Prayagraj, Uttar Pradesh 211001",
The Selection Point,918707494104,SSC/Bank/Rail,Prayagraj,4.9,54,"The Selection Point, IIIT Rd, Tiraha, Devprayagam Colony, Jhalwa, Prayagraj, Uttar Pradesh 211015",http://theselectionpoint.com/
IQuanta Prayagraj Centre | Best Centre for CAT | CLAT Prep,917376794037,SSC/Bank/Rail,Prayagraj,4.9,19,"43/33, Tej Bahdur Sapru Rd, near ICICI BANK, Agnipath Colony, Civil Lines, Prayagraj, Uttar Pradesh 211001",https://www.instagram.com/panaceapeople
CSIR- Point,919451368563,SSC/Bank/Rail,Prayagraj,4.8,111,"In campus of VISIO CAREER POINT, Manmohan Park Rd, chuarha, Old Katra, Prayagraj, Uttar Pradesh 211002",
Prayag Digital Library,917905346950,SSC/Bank/Rail,Prayagraj,5,123,"Patrika Chauraha, A136/3/8, Tashkent Marg, near Indian Bank, Civil Lines, Prayagraj, Uttar Pradesh 211001",
RBT CLASSES,919889974099,SSC/Bank/Rail,Prayagraj,4.6,101,"Mahatma Gandhi Marg, behind Allen Solly, near CANARA BANK - GENERAL BRANCH, Civil Lines, Prayagraj, Uttar Pradesh 211001",
Apni Pathshala,918573984639,SSC/Bank/Rail,Prayagraj,4.9,81,"2A/1K/1, GTB Nagar, Nayapura, Kareli, Prayagraj, Uttar Pradesh 211016",
Param Academy,919839645888,SSC/Bank/Rail,Prayagraj,4,45,"Purvanchal Chauraha, near Adi Atta Chakki, Chota Baghada, New Rest House Railway Colony, Prayagraj, Uttar Pradesh 211004",
SHRI RAM KRISHNA TECHNICAL ACADEMY#SRKT ACADEMY #TG2 FACTORY #,919454613502,SSC/Bank/Rail,Prayagraj,4.6,188,"Ganga Devi Smarak Shishu Mandir School Near Ishwar Saran Balika Inter College BSNL Tower Tiraha, Salori Rd, Bada Baghada, Shukla Market, Om Gayatri Nagar, Teliarganj, Prayagraj, Uttar Pradesh 211004",
TargetOn Laxmi Branch,919076605756,SSC/Bank/Rail,Prayagraj,4.4,215,"House Number -56/2 Kasturba Gandhi Marg, kachhari Road, near Lakshmi Chauraha, Katra, Prayagraj, Uttar Pradesh 211002",
Judicial Study Centre,919450614241,SSC/Bank/Rail,Prayagraj,4.8,192,"The Adelphi, Allen Ganj, Prayagraj, Uttar Pradesh 211002",https://judicialstudycentre.in/
RSS PATHSHALA,917525856500,SSC/Bank/Rail,Prayagraj,4,48,"near Indrajeet saroj House, Bhola Ka Pura, Mantriji, Dhoomanganj, Prayagraj, Umarpurniwa Uprhar, Uttar Pradesh 211011",
Toppers Forum,919519696222,SSC/Bank/Rail,Lucknow,4.7,343,"3rd Floor, IT Crossing, Kapoorthala Xing, next to SBI Bank, Kapoorthla, Chandralok, Lucknow, Uttar Pradesh 226024",https://www.toppersforum.com/
Target Academy Best coaching for SSC Banking UPP SI TET CTET STET in Lucknow,919415152844,SSC/Bank/Rail,Lucknow,4.9,224,"FF-15 Goel Palace Lekhraj Metro Station near Lekhraj Metro Station Faizabad Road Indira Nagar Lucknow 226016, Sanjay Gandhi Puram, Lucknow, Uttar Pradesh 226001",https://targetacademy.org.in/
DAS ICS INSTITUTE,917800000616,SSC/Bank/Rail,Lucknow,4.8,380,"CP 2/211, Infront Of Saxena Marriage Hall, behind Allahabad Bank, Block F, Rajajipuram, Lucknow, Uttar Pradesh 226017",https://dasicsinstitute.in/
G. S. Classes,919140220841,SSC/Bank/Rail,Lucknow,4.8,198,"323, Deva Palace, Viram Khand, Gomti Nagar, Lucknow, Uttar Pradesh 226010",
Chandra IAS - Best SSC IAS PCS RO ARO UPP UPSI Railway RPF Coaching In Lucknow,919454036532,SSC/Bank/Rail,Lucknow,4.4,302,"D 4/260, Near Kathota, Vijayant Khand, Gomti Nagar, Lucknow, Uttar Pradesh 226010",https://chandraiaslko.com/
Gurukul Coaching Institute,919760835907,SSC/Bank/Rail,Lucknow,4.8,312,"near Millenia Hotel, Matiyari, Chauraha, Lucknow, Uttar Pradesh 226028",https://www.facebook.com/gurukulcoachinginstitutelko
Adda247 Lucknow Kapoorthala (Offline Center),917505050503,SSC/Bank/Rail,Lucknow,4,209,"533/1, Kursi Road, Main, Kapoorthala Chauraha, opp. Central Bank Of India, Sector F, Chandralok, Lucknow, Uttar Pradesh 226016",https://www.adda247.com/coaching-centers/centers/lucknow?utm_source=google%20search&utm_medium=gmb&utm_campaign=lucknow
"Career Power - Bank Coaching in Alambagh, SSC Coaching, SSC CGL Coaching In Alambagh | Railway/CTET/UPTET/UP Police Coaching",917505950507,SSC/Bank/Rail,Lucknow,4.1,158,"KBC 10, VISHWKRMA Towers, Nahar Chauraha, behind Fish Gallery, near Phoenix Mall, Bara Birwa, Sector B, Bargawan, Alambagh, Lucknow, Uttar Pradesh 226012",https://www.careerpower.in/viewCourses.html?city=Alambagh-Lucknow&branch=Alambagh-Lucknow&key=All%20Courses
Deep Education Coaching Center Lucknow,918009722033,SSC/Bank/Rail,Lucknow,5,51,"2nd Floor, Kaka market, above Radiant Honda Showroom, Rathindra Nagar, Nilmatha Bazar, Telibagh, Lucknow, Uttar Pradesh 226002",
Maa Academy,917310010046,SSC/Bank/Rail,Lucknow,4.9,350,"537/155, beside Purania Railway Crossing Flyover, Purania, Sector K, Aliganj, Lucknow, Uttar Pradesh 226024",https://youtube.com/@mathsbydineshmaa?si=OXn-xy5ZjQlv6kNf
DELTA-4 INSTITUTION,918573984444,SSC/Bank/Rail,Lucknow,4.9,184,"16/1457, BACKSIDE OF, Sukh Complex, Indira Nagar Rd, near MUNSHI PULIYA, Sector 16, Indira Nagar, Lucknow, Uttar Pradesh 226016",https://delta4-institution.grexa.site/
Nirmaan Institute,919236919025,SSC/Bank/Rail,Lucknow,4.7,140,"Parasar Coaching Campus, Ambedkar Chauraha, Muslim Nagar, Alambagh, Lucknow, Uttar Pradesh 226005",
Balaji Coaching,919984028419,SSC/Bank/Rail,Lucknow,4.9,256,"3/15, above Brijwasi Bakery, Vijayant Khand, Kamta, Lucknow, Uttar Pradesh 226010",
Avision Institute - Best Banking Coaching SSC Coaching Railway Coaching UPPSC Coaching in Lucknow,918887581210,SSC/Bank/Rail,Lucknow,4.3,3,"OLD No:- 6, 281/13, Kanpur Rd, Blunt Square, Mawaiyya, Charbagh, Lucknow, Uttar Pradesh 226004",https://avision.co.in/center-details/best-bank-ssc-uppsc-online-coaching-in-lucknow
Mahendra Educational Private Limited,917052477777,SSC/Bank/Rail,Lucknow,4,197,"Mahendra Arcade, Faizabad Rd, CP-9, Vijayant Khand, Gomti Nagar, Lucknow, Uttar Pradesh 226010",https://www.mahendras.org/
Vision academy,918960666667,SSC/Bank/Rail,Lucknow,4.9,259,"Laxmi Niwas, Basement Bank Of India, Nilmatha Bazar, Telibagh, Lucknow, Uttar Pradesh 226002",
Aim The Vision,917347834373,SSC/Bank/Rail,Lucknow,4.7,224,"F-1/34, in front of Good Bakery, Karamat Market, Railway Colony, Nishat Ganj, Lucknow, Uttar Pradesh 226006",
The Scholars,919795138322,SSC/Bank/Rail,Lucknow,4.7,73,"1st Floor, B-67, Kapoorthala Xing, Mahanagar Extension, Mahanagar, Lucknow, Uttar Pradesh 226006",https://thescholarslko.in/
"CIVIL MASTER ||Best Coaching for ESE/IES,GATE,SSC-JE ||",919839635475,SSC/Bank/Rail,Lucknow,4.6,344,"behind V-Mart - Chinhat-Lucknow, Krishna Vihar, Hasangarden Colony, Chinhat, Lucknow, Uttar Pradesh 226028",
"Competition Club | Best SSC, BANK, UPP & NDA Institute in lucknow",918004141087,SSC/Bank/Rail,Lucknow,4.9,27,"GROUND FLOOR, KBC-16, Kanpur Rd, Sector B, Bargawan, LDA Colony, Lucknow, Uttar Pradesh 226012",https://www.competitionclub.in/
VIKRAMSHILA ACADEMY,919415001593,SSC/Bank/Rail,Lucknow,4.9,140,"2 nd Floor, Palika bazar, Kapoorthla, Sector A, Chandralok, Lucknow, Uttar Pradesh 226024",
Ashish classes lucknow,919807980963,SSC/Bank/Rail,Lucknow,4.9,63,"Sri Ratan Plaza, KBC-14 Sector-B , Barabirwa , ,LDA Colony kanpur road, nahar chauraha, near phoniex mall, Sector B, Bargawan, Alambagh, Lucknow, Uttar Pradesh 226012",https://www.youtube.com/channel/UCtpOqyZ3ui98ThFvT2v-F-w
KD Campus,917318322111,SSC/Bank/Rail,Lucknow,3.8,62,"33/1K/, First Floor, AKHILESHWAR TOWER, Kapoorthla, Lucknow, Uttar Pradesh 226024",https://www.kdcampus.org/
Paramount Coaching Centre Pvt. Ltd.,916389113322,SSC/Bank/Rail,Lucknow,4.2,56,"1st Floor, Bhootnath Mandir Rd, Bhoothnath Market, Sector 5, Indira Nagar, Lucknow, Uttar Pradesh 226016",https://www.paramountcoaching.in/paramount-coaching-lucknow/
"Avadh Academy for UPPSC,RO ARO,SSC, Bank, UPSI, UPP, RAILAWAY,TET, STET",919936600555,SSC/Bank/Rail,Lucknow,4.7,101,"2nd floor 544-KA/69 Nishad Raj Marg, Balaganj Chauraha, Azad Nagar, Baraura Hussain Bari, Lucknow, Uttar Pradesh 226003",
Kautilya Competition Classes,918840211661,SSC/Bank/Rail,Lucknow,4.7,96,"Vishwakarma Tower, Avadh Chowraha (cross road), behind Fish Galaxy, near Badnam Laddu, Sector B, Bargawan, Alambagh, Lucknow, Uttar Pradesh 226012",
"FundaMakers - Best CAT, IPMAT and CUET Coaching - Alambagh, Lucknow",919598333344,SSC/Bank/Rail,Lucknow,4.7,94,"KBC 13 Vishwakarma Tower , Behind Fish Gallery Near Phoenix Mall, Barabirwa, Sector B, Bargawan, Alambagh, Lucknow, Uttar Pradesh 226012",http://www.fundamakers.com/
Sure Success Coaching Institute,919889848056,SSC/Bank/Rail,Lucknow,4.8,164,"11, Ashok Marg, adjacent to Sree Rama Towers, Sadullah Nagar, Narhi, Hazratganj, Lucknow, Uttar Pradesh 226001",https://suresuccesscoaching.org/
MMM educational hub,919793527531,SSC/Bank/Rail,Lucknow,4.9,362,"Arcade building, Kapoorthla, Chandralok, Lucknow, Uttar Pradesh 226024",http://www.mmmeducationalhub.co.in/
Competition Edge,917052727307,SSC/Bank/Rail,Lucknow,4.9,89,"533/1K, 2nd Floor, Akhileshwar Tower, Kapoorthla, Chauraha, Lucknow, Uttar Pradesh 226024",
Perfect Competition Academy,918090666688,SSC/Bank/Rail,Lucknow,4.6,145,"beside Purania Railway Crossing Flyover, Purania, Sector K, Aliganj, Lucknow, Uttar Pradesh 226024",
"ENGLISH by LINGWAL Sir : BEST ENGLISH TEACHER fr SSC, BANK, CDS",915224106675,SSC/Bank/Rail,Lucknow,4.7,126,"Mandir Marg, Kapoorthala Xing, opposite Midland hospital, behind petrol pump, Sector-C, Mahanagar, Lucknow, Uttar Pradesh 226006",
Success Wallah,918874980702,SSC/Bank/Rail,Lucknow,4.9,52,"Pragi Mandir, Fazullaganj, Lucknow, Uttar Pradesh 226020",http://wwwsuccesswallah.com/
VISTA CAREERS Coaching (Best Coaching for JEE/NEET & BOARDS),917651893630,SSC/Bank/Rail,Lucknow,5,53,"near Mandir wala park, Vishesh Khand 1, Gomti Nagar, Lucknow, Uttar Pradesh 226010",
MISSION ACADEMY IAS PCS TGTPGT BEO PCSJ NEET RO ARO,918896370355,SSC/Bank/Rail,Lucknow,4.8,45,"Ruchi khand ashiyana between Alambagh, to, Ruchi Khand 2, Telibagh, Lucknow, Uttar Pradesh 226002",
"IMS Lucknow (Aliganj) - Best coaching for CAT, IIM IPM, CLAT & CUET",919792418583,SSC/Bank/Rail,Lucknow,4.8,267,"A 7, 2nd Floor, Sector J Rd, above Bank of Maharashtra, Sector-A, Sector J, Aliganj, Lucknow, Uttar Pradesh 226024",https://www.imsindia.com/center/lucknow/
GS Forum,919519796222,SSC/Bank/Rail,Lucknow,4.9,319,"3rd Floor, Kapoorthala Arcade, IT Crossing, next to SBI Bank, Kapoorthla, Chandralok, Lucknow, Uttar Pradesh 226024",https://www.gsforum.in/
"Govt Exam Wallah Lucknow, Alambagh",918796288311,SSC/Bank/Rail,Lucknow,5,15,"KBC 2, 2nd Floor Oppo, Phoenix Mall, Sector B, Bargawan, LDA Colony, Lucknow, Uttar Pradesh 226005",https://www.pw.live/offline-centres/batches/govt-wallah/lucknow-up/lucknow-alambagh-government-176442
Crackपुर Coaching Center,917800019306,SSC/Bank/Rail,Lucknow,4.8,110,"near Akashwani Radio Station, Matiyari, Chinhat, Lucknow, Uttar Pradesh 226028",
Mahendra Educational Private Limited,919235253425,SSC/Bank/Rail,Lucknow,3.8,86,"S-268 E-BLOCK, AWASTHI COMPLEX, near CANARA BANK - LUCKNOW RAJAJIPURAM-II, Block E, Rajajipuram, Lucknow, Uttar Pradesh 226017",https://www.mahendras.org/
ISS COACHING LUCKNOW,919415460671,SSC/Bank/Rail,Lucknow,5,125,"to Taadikhana, HS-1, on the road joining Ram Ram Bank Chauraha, 26, Sitapur Rd, Scheme, Sector-A, Sector A, Aliganj, Lucknow, Uttar Pradesh 226024",http://www.isslucknow.com/
IAS NEXT : best IAS/PCS /PCSJ Coaching in Lucknow,916394997536,SSC/Bank/Rail,Lucknow,4.9,335,"2nd floor, Sahar Plaza, IAS NEXT building, Munshipulia Chouraha, above Rajdhani sahkari bank, Munshi Pulia, Block D, Indira Nagar, Lucknow, Uttar Pradesh 226016",http://www.iasnext.com/
Defence Dreamers Academy,919918870157,SSC/Bank/Rail,Lucknow,4.5,266,"3rd floor, Basant Tower, above axis bank & resonance, Sneh Nagar, Muslim Nagar, Alambagh, Lucknow, Uttar Pradesh 226005",https://www.defencedreamers.co.in/
Durgendra classses,918756052052,SSC/Bank/Rail,Lucknow,4.2,339,"Nahar chauraha near badnam laddu alambagh, 19, Sector B, Bargawan, LDA Colony, Lucknow, Uttar Pradesh 226012",
COVALENT COACHING INSTITUTE (CCI),917887060466,SSC/Bank/Rail,Lucknow,5,48,"Covalent Coaching Institute, Malhaur Railway Station Road, near eldeco tiraha, Vikalp Khand, Chinhat, Lucknow, Uttar Pradesh 226028",http://www.covalentcic.in/
Ranker's career Point,917054152010,SSC/Bank/Rail,Lucknow,4.6,41,"Makhan Lal Complex, Adarsh Nagar, Matiyari, chauraha, Lucknow, Uttar Pradesh 226028",
Lakshya IAS Academy - Best IAS PCS RO ARO Coaching In Lucknow,918182093320,SSC/Bank/Rail,Lucknow,4.6,293,"2nd Floor, Laxmi Tower, Shani Mandir Chauraha, Cantt Road, above Bank Of India, Nilmatha Bazar, Telibagh, Lucknow, Uttar Pradesh 226002",http://lakshyaiaslko.com/
Yash Coaching institute,919935870796,SSC/Bank/Rail,Lucknow,4.4,28,"87, near Railway Crossing, Hata Ramdas, Sadar Bazaar, Cantonment, Lucknow, Uttar Pradesh 226002",https://yashcoachinginstitute.com/
Classmate Academy - SSC CGL Coaching,919515120321,SSC/Bank/Rail,Hyderabad,4.7,203,"8-3-214/3, 2/A,3rd Floor, Above KARACHI BEKARY, Pillar No: A, 1041, near HARSHA Mess, Maitrivanam, Srinivasa Nagar West, Ameerpet, Hyderabad, Telangana 500038",
Indian Academy Of Competitive Exams,919700077411,SSC/Bank/Rail,Hyderabad,4.8,128,"Flat No: 303 Sri Enclave Apartments Above KVB Bank, Nagarjuna Nagar Colony, Ameerpet, Hyderabad, Telangana 500029",http://www.iace.co.in/
RACE - DILSUKHNAGAR - IBPS RRB/LIC AAO/SSC-CGL/CHSL/Railway/CAT/ICET/SI-Constable COACHING,919985999900,SSC/Bank/Rail,Hyderabad,4.2,349,"4th Floor, V.V. Complex, Above Tipsy Topsy Bakery, Metro Pillar No.1557 ,Chaitanyapuri X Roads, Pillar No.1557, Metro Station Dilsukhnagar, VR Colony, Kamala Nagar, Dilsukhnagar, Hyderabad, Telangana 500060",https://www.race4job.com/
Classmate Academy,919618060699,SSC/Bank/Rail,Hyderabad,4.5,326,"1-1-18/90 TRT No. 33/34 2nd Floor, Jawahar Nagar, Sweta Enclave, Chikkadpally, Kavadiguda, Hyderabad, Telangana 500020",
RACE - AMEERPET IBPS RRB/SBI/LIC AAO/SSC-CGL/CHSL/MTS/Railway/POLICE/CSAT COACHING,919912544004,SSC/Bank/Rail,Hyderabad,4.6,300,"206, 2nd Floor, Seeshmahal road, Ameerpet, Hyderabad, Telangana 500016",https://www.race4job.com/
"Career Power (Adda247)-IBPS, SBI POs & Clerks | SSC CGL & CHSL| RAILWAY | TSPSC | Group 2,3,4 Coaching in Secunderabad",918500881882,SSC/Bank/Rail,Hyderabad,4.8,264,"West Block, Archana Arcade, 201, Old Lancer Lines, Railway Colony, Chilakalguda, Secunderabad, Hyderabad, Telangana 500003",https://www.careerpower.in/government-jobs.html
LACE Academy(Banks/SSC/RRB/IPMAT/GRE),919848144430,SSC/Bank/Rail,Hyderabad,4.8,121,"5th Flr, above Kaya Skin Clinic, Kukatpally Housing Board Colony, K P H B Phase 1, Kukatpally, Hyderabad, Telangana 500072",http://www.laceacademy.in/
"DICE Academy-ICET/BITSAT/nda/EAPCET/Bank/SSC/RRB/CAT/RRB/Tspsc Groups/ MAT /ipmat/iit jee , dilsuknagar, hyderabad",919676146591,SSC/Bank/Rail,Hyderabad,4.9,333,"metro pillar 1529, 1st floor, Prashanth Complex, opposite CMR shopping Mall, Hanumannagar, Dilsukhnagar, Hyderabad, Telangana 500060",https://www.diceonlineexams.in/?utm_source=gmb&utm_medium=referral
RACE - KPHB RAILWAY/BANKING/SSC-CGL/CHSL/MTS/RAILWAYS/CAT/ICET COACHING,918187029393,SSC/Bank/Rail,Hyderabad,4.1,177,"2/22/139/1, 4th Floor, Siri Plaza HMT Rd, Bhagya Nagar Colony, beside Metro Station, Kukatpally Housing Board Colony, Bhagya Nagar Colony, Kukatpally, Hyderabad, Telangana 500072",https://www.race4job.com/
RACE - HIMAYATNAGAR/NARAYANGUDA I IBPS RRB/SBI/LIC AAO/SSC-CGL-CHSL/RRB NTPC/CSAT/ICET/CAT/Coaching Ashoknagar | RTC X Roads,919603997479,SSC/Bank/Rail,Hyderabad,4.5,172,"Kubera Towers, 406, Chikkada Palli 4 St, beside FlyOver Bridge, Gandhi Kuteer Colony, Himayatnagar, Hyderabad, Telangana 500029",https://www.race4job.com/
FORTUNE STENO ACADEMY FOR SSC & RRB STENOGRAPHER / BEST SHORTHAND (STENO) INSTITUTE IN HYDERABAD,919542191444,SSC/Bank/Rail,Hyderabad,4.8,182,"1st floor, Chenna complex, Metro Pillar No. A1542, Durga Nagar, Krishna Nagar, Dilsukhnagar, Hyderabad, Telangana 500060",
"VIJETHA STUDY CIRCLE BEST COACHING IN CIVIL 'S GROUPS,1,2 3,4 SI OF POLICE , TET AND DSC,BANK PO'S & CLERKS SSC RRB ICET",919246110224,SSC/Bank/Rail,Hyderabad,4.1,257,"A.D.R Estate, above Bank of India, opposite RS Brothers, Kukatpally Housing Board Colony, Bhagya Nagar Colony, Kukatpally, Hyderabad, Telangana 500072",https://vijethastudycircle.com/
POLICE/GROUP 2;3;4/SSC CGL/RRB NTPC&ALP/CLAT/CDS/ARMY | Raghavendra Coaching Center,918341175812,SSC/Bank/Rail,Hyderabad,4.9,155,"Metro Ameerpet, Kumar Basti, Ameerpet, Hyderabad, Telangana 500038",https://raghavendracoachingcenter.co.in/
"GROUP-1,2,3,4 I POLICE SI CONSTABLE",918886775812,SSC/Bank/Rail,Hyderabad,4.7,333,"ANNAPURNA BLOCK 404,4TH FLOOR, CELL:8886775812, Swathi Avenue, Ameerpet, Hyderabad, Telangana 500016",
"Veranda RACE Govt Exams Coaching Institute - Bank, SSC, TSPSC - RTC X Road",919030460560,SSC/Bank/Rail,Hyderabad,4.5,19,"First Floor, 1-2-365/36/4/1, Ramakrishna Mutt Lane, beside Dr. Mohan's Diabetes Specialities centre, opp. Indira Park Road, Valmiki Nagar, Domalguda, Himayatnagar, Hyderabad, Telangana 500080",https://raceinstitute.in/branches/
Golconda Institute,919492992012,SSC/Bank/Rail,Hyderabad,4.8,106,"Golconda Institute, Station, opposite Metro Pillar 1531, beside Metro Station Dilsukhnagar, Gaddiannaram, Madhura Puri Colony, Dilsukhnagar, Hyderabad, Telangana 500060",https://golin.courses.store/?utm_source=tutor-app&utm_medium=tutor-website-share&utm_campaign=app-home-banner
"Gradeup Steno Academy (stenography coaching for SSC,RRB,ESIC,ISRO,DRDO And all other competitive examinations)",918790870751,SSC/Bank/Rail,Hyderabad,5,39,"Flat no 302, lotus spring apartment, near GST office, alinagar, Old Bowenpally, Hyderabad, Secunderabad, Telangana 500011",
Pragathi Coaching Center,919390989399,SSC/Bank/Rail,Hyderabad,4.8,147,"3rd Floor, MIG 219, Rd Number 2, opposite metro station, Kukatpally Housing Board Colony, K P H B Phase 1, Kukatpally, Hyderabad, Telangana 500072",
Sreedhar's College For Competitive Exams,917680887700,SSC/Bank/Rail,Hyderabad,4.3,49,"Near, Indira Park Rd, Valmiki Nagar, Ashok Nagar, Signals, Hyderabad, Telangana 500080",http://www.sreedharscce.com/
Career Launcher Madhapur,918367095274,SSC/Bank/Rail,Hyderabad,4.4,372,"3rd Floor, Sri Sai Nilayam, A Block 301, Image Hospital Rd, opp. Brown Bear Bakers, Vitalaro Nagar, Madhapur, Hyderabad, Telangana 500081",https://www.careerlauncher.com/hyderabad-madhapur/
"Abdul's Academy (Engineering/Diploma Tuition, Ecet/Polycet,Eamcet/Degree/Intermediate/SSC/CBSE/ICSE Coaching/Online Classes)",918801648481,SSC/Bank/Rail,Hyderabad,5,70,"16-8-726, opp. Noor masjid, near Akbar Towers, Kala Dera, New Malakpet, Hyderabad, Telangana 500024",https://abdulsacademy.com/
Pragnya IAS - Degree with IAS Coaching in Hyderabad - Top Degree Colleges with IAS Coaching in India,919880487071,SSC/Bank/Rail,Hyderabad,4.1,382,"No.1-10-209, First Floor, Ashok Nagar, Indira Park Rd, VV Giri Nagar, Signals, Kavadiguda, Hyderabad, Telangana 500080",http://www.pragnyaiascoachinghyderabad.com/
TIME,914040088400,SSC/Bank/Rail,Hyderabad,4.2,236,"I Floor, Vamshi Estate,, opp. Chandana Brothers, Punjagutta Officers Colony, Punjagutta, Hyderabad, Telangana 500082",http://www.time4education.com/
T.I.M.E.,914040088300,SSC/Bank/Rail,Hyderabad,4.5,165,"1-90-2G, Hitech City Rd, beside Image Hospital, Arunodaya Colony, Vittal Rao Nagar, Madhapur, Hyderabad, Telangana 500081",http://www.time4education.com/
The Gurukul - Best IPMAT & CAT Coaching in Hyderabad,919014002040,SSC/Bank/Rail,Hyderabad,5,100,"4th Floor, Survey Number 86, Ganesh GHR MSY Plaza, Vittal Rao Nagar Rd, Vittal Rao Nagar, Madhapur, Hyderabad, Telangana 500081",http://thegurukul.org.in/
HYDERABAD IAS ACADEMY - HIAS / Rohith's Academy,917981309298,SSC/Bank/Rail,Hyderabad,5,151,"1st Floor Plot no, SURVIBA TOWERS, 247/3RT, near Umesh Chandra Statue, Bapu Nagar, Sanjeeva Reddy Nagar, Hyderabad, Telangana 500038",https://www.hyderabadiasacademy.com/
T.I.M.E.,914042210497,SSC/Bank/Rail,Hyderabad,4,206,"4th floor 16/11, CL Reddy Complex 477/3/1&2, above Bajaj Electronics - Dilsukhnagar, Hanumannagar, Indira Nagar, Dilsukhnagar, Hyderabad, Telangana 500060",
"Brain Trainer Academy - Bank, ,SSC, SI-Constable, RRB Railway Coaching Centre in Hyderabad",919392817513,SSC/Bank/Rail,Hyderabad,4.5,8,"Pillar No 45, Steel Bride,Beside Pizza Hut 1-1-101/A 5 to 7,2nd Floor RTC x ROADS,Opp Steel Bridge To Pillar No:-P-45,Hyderabad -500020 Opp Steel Bridge To, Pillar No:-P-45, Vivek nagar, Chikkadpally, Himayatnagar, Hyderabad, Telangana 500020",
RAO'S ACADEMY Best UPSC/TGPSC & APPSC Coaching Institute in Hyderabad,919522205551,SSC/Bank/Rail,Hyderabad,4.8,27,"Metro Pillar No. 39&40 RTC X Roads, Sweta Enclave, Ashok Nagar, Kavadiguda, Hyderabad, Telangana 500020",http://www.raosacademy.in/
Kulkarni's Academy of Mechanical Engineering,919079771504,SSC/Bank/Rail,Hyderabad,4.8,323,"16-11-20/20, Saleem Nagar Colony, Malakpet Extension, Malakpet, Hyderabad, Telangana 500036",http://www.kulkarniacademy.com/
"Ahmed's Institute (Engineering/Diploma Tuition, Ecet/Polycet, Polytechnic/Intermediate/SSC/CBSE/ICSE Coaching/Online Classes)",919700573988,SSC/Bank/Rail,Hyderabad,4.7,198,"16-7-346, opp. saifa Masjid, beside SBI bank, Old City, Azampura, Malakpet, Hyderabad, Telangana 500024",https://ahmedsinstitute.in/
GOVidya (Tuteetute Hyderabad),918096222322,SSC/Bank/Rail,Hyderabad,4.9,66,"16-2-753, A/2, gaddiannaram cross roads, near konark diagnostics, APAU Colony, revenue board colony, Dilsukhnagar, Hyderabad, Telangana 500060",https://govidya.classx.co.in/
Raghavendra Bank Coaching Institute,917801006117,SSC/Bank/Rail,Hyderabad,4.9,93,"MIG 220, 2nd Foor, KPHB, Rd Number 2, Kukatpally Housing Board Colony, K P H B Phase 1, Kukatpally, Hyderabad, Telangana 500072",
RSB Education,919393787373,SSC/Bank/Rail,Hyderabad,4.8,163,"1-7-207, 1, South Kamala Nagar, ECIL, Moula Ali, Secunderabad, Telangana 500062",
"Sri Medha IAS Study Circle (since 1998) - Best Coaching Institute for Group 1 Aspirants, Appsc, Tspsc, Group 1 Mains",919849506649,SSC/Bank/Rail,Hyderabad,4.9,112,"1st floor, opposite to canara bank, above vision express spectacles shop, New Bakaram, Usyatam Residency, Gandhi Nagar, Kavadiguda, Hyderabad, Telangana 500080",https://srimedhaias.com/
MERIT Institute,914066367827,SSC/Bank/Rail,Hyderabad,3.4,69,"No. 16-11-741/B, Noble Degree College Building, Adj. AXIS Bank, Musarambagh, Dilsukhnagar, Indira Nagar, Dilsukhnagar, Hyderabad, Telangana 500036",
Institute of Professional Banking | IPB Hyderabad,917668876699,SSC/Bank/Rail,Hyderabad,4.4,7,"Muzigal ,5th Floor, Kukatpally Housing Board Colony, KPHB 5th Phase, Kukatpally, Hyderabad, Telangana 500085",https://ipbindia.com/
"IMS Narayanguda - Leader in CAT, XAT, NMAT, SNAP, CMAT, IPMAT, BBA entrance prep",919100104433,SSC/Bank/Rail,Hyderabad,4.6,239,"3-5-1094, 2nd Floor, YMCA Cir, above Sri Suman Electricals, & Madapati Hanumantha Rao School, opp. Blood Bank, Venkateshwara Colony, King Koti, Narayanguda, Hyderabad, Hyderguda, Telangana 500027",https://www.imsindia.com/
Sreedhar's CCE,919393971616,SSC/Bank/Rail,Hyderabad,4.3,175,"2/22/139/1, HMT Rd, Bhagya Nagar Colony, Kukatpally, Hyderabad, Telangana 500072",http://www.sreedharscce.com/
Elite 365 - No.1 banking institute,917675949423,SSC/Bank/Rail,Hyderabad,4.1,34,"3rd Floor, Plot No.MIG-208, Rd Number 1, above Aravind Store, Kukatpally Housing Board Colony, K P H B Phase 1, Kukatpally, Hyderabad, Telangana 500072",
"IMS Punjagutta - Leader in CAT, XAT, NMAT, SNAP, CMAT, IPMAT, BBA, CLAT, AILET, SLAT, NMIMS-LAT, LNAT-UK entrance prep",919100104431,SSC/Bank/Rail,Hyderabad,4.6,200,"3rd Floor, Bhans Aarohan Plaza, 6-3-678/1, Durga Nagar Rd, behind Joy Alukkas, Durga Nagar Colony, Somajiguda, Hyderabad, Telangana 500082",https://www.imsindia.com/
Career Launcher Ameerpet Center,919985067787,SSC/Bank/Rail,Hyderabad,4.5,365,"101, First Floor, My Home Lakshmi Nivas Apartment, opp. Dr. Reddy's Lab, Greenlands, Ameerpet, Hyderabad, Telangana 500016",http://www.careerlauncher.com/
VANI INSTITUTE,919704887991,SSC/Bank/Rail,Hyderabad,4.4,327,"2nd Floor, opp:, Chermas, Brook Bond Colony, Chirag Ali Lane, Abids, Hyderabad, Telangana 500001",http://www.vaniinstitute.com/
Great RRB Coaching Institute,919347314456,SSC/Bank/Rail,Hyderabad,3.8,187,"House no-6, 1-102/d, Abhinav Colony, Walker Town, Padmarao Nagar, Hyderabad, Secunderabad, Telangana 500020",
RACE - SECUNDERABAD I RAILWAYS/IBPS RRB/LIC AAO/SSC/CAT/ICET/CSAT COACHING I RRB-NTPC/RRB-ALP/RRB-JE/RRC,919392932900,SSC/Bank/Rail,Hyderabad,3.9,19,"4th Floor, Archana Arcade, 404, Old Lancer Lines, beside Secunderabad East Metro Station, South Block, Chilakalguda, Secunderabad, Telangana 500003",https://www.race4job.com/
National Academy Institute for competitive exams,919440227357,SSC/Bank/Rail,Hyderabad,4.6,234,"dacha complex, opposite ECIL Bus Terminal Road, Kamala Nagar, SS Enclave, Moula Ali, Secunderabad, Hyderabad, Telangana 500062",http://www.mynationalacademy.in/
NANDYALA Vari KIRAN'S COACHING CENTRE,918919730984,SSC/Bank/Rail,Hyderabad,5,70,"NH 44, beside sbi bank, Medchal, Hyderabad, Secunderabad, Telangana 501401",
B.K. Technologies,919703413170,SSC/Bank/Rail,Hyderabad,5,94,"11-2-472/1/C, Namalagundu, Padmarao Nagar, Secunderabad, Telangana 500061",
RACE -DSNR I IBPS/SBI PO/CLERK /SSC-CGL/RAILWAYS/CAT/ICET/CSAT COACHING,918341902102,SSC/Bank/Rail,Hyderabad,3.8,9,"2nd Floor, Mumbai Complex, Metro Pillar No.1544, Megha Theatre lane, Sai Baba Temple Rd, Gaddiannaram, Anamangal Kumari kunta, Lalitha Nagar, Dilsukhnagar, Hyderabad, Telangana 500060",http://www.race4job.com/
IACE Railway Campus,919533200400,SSC/Bank/Rail,Hyderabad,4.4,52,"9G8M+8HQ, Janpriya Sauda Complex, Kamala Nagar, Dilsukhnagar, Hyderabad, Telangana 500060",
Pragathi Academy,919063405548,SSC/Bank/Rail,Hyderabad,4.7,165,"Flat No.101, BSNL OFFICE, Opp:, ECIL Bus Terminal Rd, South Kamala Nagar, ECIL, Moula Ali, Hyderabad, Secunderabad, Telangana 500062",
Chandan Logics,919676578793,SSC/Bank/Rail,Hyderabad,4.9,171,"4th floor, VCP Empire, Road No: 1, suraksha hills, Maruthi Hill Society, Suraksha Colony, Bandam Kommu, Chanda Nagar, Hyderabad, Ramachandrapuram, Telangana 502032",http://www.chandanlogics.com/
Competeminds,919010701353,SSC/Bank/Rail,Hyderabad,5,13,"Financial District, Nanakramguda, Hyderabad, Telangana 500075",https://www.competeminds.in/
Vali Rameshwars ias/CLAT academy earlier called as Rangaraya ias academy,919346964028,SSC/Bank/Rail,Hyderabad,4.7,263,"4 th floor, AVM Towers, near chutneys restaurant, Kukatpally Housing Board Colony, Jal Vayu Vihar, Kukatpally, Hyderabad, Telangana 500085",http://valirameshwarsiasacademy.in/
RankersHub,919177730001,SSC/Bank/Rail,Hyderabad,4.6,13,"202, Second Floor, Pavani Anasuya Towers, above Sudharshan Reddy Sweets, Shri Mitra Ramana Classic Enclave, Krishna Giri Enclave, Tarnaka, Hyderabad, Secunderabad, Telangana 500017",
"The Prayas India Andheri: Best Coaching Class for MBA CAT CET | UPSC MPSC | SSC CGL, Bank PO/Clerk | NDA, CDS | Law Coaching",918355951603,SSC/Bank/Rail,Mumbai Andheri,4.7,229,"517, Station, Andheri, Railway Colony, Andheri West, Mumbai, Maharashtra 400058",https://theprayasindia.com/
Career Power Adda247 Andheri Offline Centre,918591357070,SSC/Bank/Rail,Mumbai Andheri,4.7,200,"Office Number 6, 1st floor, Alankar Shopping Centre, RIGHT, NADCO Shopping Centre, above Tripti Sweets, opp. Railway Station, Railway Colony, Andheri West, Mumbai, Maharashtra 400058",http://aadityaparmar.in/
STUDY CAMPUS,917700008850,SSC/Bank/Rail,Mumbai Andheri,4.8,333,"407/B, Vertex Vikas Building, Metro Gate Exit # 4, Andheri (East), above Anupam Stationery, Andheri East, Mumbai, Maharashtra 400069",http://studycampus.in/
"The Prayas India Borivali Best Coaching Class for MBA CAT CET and UPSC MPSC SSC CGL, Best Bank PO/Clerk, NDA, CDS Coaching",917710013217,SSC/Bank/Rail,Mumbai Andheri,4.7,369,"Orchid Plaza, 205, Swami Vivekanand Rd, behind Gokul Shopping Complex, Meghdoot, Mhatre Wadi, Borivali, Mumbai, Maharashtra 400092",https://theprayasindia.com/
EMGC,919372947062,SSC/Bank/Rail,Mumbai Andheri,5,260,"Sai Leela Apartment, 306, Swami Vivekanand Rd, opp. Moksh Plaza, Datta Park, Borivali West, Mumbai, Maharashtra 400092",https://www.emgc.in/
Vikas sir's Wisdom Academy,919930939858,SSC/Bank/Rail,Mumbai Andheri,5,64,"4th floor B, wing twin arcade, Military Rd, opp. Sugun hospital, above Shubham green hotel 404, Sankasth Pada Welfare Society, Marol, Andheri East, Mumbai, Maharashtra 400059",
IBOP Academy,919513170855,SSC/Bank/Rail,Mumbai Andheri,4.8,104,"Office no.24, Vivina Bldg No, NADCO Shopping Centre, 2B, opp. Andheri Railway Station East Northern Overpass, next to Bus Depo, Railway Colony, Andheri East, Mumbai, Maharashtra 400058",http://ibopacademy.in/andheri/
Vikas Sawants Academy,919920961261,SSC/Bank/Rail,Mumbai Andheri,5,4,"Shoppers Point, 208, Swami Vivekanand Rd, above Hotel Moti Mahal, near Railway Station, Andheri, Andheri West, Mumbai, Maharashtra 400058",https://vikassawantsacademy.com/
"Reliable Academy - Best UPSC, MPSC, SSC, Banking, RBI, SBI, IBPS, NDA, Railway Coaching Classes in Dadar Mumbai",919222333999,SSC/Bank/Rail,Mumbai Andheri,4.7,74,"6th Floor, Laxmi Commercial Complex, Senapati Bapat Marg, near Manish Market, opp. Dadar Railway Station, Dadar West, Dadar, Mumbai, Maharashtra 400028",https://reliableacademy.com/
CPLC Andheri,919619534099,SSC/Bank/Rail,Mumbai Andheri,4.8,170,"Time Chambers, 502, Swami Vivekanand Rd, near Andheri station, Andheri West, Mumbai, Maharashtra 400058",https://cplceducation.in/
Vikas Sawants Academy- IBPS BANK SSC & RAILWAY Coaching Classes in Mumbai,918169099028,SSC/Bank/Rail,Mumbai Andheri,4.7,177,"Ground Floor, AT Speak Well English Academy, Madhav Wadi, Middle Bunglow, MMGS Marg, Dadar East, Dadar, Mumbai, Maharashtra 400028",https://vikassawantsacademy.com/
Pioneer Academy,919137541508,SSC/Bank/Rail,Mumbai Andheri,4.6,165,"3rd floor, Syndicate Chambers, above Vaibhav restaurant nxt to Better Home Hotel, opp. Andheri East Station Road, Andheri East, Mumbai, Maharashtra 400069",http://www.pioneeracademypace.com/
Chahal Academy,919909111227,SSC/Bank/Rail,Mumbai Andheri,4.7,297,"Office No. 412, Station, next to McDonald, Railway Colony, Andheri West, Mumbai, Maharashtra 400058",https://chahalacademy.com/best-ias-coaching-in-mumbai
The Race Academy,919699437329,SSC/Bank/Rail,Mumbai Andheri,4.4,14,"Office No - 215, 2nd Floor, Shoppers Point, beside Motimahal, opposite Andheri - Kurla Road, Andheri West, Mumbai, Maharashtra 400058",
Eklavya IAS Academy (UPSC - MPSC - SSC Classes in Andheri West),917506701500,SSC/Bank/Rail,Mumbai Andheri,5,36,"Third Floor, Utkarsh CHS, 3/B, Madhavdas Amarshi Rd, next to Amar Restaurant, Railway Colony, Andheri West, Mumbai, Maharashtra 400058",https://eklavyasiasacademy.com/
Centre for Defence Careers,919833958444,SSC/Bank/Rail,Mumbai Andheri,4.6,65,"6th Floor, Pearl Palza, 613, Station Road, next to McDonald, Railway Colony, Andheri West, Mumbai, Maharashtra 400058",https://www.centrefordefencecareers.co.in/?utm_source=GMB+&utm_medium=GMB+organic
JDCs Jagdishbhai's Dani Classes,919820248238,SSC/Bank/Rail,Mumbai Andheri,4.6,34,"101/B, 1st Floor, Vertex Vikas Building, opp. Railway Station, Andheri East, Mumbai, Maharashtra 400069",https://jdcs.in/jee-neet-classes-in-andheri/
"Unacademy Coaching Centre - Andheri, Mumbai | IIT JEE, NEET & Foundation Classes",916366527177,SSC/Bank/Rail,Mumbai Andheri,4.4,69,"1st floor, Harish Society, Hotel, Swami Vivekanand Rd, Lohana Colony, Andheri West, Mumbai, Maharashtra 400058",https://unacademy.com/goal/iit-jee-coaching/JVITK/centre/Mumbai-Centre/Y33S2L1EYI?source=citesCentreGoalPage
Study Campus,917900005077,SSC/Bank/Rail,Mumbai Andheri,4.8,319,"W) Railway Station, 401 & 402, Shivaji Path, above कृष्णा स्वीट्स, Dada Patil Wadi, Opp:, Thane West, Thane, Maharashtra 400601",http://studycampus.in/
ACS Academy,918149895185,SSC/Bank/Rail,Pune,4.6,208,"1262 B I RD, 1st floor, Sterling Plaza, Jangali Maharaj Rd, opp. SAI PETROL PUMP, Deccan Gymkhana, Pune, Maharashtra 411004",
"IBT Institute : SSC CGL Coaching in Pune, Bank PO Coaching in Pune",918421762647,SSC/Bank/Rail,Pune,4.8,138,"Tejaswini Society, Tejaswini Ln 2, Shambhu Vihar Society, Aundh, Pune, Maharashtra 411067",https://www.ibtindia.com/bank-ssc-coaching-pune
"Career Power - Bank, SSC Coaching in Pune | RRB IBPS SBI Bank PO/Clerk, AGRI/AFO Coaching",918857090603,SSC/Bank/Rail,Pune,4.1,176,"1st Floor, Ketaki Building, near Alka Theatre, Navi Peth, Sadashiv Peth, Pune, Maharashtra 411030",https://www.careerpower.in/
CAREERS HUB PUNE- BEST SSC CGL CLASSES IN PUNE II BEST BANKING CLASSES IN PUNE II RAILWAYSCLASSES IN PUNE II,919764731312,SSC/Bank/Rail,Pune,4.8,260,"209 B/5, Sharad Pandit Path, opp. Bank of maharastra, off Lal Bahadur Shastri Road, Lokamanya Nagar, Navi Peth, Sadashiv Peth, Pune, Maharashtra 411030",http://careershubindia.com/
"My Tayaari Institute - Coaching for Banking Exams, Central Exams, Railway, MBA entrance, MCA Exams, Law and other Exams",919049698918,SSC/Bank/Rail,Pune,4.9,207,"Office No 103/104, Kakade Plaza, Bus Stop, above The Vishweshwar Sahakari Bank First, Warje Jakat Naka, Karvenagar, Pune, Maharashtra 411052",http://www.mytayaari.com/
Aspire 360 Coaching Institute,919175823321,SSC/Bank/Rail,Pune,5,92,"Office no 6 first floor, Gokul building, dnyaneshwar paduka chowk, Ferguson College Rd, above Airtel store, Sud Nagar, Shivajinagar, Pune, Maharashtra 411005",https://www.aspire360.info/
"SIGMA INSTITUTE - best institute in Pune for railway, cgl and bank po exams",917498312038,SSC/Bank/Rail,Pune,5,145,"Office 1, 2nd floor Snehadeep construction, m on, 100, Ram Nagar Rd, near Malawadi Warje Flyover, Warje, Pune, Maharashtra 411058",
Mindchangers Academy - Best Banking Classes in Pune | SSC Classes in Pune | IBPS | SBI | MBA-CET,919405267810,SSC/Bank/Rail,Pune,5,62,"2, Saikar Complex, Bhumkar Chowk, Shankar Kalat Nagar, Wakad, Pimpri-Chinchwad, Maharashtra 411057",http://www.mindchangersacademy.com/
"Mahendra's Institute - Banking, SSC & Railway Coaching",916391207089,SSC/Bank/Rail,Pune,4.8,205,"Besides Hyatt Regency, Office no B202, 2nd Floor, above Domino's Pizza, Sakore Nagar, Viman Nagar, Pune, Maharashtra 411014",https://www.mahendras.org/
"UBUNTU( उबुंटू ) स्पर्धा परीक्षा मार्गदर्शन केंद्र, हडपसर,पुणे.",918888440119,SSC/Bank/Rail,Pune,4.9,220,"A wing, Flat No.4, Satyalok Commercial Complex, Police Station, opposite Hadapsar, near Gadital, Utkarsh Nagar, Hadapsar, Pune, Maharashtra 411028",http://www.ubuntuacademy.co.in/
"Career Power-Best Banking classes in Pune | SSC, Railway, SBI-IBPS-RRB, RBI, NABARD, Placement Apti classes in PCMC",917559245513,SSC/Bank/Rail,Pune,4.9,259,"2nd floor, Manoj chaudhary academy, opposite Akurdi Railway Station Road, Gawade Wada, Gurudwara Colony, Akurdi, Pimpri-Chinchwad, Pune, Maharashtra 411033",https://www.careerpower.in/viewCourses.html?city=Delhi&branch=Laxmi%20Nagar&key=All%20Courses
"Grace Edumatics - Best Banking classes in Pune | IBPS PO, SBI PO, RBI GRADE B, Insurance | SSC Classes in Pune",918087802075,SSC/Bank/Rail,Pune,5,123,"Indulal Complex, Lal Bahadur Shastri Rd, Prashant Nagar, Lokamanya Nagar, Navi Peth, Sadashiv Peth, Pune, Maharashtra 411030",http://graceedumatics.com/
"Excellence Career Academy for NDA & CDS (Written & SSB) MPSC, UPSC, SSC, SAINIK SCHOOL",917249646808,SSC/Bank/Rail,Pune,4.8,62,"First floor, Sai Samruddhi Park Building Infront of Aeropolic Society Porwal road, Dhanori-Lohegaon Rd, Kutwal Colony, Lohegaon, Pune, Maharashtra 411047",http://www.excellencecareeracademy.in/
TARGET POINT INSTITUTE,919579108046,SSC/Bank/Rail,Pune,4.9,168,"Office 306, 3Rd Floor, 307, Jangali Maharaj Rd, above Panchali Hotel, Shivajinagar, Pune, Maharashtra 411005",https://www.targetpointinstitute.com/
Career Launcher Pune Aundh,917385559005,SSC/Bank/Rail,Pune,4.8,235,"2nd floor, Ravi Usha Heights, Common Wealth Society, near Reliance retail limited, Shambhu Vihar Society, Baner Chs, Aundh, Pune, Maharashtra 411007",https://www.careerlauncher.com/pune/aundh/?utm_source=gbp&utm_medium=orgnic&utm_campaign=traffic
Saarthi Education,919699741703,SSC/Bank/Rail,Pune,4.9,81,"First floor, Ketaki apartment, Lal Bahadur Shastri Rd, behind bank of india, near Alka cinema, Navi Peth, Sadashiv Peth, Pune, Maharashtra 411030",https://saarthieducationpune.in/
A+ Academy - CBSE/ICSE/SSC Coaching Classes,918329257437,SSC/Bank/Rail,Pune,5,12,"204, Yogeshwari Park, Khedekar Industry Rd, Khedekar industrial estate, Mokarwadi, Narhe, Pune, Maharashtra 411041",
Genius Career Academy,918788446625,SSC/Bank/Rail,Pune,4.9,213,"4th Floor, Lal Bahadur Shastri Rd, near Dandekar Pool, Dandekar Pool, Mangirbaba Chowk, Pune, Maharashtra 411030",http://geniuscareeracademy.co.in/
Grace Edumatics - Best banking classes in Pune,918087472075,SSC/Bank/Rail,Pune,5,28,"Indulal complex, Lal Bahadur Shastri Rd, Prashant Nagar, Lokamanya Nagar, Navi Peth, Sadashiv Peth, Pune, Maharashtra 411030",https://www.graceedumatics.com/
Sankalp Education Pune,919762441100,SSC/Bank/Rail,Pune,4.9,111,"Navi Peth, Dattawadi, Pune, Maharashtra 411030",http://www.sankalp247.com/
PK Classes – MBA CET Coaching | banking coaching | SSC | GRE coaching,919501003199,SSC/Bank/Rail,Pune,4.9,88,"Flat 204, Shree Apartment, Sankalp Park, Shambhu Vihar Society, Baner Chs, Aundh, Pune, Maharashtra 411007",https://aptitudeclassespune.com/
Genius Career Academy,918080144845,SSC/Bank/Rail,Pune,4.8,60,"3rd Floor, Dange Chowk, 33, Kalewadi Rd, nr. Sai Jyoti Hospital, Onkar Colony, Yashoda Colony, Thergaon, Pimpri-Chinchwad, Pune, Maharashtra 411033",http://geniuscareeracademy.co.in/
Scholars Guru Academy,919503411078,SSC/Bank/Rail,Pune,4.5,34,"Saptrang Akash soc, Garwa hotel building, A 309, Bhekrai Nagar, Tukai Darshan, Pune, Maharashtra 412308",http://www.scholarsguru.co.in/
Kautilya IAS Academy Narayan peth Pune,919881680595,SSC/Bank/Rail,Pune,4.8,25,"4th floor, B Wing, police chauki, Narayan chember, near Narayanpeth, Vijayanagar Colony, Narayan Peth, Pune, Maharashtra 411030",https://www.kautilyaiasacademy.in/
The Focus Academy,918237135511,SSC/Bank/Rail,Pune,4.8,105,"first Floor, Shoppers Orbit, Vishrantwadi, Pune, Maharashtra 411015",http://www.learnthefocusacademy.com/
"T.I.M.E. - Coaching Institute In Kothrud, Pune",919158998235,SSC/Bank/Rail,Pune,4.7,317,"Lane, 2nd Floor, Yash Elina, opp. to Karushma Society, behind Maruti Temple, Kothrud, Pune, Maharashtra 411038",https://www.time4education.com/pune
Deeksha Academy Coaching for 5th to 12th Standard | CBSE • ICSE • SSC • Science & Commerce,918600141456,SSC/Bank/Rail,Pune,4.8,58,"2nd floor, Dream max, Office no A-2 & A-3, Porwal Rd, road, Lohegaon, Pune, Maharashtra 411047",http://deekshacoachingclassesporwalroad.in/
Meridian IAS Academy,919823230905,SSC/Bank/Rail,Pune,3.8,58,"Above Syndicate Bank 3 Rd Floor, Ferguson College Rd, Shivajinagar, Pune, Maharashtra 411005",
YASH BANKING AND COMPUTER INSTITUTE,919850032900,SSC/Bank/Rail,Pune,4.9,368,"Axis Bank, Sinhgad Rd, behind Amrut Bhel, Wadgaon Budruk, Dhayari Phata, Pune, Maharashtra 411068",http://yash247.com/
Spectrum Academy Pune,917774076890,SSC/Bank/Rail,Pune,4.9,199,"1st Floor, Vitthal Prasad building, 30, near Alka Talkies, Joshi Wada, Sadashiv Peth, Pune, Maharashtra 411030",http://www.spectrumacademyonline.in/
Career Launcher Pune Wakad - CAT | CLAT | IPMAT Coaching Classes,918484057812,SSC/Bank/Rail,Pune,4.9,128,"Office No.501 to 505, 5th Floor Mankar Chowk, Sr No. 124, Yashoda Hub-A, Kaspate Wasti Rd, above Chitale Bandhu Mithaiwale, Kaspate Wasti, Wakad, Pimpri-Chinchwad, Maharashtra 411057",https://www.careerlauncher.com/pune/?utm_source=gmb-pune-wakad&utm_medium=organic&utm_campaign=promotion
Rashtaramata Jijau Academy | Best NDA | UPSC | MPSC | The Best NDA | Merchant Navy (IMU-CET) Academy in Pune PCMC,919325121401,SSC/Bank/Rail,Pune,4.9,81,"F.M. City Centre, First floor,On TJSB Bank & Lonavala Bank, near Kunal Plaza Old Pune Mumbai Highway,Chinchwad Railway Station,Chinchwad,Pimpri-Chinchwad (PCMC, Chinchwad, Pimpri-Chinchwad, Maharashtra 411019",https://jijaudefenceacademy.com/
VIKAS Academy- JEE / NEET / MHT-CET / ICSE / CBSE /SSC,919595283892,SSC/Bank/Rail,Pune,4.8,210,"2nd Floor, VIKAS Academy, Bunter Heights, 411 028, DP Rd, above Jay Malhar, Sadhunana Tupe Vasti, Malwadi, Hadapsar, Pune, Maharashtra 411028",https://www.vikas-academy.in/
Mentors Aptitude Academy,919923199249,SSC/Bank/Rail,Pune,4.9,66,"Office No. - 202 2nd Floor, Wing - B, Sakore Nagar, Viman Nagar, Pune, Maharashtra 411014",
Imperial Institute,919373447000,SSC/Bank/Rail,Pune,4.8,298,"2nd Floor, Aditya Centeegra, 11, Ferguson College Rd, Next to IDBI Bank FC Road, Near F.C.Road - Mantri House, Shivajinagar, Pune, Maharashtra 411004",http://www.i2e.co.in/
Grace Edumatics,918007692214,SSC/Bank/Rail,Pune,4.8,35,"flat-B2, Shatanand complex, SN 226, near Hadapsar, Gadital, Hadapsar, Pune, Maharashtra 411028",https://www.graceedumatics.com/
SPARK CAT MBA Coaching FC Road,919970366136,SSC/Bank/Rail,Pune,4.9,237,"Shreenath Plaza, office no 71, Dnyaneshwar Paduka Chowk, B wing, Modern Engineering College Rd, Sud Nagar, Shivajinagar, Pune, Maharashtra 411005",https://spark4cat.com/
PIONEER ACADEMY,919096295253,SSC/Bank/Rail,Pune,4.1,128,"3rd floor, Pinnacle Prestige, 304/5, Tilak Rd, near Durvankur Hotel, above Cosmos Bank, Pantancha Gate, Sadashiv Peth, Pune, Maharashtra 411030",https://www.pioneeracademypace.com/
"Toppernicus Classes - Cat Classes in Pune, MBA CAT CLASSES IN PUNE | MBA CET CLASSES IN PUNE I CAT COACHING CLASSES IN PUNE",917397910113,SSC/Bank/Rail,Pune,4.9,193,"Office No-6, 3rd floor, Ferguson College Rd, opp. Roopali Hotel, Ganeshwadi, Deccan Gymkhana, Pune, Maharashtra 411004",https://www.toppernicus.com/
"Aacharya Academy for NDA, 11th + 12th + NDA, CDS, AFCAT",919423568890,SSC/Bank/Rail,Pune,4.1,234,"119 Akruti Sankul Tilak Road Behind Bank of Maharashtra 2011, Vijayanagar Colony, Sadashiv Peth, Pune, Maharashtra 411030",http://www.aacharyaacademy.co.in/
Pankaj Gandhi Academy CAT Classes | MBA-MHCET Crash Courses | GMAT | IPMAT | BBA Entrance Coaching Pune,918600972993,SSC/Bank/Rail,Pune,4.5,342,"3rd Floor, Sharda Towers, next to Sinhagad College, Khilarewadi, Erandwane, Pune, Maharashtra 411004",http://www.pgaedutech.com/
Ashwamedh IAS Academy | The best UPSC MPSC coaching,917066441003,SSC/Bank/Rail,Pune,4.8,116,"FL-14, AJINKYA TARA, KAMDHENU ESTATE HSG. SOC. SR Near vitthal tupe natyagruah, Pune - Solapur Rd, Malwadi, Hadapsar, Pune, Maharashtra 411028",http://www.ashwamedhiasacademy.in/
"Aptitude Matters-Best Banking classes in PCMC, PUNE. IBPS | SBI | RRB | RBI |SSC | RAILWAY |MBA CET | COMPANY APTITUDE",917387386136,SSC/Bank/Rail,Pune,4.9,328,"2nd floor, Near, Gurudwara Rd, opposite to Akurdi Railway Station Road, Gawade Wada, Gurudwara Colony, Nigdi, Pune, Pimpri-Chinchwad, Maharashtra 411033",http://www.aptitudematters.com/
RIIM ACADEMY,917720060731,SSC/Bank/Rail,Pune,4.8,223,"1st Floor, Mantri Alpine, behind Crystal Honda Showroom, Uttam Nagar, Bhunde Vasti, Bavdhan, Pune, Maharashtra 411021",https://www.riimacademy.com/
Pune Academy,919422415492,SSC/Bank/Rail,Pune,5,30,"Manoj Chaudhari's Maths Academy, Besides, Gurudwara Rd, near Akurdi Railway Station Road, Gawade Wada, Walhekarwadi, Gurudwara Colony, Nigdi, Pimpri-Chinchwad, Maharashtra 411033",
Pune Career Academy By Dr.Raman,919881752790,SSC/Bank/Rail,Pune,5,141,"Near Janta sahkari bank, Sahakar Nagar 2, Lane No.3, Dashabhuja Ganpati Marg, Sahajeevan Society, Parvati Pattha, Parvati Paytha, Pune, Maharashtra 411009",https://www.instagram.com/pune_career_academy
"SRUJAN PRABODHINI - Best Academy for MPSC /PSI/STI/ASO / Banking at Hadapsar, Pune",919764218835,SSC/Bank/Rail,Pune,4.9,136,"3rd floor, A - Wing, Satyalok Commercial Complex, opposite Hadapsar Police Station, above Krushna wadewala, Utkarsh Nagar, Hadpsar, Pune, Maharashtra 411028",https://srujanprabodhini.in/
Yugantar Academy UPSC & MPSC.,917972139182,SSC/Bank/Rail,Pune,5,126,"537, Second Floor, Godambe Building, jodhale chowk, near Garud Ganpati, opposite to Azad Mitra Mandal, Pantancha Gate, Sadashiv Peth, Pune, Maharashtra 411030",https://yugantaracademy.com/
Takalkar Classes-Hadapsar,918484040384,SSC/Bank/Rail,Pune,4.6,384,"Takalkar Classes, Shivam Complex, above Sadhana Sahakari Bank, Parijat Colony, Gadital, Hadapsar, Pune, Maharashtra 411028",https://madhukarchavan.in/takalkar-classes/
V.B MATHS ACADEMY,918446037357,SSC/Bank/Rail,Pune,5,368,"behind Katthi Kabab, La Regalia, near Akurdi Railway Station Road, Sector No. 26, Pradhikaran, Nigdi, Pune, Pimpri-Chinchwad, Maharashtra 411044",
Locus Academy,919823634586,SSC/Bank/Rail,Pune,4.8,43,"Second Floor, Bhakti Avenue, above Raj Bakery, Sukhsagar Nagar, Katraj, Pune, Maharashtra 411046",http://www.locusacademy.in/
AK Professional Institute,918788545855,SSC/Bank/Rail,Pune,4.7,372,"Branch 1: 1st Floor, near Bhumkar Chowk Road, Wakad, Pune, Pimpri-Chinchwad, Maharashtra 411033",https://www.akprofessionalinstitute.com/
"Swarajya Career Academy, Pune",919764730425,SSC/Bank/Rail,Pune,5,123,"First Floor, Shri Mauli Society, Seva Mitra Mandal Chowk, 391G, Chhatrapati Shivaji Maharaj Rd, near Phadgate Police Chowky, Sathe Colony, Shukrawar Peth, Pune, Maharashtra 411002",https://sites.google.com/view/swarajyacareeracademy/
L.I.T ACADEMY,919594749698,SSC/Bank/Rail,Pune,5,161,"940, First Floor, Synagogue St, near Railway Reservation Center, opposite Majestic Resturant, Gawaliwada, Camp-01, Pune, Maharashtra 411001",https://litacademy.org/
"Shivchaitanya Academy, Pune",917410010083,SSC/Bank/Rail,Pune,5,283,"FXM3+672, Phursungi, Jakat Naka, Bhekrai Nagar, Pune, Maharashtra 412308",https://www.shivchaitnyaacademy.com/
"Siddhantu Education - #1 Banking Classes in Pimpri Chinchwad | Banking Courses, IBPS PO, SBI PO, RBI, RRB | SSC Classes PCMC",917770005193,SSC/Bank/Rail,Pune,4.8,150,"Office No 201, 2nd Floor, FM City Centre, Nalband Asso, near Dena Bank, Chinchwad, Pimpri-Chinchwad, Maharashtra 411019",https://siddhantu.com/
VG Classes,919763497404,SSC/Bank/Rail,Pune,5,46,"Manjari bk railway gate, Manjari Budruk, Pune, Maharashtra 412307",
Bharat IAS & KAS Coaching-KPSC SSC IBPS PSI In Bangalore,919980033187,SSC/Bank/Rail,Bengaluru,4.8,320,"2nd floor, 129, 19th Main Rd, opposite to Parthasarathy Damodar Party Hall, 1st Block, 2nd Stage, Rajajinagar, Bengaluru, Karnataka 560010",http://www.bharatias.com/
NICE ACADEMY,919379077799,SSC/Bank/Rail,Bengaluru,4.9,131,"2935, Club Road, 1st Main, Vijayanagar, Bengaluru, Karnataka 560104",http://www.niceacademyblr.com/
Universal Coaching Centre,919686664983,SSC/Bank/Rail,Bengaluru,4.1,296,"Bus Stop, 2922/20, Chord Rd, next to Syndicate Bank, Near Near Attiguppe, Hampi Nagar, RPC Layout, Vijayanagar, Bengaluru, Karnataka 560040",https://universalinstitutions.com/Coaching-KAS-KPS-G/
"Career Launcher Indiranagar, Bangalore Best Classes for CLAT, IPMAT, CAT/MBA Entrance Exam, BBA Entrance Exam Coaching",917899723611,SSC/Bank/Rail,Bengaluru,4.3,276,"NO 241,2nd floor,6th cross, Chinmaya Mission Hospital Rd, near to KFC, opposite to spice hotspot, 1st Stage, Binnamangala, Stage 1, Indiranagar, Bengaluru, Karnataka 560038",https://www.careerlauncher.com/bangalore/indiranagar/
Competition Forum,918050011304,SSC/Bank/Rail,Bengaluru,4.7,148,"57, Jyoti Nivas College Rd, KHB Colony, 5th Block, Koramangala, Bengaluru, Karnataka 560095",http://www.competitionforum.in/
Mahendra's Institute,916391207014,SSC/Bank/Rail,Bengaluru,4.1,215,"18, South End Circle, PT Street, opposite Pai Vista Conventional Hall, Basavanagudi, Bengaluru, Karnataka 560004",https://branch.mahendras.org/bangalore-37902/home?utm_source=GMB
Career Launcher Jayanagar,917899727811,SSC/Bank/Rail,Bengaluru,4.3,274,"Shubha Shree, Shubhasri Mahendra Towers, Building No.#4/3/1 & 3/2, 11th Main Rd, 4th T Block East, Jayanagar 3rd Block, Jayanagar, Bengaluru, Karnataka 560011",https://www.careerlauncher.com/bangalore/jayanagar/
Guidely Learning Centre,918548968320,SSC/Bank/Rail,Bengaluru,4.9,319,"#1230/50 AH Arcade, opp. Hamsa Fancystores, 9th Main road Near Vijayanagar Metro and bus station, Vijayanagar Traffic police station Service Road, SBI Staff Colony, Nagarbhavi 1st Stage, Stage 1, Vijayanagar, Bengaluru, Karnataka 560040",https://guidely.in/page/guidely-offline-centre-bangalore
T.I.M.E. Indiranagar,918861786545,SSC/Bank/Rail,Bengaluru,4.5,362,"3rd Floor, No 494, Chinmaya Mission Hospital Rd, opposite ICICI Bank, above P.N.Rao, Indira Nagar 1st Stage, Stage 1, Indiranagar, Bengaluru, Karnataka 560038",http://www.time4education.com/
Iris Academy Coaching Center,919493243153,SSC/Bank/Rail,Bengaluru,4.9,87,"3481/B, 80 Feet Rd, 4th H block, Banashankari VI Stage, Subramanyapura, Bengaluru, Karnataka 560109",
Spardha Chaithra,918050789902,SSC/Bank/Rail,Bengaluru,4.7,250,"78/6, opp. Veeresh Theatre, behind N B P College, Agrahara Dasarahalli, Vijayanagar, Bengaluru, Karnataka 560010",http://www.spardhachaitra.co.in/
JP Institute,919480948694,SSC/Bank/Rail,Bengaluru,4.9,167,"3rd Floor, JP Institute, Dodda Banaswadi Main Rd, above Reliance Digital, near Ramamurthy Nagar, Signal, Banaswadi, Bengaluru, Karnataka 560043",https://www.jpinstitute.info/
"GreatLearnPro Malleshwaram - CAT, CLAT, NLSAT, IPMAT/BBA, MAT, NMAT, SNAP, PGCET, BANKING & SSC CGL",918660972653,SSC/Bank/Rail,Bengaluru,4.9,317,"1st Floor, 344/1, Sampige Rd, Vyalikaval, Kodandarampura, Malleshwaram, Bengaluru, Karnataka 560003",https://greatlearnpro.com/
SADHANA COACHING CENTRE,919902488801,SSC/Bank/Rail,Bengaluru,4.7,341,"Madhav Villa, 193C, 16th Cross Rd, Govindaraja Nagar Ward, Stage 2, Vijayanagar, Bengaluru, Karnataka 560040",https://www.sadhanacoachingcenter.com/
"Magme Medal Govt Exams Coaching - Best Institute for Bank Exams, CAT, GMAT, SSC, KPSC, TNPSC, UPSC, Police, Railway, Sainik",919751606309,SSC/Bank/Rail,Bengaluru,5,6,"Bhavani Towers, 61/13, AnanthanagarMain Road, Huskur Rd, Kammasandra, Electronic City, Hebbagodi, Karnataka 560100",https://magmemedal.com/
Sri Sai Coaching Classes - Competitive Exam | Class 10 | Professional Couse UG PG Coaching,919148860252,SSC/Bank/Rail,Bengaluru,4.8,395,"1781, 14th Main Rd, 1st Stage, Kumaraswamy Layout, Bengaluru, Karnataka 560111",https://www.srisaitutorials.com/
"Sky IAS/ KAS/ Group B,/C/ SSC/ Railway/ Banking.||Computer Coaching Academy.",919036940993,SSC/Bank/Rail,Bengaluru,5,30,"99, Sri Sri Sri Shivakumara Swamiji Rd, near Dmart Ready, Kammagondahalli, Jalahalli West, Bengaluru, Karnataka 560015",
IBS Bank Coaching Institute,917022368310,SSC/Bank/Rail,Bengaluru,4.9,368,"1st Floor, AH Arcade, Metro station, 1230/50, 9th Main Rd, near Vijayanagar, SBI Staff Colony, Hoshalli Extension, Stage 1, Vijayanagar, Bengaluru, Karnataka 560040",https://ibsbankexamcoachingbangalore.in/
Competitive Edge,918049500826,SSC/Bank/Rail,Bengaluru,4.8,48,"28, 11th Cross Rd, K.Narayanapura, BDS Nagar, Kothanur, Bengaluru, Karnataka 560077",
Nandi Academy,918073052768,SSC/Bank/Rail,Bengaluru,4.9,117,"R Venugopal Arcade, #105,1st Floor, 1st Main, Club Road, near Metro Station, SBI Staff Colony, Hoshalli Extension, Rod, Vijayanagar, Bengaluru, Karnataka 560040",https://www.nandiacademy.in/
Nandi Coaching Center-Diploma/Diploma CET/BE/SSLC/PUC/KCET/NEET/NAVODAYA tuition,919740488603,SSC/Bank/Rail,Bengaluru,4.7,218,"51/102, 20th, Marenahalli Main Rd, Govindaraja Nagar Ward, PF Layout, Vijayanagar, Bengaluru, Karnataka 560040",http://www.nandicoaching.com/
Rohan's Academy | GMAT Classes Bangalore | CAT Institute in Bangalore | GRE Coaching in Bangalore,917411356664,SSC/Bank/Rail,Bengaluru,4.8,386,"Second Floor, VP Complex, 649, 24th Main Rd, Marenahalli, 1st Phase, J. P. Nagar, Bengaluru, Karnataka 560041",https://www.rohansacademy.com/
T.I.M.E. Koramangala,918861786511,SSC/Bank/Rail,Bengaluru,4.4,222,"No 2, 3rd Floor, 80 Ft Road, 12th Main Rd, above Jana Small Finance Bank, New Friends Colony, 4th Block, Koramangala, Bengaluru, Karnataka 560034",https://www.time4education.com/local/locationcms/location_directors.php?city=Bangalore
"VXplore Academy - Best IAS, KAS, Banking & RRB Coaching Academy",917259969007,SSC/Bank/Rail,Bengaluru,4.9,25,"Shree Veerabadhraswamy Arcade"", Above Mayur Silk #691, 2nd Floor, 1st Main, 11th Cross Rd, Valagerihalli, Subash Nagar, Kengeri Satellite Town, Bengaluru, Karnataka 560060",http://www.vxploreias.in/
Veranda RACE,918861531311,SSC/Bank/Rail,Bengaluru,4,56,"1st Floor, MV Complex, 39, Kothnur Dinne Main Rd, opp. Corporation Bank, Nrupathunga Nagar, JP Nagar 7th Phase, J. P. Nagar, Bengaluru, Karnataka 560062",https://www.verandalearning.com/kannada
Veranda RACE,919566462479,SSC/Bank/Rail,Bengaluru,4.7,40,"No. 25-D Outer Ring Rd, Anand Nagar Chinnapanahalli, near Paradise Biriyani, Anand Nagar, Aswath Nagar, Marathahalli, Bengaluru, Karnataka 560037",https://verandarace.com/branches/marathahalli
Summit Careers,919880479797,SSC/Bank/Rail,Bengaluru,4.5,43,"Summit Careers.529 10th Main, 36th Cross Rd, below Namdhari Fresh, 4th Block, 5th Block, Jayanagar, Bengaluru, Karnataka 560041",https://www.mysummitcareers.com/
"Career Launcher Koramangala Classes for CAT | MBA-CET | SNAP | IPMAT | CUET | BBA Entrance Coaching, CLAT Coaching",917899736711,SSC/Bank/Rail,Bengaluru,4.4,156,"363, 3rd Floor, 1st Main Rd, opposite Corner House, KHB Colony, 7th Block, Koramangala, Bengaluru, Karnataka 560095",https://www.careerlauncher.com/bangalore/?utm_source=gmb-bangalore-koramangala&utm_medium=organic&utm_campaign=gmb_koramangala
T.I.M.E. Jayanagar,918861786508,SSC/Bank/Rail,Bengaluru,4.3,272,"2nd floor, RK commercial, No.1101, 24th Main Rd, above Nandana Palace Restaurant, TMC Layout, 1st Phase, J. P. Nagar, Bengaluru, Karnataka 560041",https://www.time4education.com/bangalorecatol/
Ncg competitive institute,918296948459,SSC/Bank/Rail,Bengaluru,4.8,146,"11th Cross Rd, Govindaraja Nagar Ward, MC Layout, Vijayanagar, Bengaluru, Karnataka 560040",https://www.ncgcompetitiveinstitute.com/
TRICEx | Civil Applied Programs - AE/JE | KPSC | KEA | SSC | RRB | IBPS | AAI | GATE | IES | UPSC | PSU | Software Training,919845637278,SSC/Bank/Rail,Bengaluru,4.9,147,"376, 3rd floor, Metro station, 15th Main Rd, near Vijay Nagar, CHBS Layout, MC Layout, Vijayanagar, Bengaluru, Karnataka 560040",https://tricex.org/
"IMS Koramangala - Leader in CAT (Classroom, Online & Hybrid), CLAT, IPM-BBA, GMAT, GRE, SAT Preparation, Admission Consulting",919900045032,SSC/Bank/Rail,Bengaluru,4.6,250,"4, SV Towers, 1st Floor, Krishna Nagar, Hosur Main Road, above Axis Bank & Yamaha Showroom, Koramangala Industrial Layout, Koramangala, Bengaluru, Karnataka 560030",
"Spardha Mithra IAS Academy - Best UPSC, KPSC Coaching Center in Bengaluru",919535111188,SSC/Bank/Rail,Bengaluru,4,187,"metro station, 3417/15, Service Rd, opposite maruthi medicals, near attiguppe, Govindaraja Nagar Ward, Basaveshwara HBCS Layout, Vijayanagar, Bengaluru, Karnataka 560040",http://spardhamithra.in/
Sri Spardha Academy Vajarahalli,919901731785,SSC/Bank/Rail,Bengaluru,5,19,"587, 3rd Floor , 100 Feet Rd, Dwarakanagar, opposite Mariya Mart, Vajarahalli, Talaghattapura, Bengaluru, Karnataka 560062",https://srispardhaacademy.com/
Sadhana Academy For Civil Services(Jnana Sadhana),919110422335,SSC/Bank/Rail,Bengaluru,4.1,93,"Sadhana academy, Club road, 1953, 1st Main Rd, Hosahalli Extension, Vijayanagar, Bengaluru, Karnataka 560104",
Asha Chandra Academy for Banking and other competitive exams,919731538480,SSC/Bank/Rail,Bengaluru,4.5,35,"Davanam Sarovar Portico Hotel, 428, 4th floor, Davanam Golden Square Prime, opposite Madiwala Police Station, Sidharata Colony, Santhosapuram, 2nd Block, Koramangala, Bengaluru, Karnataka 560068",https://www.ashachandraacademy.com/
PushpaGanga Academy for Competitive Examinations,919886864955,SSC/Bank/Rail,Bengaluru,5,105,"633/62, 5th Main, 13th Cross Rd, Prakash Nagar, Govindaraja Nagar Ward, MC Layout, Vijayanagar, Bengaluru, Karnataka 560040",http://www.pushpaganga.com/
T.I.M.E,918861786509,SSC/Bank/Rail,Bengaluru,4.7,283,"Aditya Arcade Door #328, 3rd A Cross Road 1st Stage, HIG, Sector A, Yelahanka Satellite Town, Yelahanka, Bengaluru, Karnataka 560106",https://www.time4education.com/bangalorecatol/
"T.I.M.E. Malleshwaram - CAT,GMAT,GRE,MAT,BANK,IPM,CLAT",918861786517,SSC/Bank/Rail,Bengaluru,4.3,283,"Ground floor, Soundarya Paramount Commercial Complex, 5th Cross Rd, Sangeetha Apts, circle, Malleshwaram, Bengaluru, Karnataka 560003",https://www.time4education.com/bangalorecatol/
Career Launcher Malleshwaram,917899111137,SSC/Bank/Rail,Bengaluru,4.6,375,"3rd Floor Above Kamat Hotel, Titan world building, Flower Market, Sampige Rd, opposite to Malleswaram, Vyalikaval, Kodandarampura, Malleshwaram, Bengaluru, Karnataka 560003",https://www.careerlauncher.com/bangalore/?utm_source=gmb-bangalore-malleshwaram&utm_medium=organic&utm_campaign=gmb_malleshwaram
IMS Marathahalli,919900045035,SSC/Bank/Rail,Bengaluru,4.7,346,"No. 20, Krishna Shine, 3rd Floor, State Bank of India Building, Marthahalli ORR Junction, Landmark:, SBI Building, HAL Old Airport Rd, Subbaiah Reddy Colony, Aswath Nagar, Marathahalli, Bengaluru, Karnataka 560037",https://www.imsindia.com/
IBPS PO SBI PO Banking clerical Coaching in Bangalore,919845603409,SSC/Bank/Rail,Bengaluru,3.7,3,"3rd Floor, RTNagar Main Road, opp. Govt Post Office, Giddappa Block, Ganganagar, Bengaluru, Karnataka 560032",
Plutus Academy,919663693122,SSC/Bank/Rail,Bengaluru,3.3,7,"402, 4th Floor, Lucky Paradise, 22nd crossing road , 8th ""F"" Main Road,, 3rd Block , Jainagar East, Jainagar, Jayanagar 3rd Block, Jayanagar, Bengaluru, Karnataka 560011",http://plutusacademy.com/
SINHAL CLASSES - Bangalore,918884999484,SSC/Bank/Rail,Bengaluru,4.6,82,"1st Floor, 1710, Service Rd, above RV BAJAJ Showroom, behind मारुति मंदिर, Govindaraja Nagar Ward, PF Layout, Vijayanagar, Bengaluru, Karnataka 560040",https://www.sinhalclasses.com/bangalore
BReT Solutions,917259028987,SSC/Bank/Rail,Bengaluru,4.7,12,"Manipal Centre, S-206, Dickenson Rd, South Block, Yellappa Garden, Yellappa Chetty Layout, Sivanchetti Gardens, Bengaluru, Karnataka 560042",http://www.brets.in/
Himalai IAS| KAS| Rajajinagar,919742692750,SSC/Bank/Rail,Bengaluru,4.1,60,"1st floor, 7th main, 458/A27/1, ESI Hospital Main Rd, near Vijaya bank, near old police station bus stop, 4th Block, Rajajinagar, Bengaluru, Karnataka 560010",https://himalaigroup.com/?utm_source=gmb&utm_medium=organic
NEZA (National Excellencez Academy),919902404993,SSC/Bank/Rail,Bengaluru,4.7,44,"91, Ground Floor, 60 Feet Road, Govindaraja Nagar Ward, Maruthi Nagar, Chandra Layout, Bengaluru, Karnataka 560040",http://www.neza.in/
"SILICA BTM Layout - Best Coaching Classes for NID, NIFT, NATA, CEED, UCEED",918660191114,SSC/Bank/Rail,Bengaluru,4.8,163,"2nd Floor, Manikant,Building, No: 73, 100 Feet Ring Rd, II Stage, BTM Layout 2nd Stage, BTM Layout, Bengaluru, Karnataka 560029",https://silica.co.in/
"Sri Spardha Academy - Best Coaching for PSI,FDA,SDA,KAS,PDO and other Competitive exams in Bangalore. Library/Study Centre",919980244099,SSC/Bank/Rail,Bengaluru,4.8,145,"No 434, 1st floor, 17th Main Rd, KHB Colony, 5th Block, Koramangala, Bengaluru, Karnataka 560095",https://www.srispardhaacademy.com/
Sakha - Kumarapark,919741456116,SSC/Bank/Rail,Bengaluru,4.9,185,"101, Railway Parallel Rd, Kumara Park West, Seshadripuram, Bengaluru, Karnataka 560020",https://yoursakha.me/
Elite Edu Experts | Tutorials | Tuitions in Nandini layout | ಎಲೈಟ್ ಎಜು ಎಕ್ಸ್‌ಪರ್ಟ್ಸ್ | ಟುಟೋರಿಯಲ್ಸ್ | ಟೂಷನ್ಸ್ ಇನ್ ನಂದಿನಿ ಲೇಔಟ್,919558833776,SSC/Bank/Rail,Bengaluru,4.9,81,"2nd Floor, 175, near Dr. Rajkumar Memorial Hall, Railway Men's Colony, Ramakrishna Nagar, Nandini Layout, Bengaluru, Karnataka 560096",https://miniwebpage.in/Elite-Edu-Experts
JSS Training Institute for Competitive Examinations,919845055718,SSC/Bank/Rail,Bengaluru,4.3,90,"1st Main, 2nd Floor, 38th Cross, 8th Block, JSS Circle, Jaya Nagar, 7th Block, Jayanagar, Bengaluru, Karnataka 560070",http://jsstice.in/
"Physics Wallah Vidyapeeth Offline Coaching Centre, Whitefield, Bangalore | IIT JEE, NEET, Foundation Classes",918047492167,SSC/Bank/Rail,Bengaluru,4.6,297,"4th Floor, 710, Napa East building, Varthur Main Rd, BEML Layout, Whitefield, Bengaluru, Karnataka 560066",https://www.pw.live/offline-centres/batches/vidyapeeth/bengaluru-ka/bengaluru---whitefield-vidyapeeth-175890
"J K SHAH CLASSES – Trusted CA Coaching Center | Best CA, CS, US CMA, ACCA, CPA Classes in Bangalore",919972911065,SSC/Bank/Rail,Bengaluru,4.3,357,"119, Sylvestra Arcade, 2nd floor, 11th Cross, Sylvestra Arcade, E Park Rd, Malleshwaram, Bengaluru, Karnataka 560003",https://admissions.jkshahclasses.com/karnataka/
GRACE IAS,917899678279,SSC/Bank/Rail,Bengaluru,4.8,158,"3rd floor, 95, 60 feet main road, near HP Petrol bunk, near KFC, Govindaraja Nagar Ward, Maruthi Nagar, Chandra Layout, Bengaluru, Karnataka 560040",https://www.graceias.com/
Spardha Arivu Academy,919008496009,SSC/Bank/Rail,Bengaluru,5,61,"3rd floor,#120, GG hall, main road, BCC, Chandra Layout, Bengaluru, Karnataka 560040",https://www.spardhaarivu.in/
"EduShaale Online Coaching For Digital SAT, Advanced Placement, American College Testing (Overseas Education Consultants)",919019525923,SSC/Bank/Rail,Bengaluru,4.8,41,"241, 1st Cross Rd, Gokula 1st Stage, BK Nagar, Yeswanthpur, Bengaluru, Karnataka 560096",http://www.edushaale.com/
Pre-Examination Training Centre,918022207784,SSC/Bank/Rail,Bengaluru,4.3,40,"16/J, Kaverappa Layout, Vasanth Nagar, Bengaluru, Karnataka 560001",https://swdservices.karnataka.gov.in/IGCCD
SMART ACADEMICS - Computer Training Institute,919686767671,SSC/Bank/Rail,Bengaluru,4.6,227,"67, Ullal Main Rd, near SBI Bank, Jnanajyothinagar, Jnananjyothinagar, Railway Layout, Jnana Ganga Nagar, Bengaluru, Karnataka 560056",
Sterling Education - Bank | SSC | CAT Exams Coaching in Jaipur,919680410911,SSC/Bank/Rail,Jaipur,4.9,319,"1/1227, Surya Market, Sector 1, Malviya Nagar, Jaipur, Rajasthan 302017",https://www.sterlingeducation.co.in/
Career Target Classes (CTC) - BEST SSC COACHING IN JAIPUR | SSC | RAILWAY | CGL | CHSL | BANK PO,918058933397,SSC/Bank/Rail,Jaipur,5,257,"Gurjar Ki Thadi, 37, New Sanganer Rd, Katewa Nagar, Devi Nagar, Shyam Nagar, Jaipur, Rajasthan 302019",https://careertargetclasses.in/
V First Coaching,917300053424,SSC/Bank/Rail,Jaipur,5,191,"V FIRST, New Light Colony, Bajaj Nagar, Jaipur, Rajasthan 302018",
"Choudhary Classes Jaipur- SSC, Banking, Railway Coaching",919667494919,SSC/Bank/Rail,Jaipur,4.5,128,"Gopalpura Bypass Rd, Vasant Vihar, Gopal Pura Mode, Jaipur, Rajasthan 302018",https://choudharyclasses.in/
Kalam SSC Coaching Jaipur,917877761170,SSC/Bank/Rail,Jaipur,4.8,23,"Triveni Circle, Gopalpura Bypass Rd, Dayal Nagar, Gopal Pura Mode, Jaipur, Rajasthan 302020",https://sites.google.com/view/kalamacademyssc
JEC GURUKUL,919352181818,SSC/Bank/Rail,Jaipur,4.9,291,"Gali no -3, 204-205, Goner phatak, behind Geeta global school, Saraswati Vihar, Sitapura, Jaipur, Rajasthan 302022",https://jecjaipur.com/
Mahendra's Institute - Jaipur for Banking SSC State Exam Railway Teaching and CUET,917240062274,SSC/Bank/Rail,Jaipur,4.2,317,"143, Himmat Nagar Rd, Indra Nagar, Basant Vihar, Gopal Pura Mode, Jaipur, Rajasthan 302018",https://branch.mahendras.org/jaipur-37928/home?utm_source=GBP
"PW Govt Exam Wallah Jaipur | SSC, Bank, Railway, Police and Other State Exams Coaching Center",917428777412,SSC/Bank/Rail,Jaipur,4.6,180,"Shop No. 23,24, 1st & 2nd Floor, Gopalpura Bypass Rd Neart Triveni, 25, Puliya, Vishveshvariya Nagar, Arjun Nagar, Jaipur, Rajasthan 302018",https://www.pw.live/offline-centres/batches/govt-wallah/jaipur-rj/jaipur-government_gopalpura-414027
divyadrishti classes jaipur,919530262727,SSC/Bank/Rail,Jaipur,4.8,317,"RIDHI SIDHI, SP -01, Gangaram nagar Jaipur, Mangal Vihar, Shri Gopal Nagar, Gopal Pura Mode, Jaipur, Rajasthan 302015",https://divyadrishti.in/
Study Xpress Jaipur,918961189005,SSC/Bank/Rail,Jaipur,4.5,42,"B 31-A, Gopalpura Bypass Rd, near Ridhi Sidhi Crossing, 10 B Scheme, Vishveshvariya Nagar, Arjun Nagar, Jaipur, Rajasthan 302018",https://studyxpress.in/
AVC,919352068139,SSC/Bank/Rail,Jaipur,4.8,70,"C-155, Vaishali Marg, Block C, Vaishali Nagar, Jaipur, Rajasthan 302021",http://www.amitvijayclasses.com/
Careerwill Offline Jaipur,919910180054,SSC/Bank/Rail,Jaipur,4.7,71,"B-200, Gopalpura Bypass Rd, opposite Bhandari Hospital & Research Centre, Basant Bahar Colony, Mode, Gopal Pura Mode, Jaipur, Rajasthan 302018",
Class24 HQ,917849841445,SSC/Bank/Rail,Jaipur,4.6,65,"4th Floor, 307, Landmark, Gautam Marg, opp. pantaloons showroom, Gom Defence Colony, Vaishali Nagar, Jaipur, Rajasthan 302021",https://www.class24.study/
"T.I.M.E. Coaching – Malviya Nagar Jaipur | CAT, CLAT, CUET, CMAT, BBA",911412721308,SSC/Bank/Rail,Jaipur,4.4,335,"1st Floor, M.E. Building, Sector 7 Malviya Nagar Rd, opp. Hotel Lalit, T.I, Sector 7, Malviya Nagar, Jaipur, Rajasthan 302017",http://www.time4education.com/jaipur
Mother’s Education Hub – Best SSC Coaching Institute,917073909991,SSC/Bank/Rail,Jaipur,4.5,43,"Mother’s Tower, J-2, Tonk Rd, Puliya, Himmat Nagar, Gopal Pura Mode, Jaipur, Rajasthan 302018",https://motherseducationhub.org/
Mother's Education Hub Jhotwara,917073909992,SSC/Bank/Rail,Jaipur,4.2,128,"2nd Floor, Kanta Rd, above Bank of Maharashtra Kanta Chauraha, Chouraha, Sindhi Colony, Jhotwara, Jaipur, Rajasthan 302012",https://motherseducationhub.org/branch/jaipur-jhotwara
Goyals education hub,919680935687,SSC/Bank/Rail,Jaipur,4.9,61,"Vijay tower, kanta chouraha, Kalwar Rd, Ridhi Sidhi Nagar, Awadhpuri, Jhotwara, Jaipur, Rajasthan 302012",
SSC - HUB,919672717072,SSC/Bank/Rail,Jaipur,4.7,14,"VQ6W+WF5, Himmat Nagar Rd, Indra Nagar, Gopalpura, Basant Vihar, Bajaj Nagar, Jaipur, Rajasthan 302018",
Devotion Institute,919460213433,SSC/Bank/Rail,Jaipur,4.8,89,"Basement, JKJ Jewellers Building, Gandhi Nagar Mode, Tonk Rd, Ojha Ji Ka Bagh, Gandhi Nagar, Jaipur, Rajasthan 302015",
"Atal Classes & Library - Best SSC, Railway, BSTC, CET, LDC & COMPETITEV Coaching & Library in Jaipur",919509732974,SSC/Bank/Rail,Jaipur,4.9,311,"94/07, Madhyam Marg, Vijay Path, Ward 27, Sector 9, Mansarovar, Jaipur, Rajasthan 302020",
Pankaj Coaching Center,919314213544,SSC/Bank/Rail,Jaipur,4.9,278,"2nd Floor, N M C Complex, 97-99, Kanwatia Cir, Sector 1, Ram Nagar, Shastri Nagar, Jaipur, Rajasthan 302016",http://www.pankajcoachingcenter.com/
R. K. Steno & Typing Classes,919549306358,SSC/Bank/Rail,Jaipur,4.9,396,"19, Katewa Nagar, Metro piller, 69, New Sanganer Rd, Nakshtra Villa Rail Nagar, Devi Nagar, Gurjar Ki Thadi, Jaipur, Rajasthan 302019",
IBT Coaching Jaipur,917004483733,SSC/Bank/Rail,Jaipur,4.1,36,"Plot No. 26, near Govt. dispensary, Telephone Colony, Barkat Nagar, Tonk Phatak, Jaipur, Rajasthan 302015",https://www.ibtindia.com/ssc-coaching-in-jaipur
Mother's Education Hub,917073909993,SSC/Bank/Rail,Jaipur,3.5,74,"94/13, 2nd Floor, Vijay Path, Madhyam Marg, above Bank Of Baroda Branch, Ward 27, Sector 9, Mansarovar, Jaipur, Rajasthan 302020",http://motherseducationhub.org/
Passkey Coaching Jaipur,919694328211,SSC/Bank/Rail,Jaipur,4.9,343,"Plot No 18 Raghunath Puri 1st Main Shyopur Road, Tonk Rd, near Pinjrapol Goshala, Sanganer, Maruti Nagar, Jaipur, Rajasthan 302033",
"Adda247 Jaipur (Offline Center) | SSC, Bank, Railway, Police,UGC NET/JRF , Cuet-UG/PG and other State Exams Coaching Center",919220407247,SSC/Bank/Rail,Jaipur,4.8,23,"Harsh Tower, Triveni Chauraha, Plot No. 08, Vishveshvariya Nagar, Gopal Pura Mode, Jaipur, Rajasthan 302015",https://www.adda247.com/
Sawan's Institute of English Language,918766157007,SSC/Bank/Rail,Jaipur,4.7,206,"Shiv Sadan, A-143, 80 Feet Rd, opp. O.P. Jewellers, Mahesh Nagar, Gopal Pura Mode, Jaipur, Rajasthan 302015",http://www.sawanenglish.com/
Vivekanand coaching classes (2),918387024187,SSC/Bank/Rail,Jaipur,5,21,"Near Genius school ,sirsi road, panchyawala, near alankar college In front of 4g tower (500m away from sirsi, puliya, 500m from sirsi, puliya, Panchyawala, w, Jaipur, Rajasthan 302012",https://vivekanandcoachingclasses.com/
Pride Defence Academy - NDA coaching in Jothwara | National Defence Academy Coaching near me at Jothwara Jaipur,918003540124,SSC/Bank/Rail,Jaipur,4.9,215,"Ground Floor, Morija House Main, Kanta chouraha, Laxmi Nagar III, Jagannath Puri, Suraj Nagar, Jhotwara, Jaipur, Rajasthan 302012",
DHINWAL CAREER INSTITUTE,918302732900,SSC/Bank/Rail,Jaipur,5,41,"Plot no 531, Sec 1, Chitrakoot Marg, Vaishali Nagar, Jaipur, Rajasthan 302021",
T.I.M.E. Civil lines centre,911414008056,SSC/Bank/Rail,Jaipur,4.2,291,"201, Ground Floor, Anchor Mall, Ajmer Rd, near Petrol Pump Hanuman ji temple, Madrampur, Civil Lines, Jaipur, Rajasthan 302006",http://www.time4education.com/jaipur
Aryabhatta Career Academy,919351322643,SSC/Bank/Rail,Jaipur,4,95,"Plot 30 Shanti Path Near Pnb Bank & Chouraha Gopalpura Bye pass Jaipur,, Vishveshvariya Nagar, Triveni Nagar, Jaipur, Rajasthan 302018",
Examiner Academy,918308164995,SSC/Bank/Rail,Jaipur,4.9,182,"Morija House, Kanta chouraha, Laxmi Nagar III, Jagannath Puri, Suraj Nagar, Jhotwara, Jaipur, Rajasthan 302012",
BEWAL CLASSES,919024080855,SSC/Bank/Rail,Jaipur,4.7,223,"LG-6, MANGLAM, Ridhi-Sidhi Crossing, JAIPUR ELECTRONIC MARKET, Gopalpura Bypass Rd, Mohan Nagar, Triveni Nagar, Arjun Nagar, Jaipur, Rajasthan 302018",https://gobsonline.com/
"T.I.M.E. Coaching – Vaishali Nagar Jaipur ( BBA, CAT, CLAT, NMAT, CUET )",911414032954,SSC/Bank/Rail,Jaipur,4.4,177,"9B, RSEB Officers Colony, Opp. Inox Cinema, Gautam Marg, D - Block, Vaishali Nagar, RSEB Colony, D - Block, Vaishali Nagar, Jaipur, Rajasthan 302021",http://www.time4education.com/
"Pratham Test Prep Jaipur (CLAT Coaching, IPMAT Coaching, CUET, CAT Coaching Institute)",919625217605,SSC/Bank/Rail,Jaipur,4.9,124,"2nd Floor, Plot No 7, Gopalpura Bypass Rd, above Bank of Baroda Branch, Krishna Vihar, Agrasen Nagar, Gopal Pura Mode, Jaipur, Rajasthan 302018",https://www.prathamonline.com/contact-us.php
Maa Gayatri Institute,917891451100,SSC/Bank/Rail,Jaipur,4.8,294,"4thF(B) Coaching Hub, T-2, Sector 16, Pratap Nagar, Jaipur, Rajasthan 302033",https://www.mgiclasses.com/
Kojaram Academy | IAS RAS UPSC RPSC SSC Railway Bank Coaching in Pratap Nagar Jaipur,919314276190,SSC/Bank/Rail,Jaipur,4.9,90,"AKT/ORS /G-1.I, Tower-1, 5th-F-b, Coaching hub, Haldighati Marg, near Coaching Hub, Sector 16, Pratap Nagar, Jaipur, Rajasthan 302033",https://kojaramiasacademy.com/
"HK Classes- CA,CMA,CS, BCOM,BCA,BSC, SSC, Bank Exam ,Tally & GST, Computer Classes, RSCIT, 9th,10th,11th,12th All subjects",919828199920,SSC/Bank/Rail,Jaipur,5,191,"5,6 Ravan Gate, Main, Kalwar Rd, near Hotel Kiwi Palace, Jagdamba Nagar, Harnathapura, Jhotwara, Jaipur, Rajasthan 302012",https://www.himanshukhandelwal.com/
"T.I.M.E. Coaching Mansarovar Branch, Jaipur - Coaching For BBA And MBA",911414795479,SSC/Bank/Rail,Jaipur,4.8,32,"2nd Floor, 51/21, Landmark :, METRO MAS HOSPITAL, Shipra Path, opp. Technology Park, Ward 27, Mansarovar Sector 5, Mansarovar, Jaipur, Rajasthan 302020",https://www.time4education.com/jaipur
Success Mantra Classes,919785336470,SSC/Bank/Rail,Jaipur,4.8,179,"oppo. SBI bank, Jagdish Vihar II, A-12, Mayapuri, Jagatpura, Jaipur, Rajasthan 302017",
Mothers Education Hub,919414748428,SSC/Bank/Rail,Jaipur,3.7,220,"1, near Gatta Puliya, Jawahar Nagar, Joshi ji ka bagh, Bajaj Nagar, Jaipur, Rajasthan 302018",http://motherseducationhub.org/
Kartik Competition Academy,919549303736,SSC/Bank/Rail,Jaipur,4.9,279,"Ploat No.61c, near UCO bank, Jagdish Colony, Ramgarhmode, Kagdiwara, batti, Jaipur, Rajasthan 302002",https://classplusapp.com/w/kratikascompetitionacademy
"SuperGrads Coaching Center [IPMAT,CAT & CUET]",919109108430,SSC/Bank/Rail,Jaipur,4.8,113,"S-17, Nandkishore Parikh Marg, above ICICI Bank, Bapu Nagar, Jaipur, Rajasthan 302015",https://www.toprankers.com/ipmat-coaching-in-jaipur
The नेशन एकेडमी,919571459911,SSC/Bank/Rail,Jaipur,4.9,43,"Near, gurjar ki thadi, 128, Gopalpura Bypass Rd, opp. Hyundai showroom, Sultan Nagar, Santi Nagar, Narendra Nagar, Jaipur, Rajasthan 302019",http://thenationacademy.com/
YUWAM EDUCATION PVT. LTD.,917073999035,SSC/Bank/Rail,Jaipur,4.1,56,"B-62,63, Yuwam Institute, Near Dena Bank Ambabari Shopping Center, Ambabari, Ambabari, Vidyadhar Nagar, Jaipur, Rajasthan 302039",http://www.yuwam.edu.in/
Abhivyakti Coaching,919828413517,SSC/Bank/Rail,Jaipur,4.4,236,"VQ8P+H4R, 10-B Scheme, Agrasen Nagar, Gopal Pura Mode, Jaipur, Rajasthan 302018",
Singhal Law Classes- Best Law Classes in Jaipur,919887251211,SSC/Bank/Rail,Jaipur,4.9,176,"Adarsh Market, Gali, Street No. 23, Telephone Colony, Bank Colony, Tonk Phatak, Jaipur, Rajasthan 302015",https://www.singhallawclasses.com/
DUROMIND,919818337042,SSC/Bank/Rail,Jaipur,4.4,97,"A2, Calgiri Marg, opp. Calgiri Eye Hospital, Sector 1, Malviya Nagar, Jaipur, Rajasthan 302017",https://duromind.com/
Jyoti Judiciary Coaching - Rjs Coaching in jaipur,919929096546,SSC/Bank/Rail,Jaipur,4.9,266,"B/135, Chitrakoot, near SBI bank, opp. GVD SONI CAFE, Akruti Apartments, Sector - 10, Vaishali Nagar, Jaipur, Rajasthan 302021",http://jyotijudiciary.com/
Maurya Competition Classes,917297992799,SSC/Bank/Rail,Jaipur,4.7,194,"Jagat Vihar, A-15, Jagatpura Fatak, behind PNB Bank, near Tejaji Mandir, Jagatpura, Jaipur, Rajasthan 302017",
Adarsh Coaching & Defence Academy,919929496013,SSC/Bank/Rail,Jaipur,4.9,379,"Coaching hub, Sanganer, Sector 16, Pratap Nagar, Jaipur, Rajasthan 302033",
Karni Defence Academy,918078653286,SSC/Bank/Rail,Jaipur,4.8,343,"Near Lions Lane Mal Godam, Reliance Smart point, Karni Defence Academy, Plot No 1, road, T C Nagar, Kanakpura, Jaipur, Rajasthan 302012",https://www.karnidefenceacademy.in/
S. Vivekanand Competition Centre,917073570529,SSC/Bank/Rail,Jaipur,4.7,193,"B-60, Sahakar Marg, Imli Phatak, Lalkothi, Jaipur, Rajasthan 302005",https://www.facebook.com/s.vivekanand.7
"Kautilya Classes, Jaipur",919982222301,SSC/Bank/Rail,Jaipur,4.4,141,"3, Gopalpura Bypass Rd, near ridhi sidhi, Chhayadip Nagar, Surya Nagar, Gopal Pura Mode, Jaipur, Rajasthan 302015",http://www.kautilyaclasses.com/
SHRI RAM TECHNICAL CLASSES,919782568687,SSC/Bank/Rail,Jaipur,4.2,90,"Ridhi Sidhi, 4A, ROAD, Chhayadip Nagar, Surya Nagar, Gopal Pura Mode, Jaipur, Rajasthan 302015",
Engineers Academy,919887582200,SSC/Bank/Rail,Jaipur,4.5,210,"Ram Nagar 100-102 Pratap Nagar Bambala Pulia Tonk Road , Toll Tax, near Jaipuria Mgt College, Govardhan Nagar, Jaipur, Rajasthan 302033",http://engineersacademy.org/
Jubilant Academy Pvt. Ltd.,919785997500,SSC/Bank/Rail,Jaipur,5,35,"240, Himmat Nagar Gopalpura Mod, Near, Bhaskar Flyover, Himmat Nagar, Bajaj Nagar, Jaipur, Rajasthan 302018",https://jubilantssc.com/
Class24 RPSC,919057143416,SSC/Bank/Rail,Jaipur,4.8,117,"Tanishka Tower, Sheopur Rd, Sanganer, Maruti Nagar, Jaipur, Rajasthan 302033",https://www.class24.study/rpsc-rsmssb-coaching-in-jaipur
CA Anil Sharma Classes,919314504460,SSC/Bank/Rail,Jaipur,4.7,234,"B, 103, Saraswati Marg, opposite Gandhinagar Jaipur Railway Station, Anita Colony, Bajaj Nagar, Jaipur, Rajasthan 302015",https://www.anilsharmaclasses.com/
kvs coaching jaipur,917240344963,SSC/Bank/Rail,Jaipur,4.8,26,"MAURYA COMPETITION CLASSES, in front of Jagatpura Fatak, Mayapuri, Jagatpura, Jaipur, Rajasthan 302017",
Pragya commerce Classes UGC NET JRF,918058195333,SSC/Bank/Rail,Jaipur,4.7,143,"adarsh basti, Railway Over Brg, near govt. dispensary, Telephone Colony, Barkat Nagar, Tonk Phatak, Jaipur, Rajasthan 302015",https://www.commercewallah.co.in/wlp/ugc-net-jrf-
Prince Defence Academy NDA Coaching Centre,918368764220,SSC/Bank/Rail,Jaipur,4.9,166,"P No 10, Bhatte Wali Scheme, Laxmi Nagar III, Jagannath Puri, Suraj Nagar, Jhotwara, Jaipur, Rajasthan 302012",https://www.princedefenceacademy.com/
ExamReady Classes,919799536098,SSC/Bank/Rail,Jaipur,4.8,41,"1st Floor, Lakshya Wellness Center, near Kaata Chouraha, Tara Nagar-A, Tara Nagar, Jhotwara, Jaipur, Rajasthan 302012",https://theexamready.com/
